Entry,Catalyst,SMILES,Activity (g/gCr h),Productivity (g/gCr h),TOF,SC6 (wt%),S1-C6 (wt%),SC8 (wt%),S1-C8 (wt%),1-C6 in C6 (%),1-C8 in C8 (%),"Sα (1-C6 + 1-C8, wt%)",Solids (wt%),Temperature (℃),Pressure,Cr(III),Cr source,Ligand,Solvent,Solvent (ml),Activator,Activator (eq),Time (min),PE (wt%),DOI
1,,COCCN(P(C1=CC=CC=C1)C1=CC=CC=C1)P(C1=CC=CC=C1)C1=CC=CC=C1,,,,61,50.63,31,,83,>90,,,25,1 atm,20,CrCl3(THF)3,1,C6H5Cl,50,MAO,300,90,6,10.1021/om0601596
2,,COCCCN(P(C1=CC=CC=C1)C1=CC=CC=C1)P(C1=CC=CC=C1)C1=CC=CC=C1,,,,62,52.08,34,33.66,84,99,,,25,1 atm,20,CrCl3(THF)3,1,C6H5Cl,50,MAO,300,90,0.5,10.1021/om0601596
3,,COC1=C(N(P(C2=CC=CC=C2)C2=CC=CC=C2)P(C2=CC=CC=C2)C2=CC=CC=C2)C=CC=C1,,,,66,60.06,27,26.19,91,97,,,25,1 atm,20,CrCl3(THF)3,1,C6H5Cl,50,MAO,300,90,0.3,10.1021/om0601596
4,,COC1=C(CN(P(C2=CC=CC=C2)C2=CC=CC=C2)P(C2=CC=CC=C2)C2=CC=CC=C2)C=CC=C1,,,,62,57.66,24,22.32,93,93,,,25,1 atm,20,CrCl3(THF)3,1,C6H5Cl,50,MAO,300,90,<0.1,10.1021/om0601596
,,COC1=C(CN(P(C2=CC=CC=C2)C2=CC=CC=C2)P(C2=CC=CC=C2)C2=CC=CC=C2)C=CC=C1,,,,54,50.22,23,20.24,93,88,,,25,1 atm,20,CrCl3(THF)3,1,C6H5Cl,50,MAO,300,270,<0.1,10.1021/om0601596
,,COC1=C(CN(P(C2=CC=CC=C2)C2=CC=CC=C2)P(C2=CC=CC=C2)C2=CC=CC=C2)C=CC=C1,,,,45,41.4,16,11.68,92,73,,,25,1 atm,20,CrCl3(THF)3,1,C6H5Cl,50,MAO,300,1250,0.2,10.1021/om0601596
,,COC1=C(CN(P(C2=CC=CC=C2)C2=CC=CC=C2)P(C2=CC=CC=C2)C2=CC=CC=C2)C=CC=C1,,,,44,39.6,33,30.69,90,93,,,25,4atm,20,CrCl3(THF)3,1,PhCl,50,MAO,300,90,0.4,10.1021/om0601596
,,COC1=C(CN(P(C2=CC=CC=C2)C2=CC=CC=C2)P(C2=CC=CC=C2)C2=CC=CC=C2)C=CC=C1,,,,16,11.52,29,27.55,72,95,,,25,4atm,20,CrCl3(THF)3,1,toluene,50,MAO,300,90,53,10.1021/om0601596
,,COC1=C(CN(P(C2=CC=CC=C2)C2=CC=CC=C2)P(C2=CC=CC=C2)C2=CC=CC=C2)C=CC=C1,,,,46,41.86,17,13.43,91,79,,,25,1atm,20,CrCl3(THF)3,1,"1,2-C6H4Cl2",50,MAO,300,30h,0.3,10.1021/om0601596
,,COC1=C(CN(P(C2=CC=CC=C2)C2=CC=CC=C2)P(C2=CC=CC=C2)C2=CC=CC=C2)C=CC=C1,,,,39,33.54,29,26.97,86,93,,,25,4atm,20,CrCl3(THF)3,1,"1,2-C6H4Cl2",50,MAO,300,90,1,10.1021/om0601596
,,COC1=C(CN(P(C2=CC=CC=C2)C2=CC=CC=C2)P(C2=CC=CC=C2)C2=CC=CC=C2)C=CC=C1,,,,62,57.66,24,22.32,93,93,,,25,1atm,20,CrCl3(THF)3,1,C6H5Cl,50,MAO,300,90,<0.1,10.1021/om0601596
,,COC1=C(CN(P(C2=CC=CC=C2)C2=CC=CC=C2)P(C2=CC=CC=C2)C2=CC=CC=C2)C=CC=C1,,,,57,52.44,28,26.32,92,94,,,25,2.4atm,20,CrCl3(THF)3,1,C6H5Cl,50,MAO,300,90,0.6,10.1021/om0601596
,,COC1=C(CN(P(C2=CC=CC=C2)C2=CC=CC=C2)P(C2=CC=CC=C2)C2=CC=CC=C2)C=CC=C1,,,,44,39.6,33,30.36,90,92,,,25,4.1atm,20,CrCl3(THF)3,1,C6H5Cl,50,MAO,300,90,0.4,10.1021/om0601596
,,COC1=C(CN(P(C2=CC=CC=C2)C2=CC=CC=C2)P(C2=CC=CC=C2)C2=CC=CC=C2)C=CC=C1,,,,41,35.67,38,36.1,87,95,,,25,6.1atm,20,CrCl3(THF)3,1,C6H5Cl,50,MAO,300,90,0.2,10.1021/om0601596
,,COC1=C(CN(P(C2=CC=CC=C2)C2=CC=CC=C2)P(C2=CC=CC=C2)C2=CC=CC=C2)C=CC=C1,,,,30,24.9,34,31.62,83,93,,,25,8.4atm,8,CrCl3(THF)3,1,C6H5Cl,20,MAO,300,90,0.2,10.1021/om0601596
5,,CC(C)N(P(C1=CC=CC=C1)C1=CC=CC=C1)P(C1=CC=CC=C1)C1=CC=CC=C1,,,,49,47.04,28,25.76,96,92,,,25,4atm,20,CrCl3(THF)3,1,PhCl,50,MAO,300,90,4,10.1021/om0601596
,,CC(C)N(P(C1=CC=CC=C1)C1=CC=CC=C1)P(C1=CC=CC=C1)C1=CC=CC=C1,,,,34,30.26,53,52.47,89,99,,,25,4atm,20,CrCl3(THF)3,1,toluene,50,MAO,300,90,9,10.1021/om0601596
6,,COC1=C(CN(P(C2=CC=CC=C2)C2=CC=CC=C2)P(C2=CC=CC=C2)C2=CC=CC=C2)C=CC=C1,,,,40,36.4,34,31.62,91,93,,,25,4atm,20,CrCl3(THF)3,1,PhCl,50,MAO,300,90,0.2,10.1021/om0601596
,,COC1=C(CN(P(C2=CC=CC=C2)C2=CC=CC=C2)P(C2=CC=CC=C2)C2=CC=CC=C2)C=CC=C1,,,,29,24.36,46,43.7,84,95,,,25,4atm,20,CrCl3(THF)3,1,toluene,50,MAO,300,90,23,10.1021/om0601596
1,,CC(C)N(P(C1=CC=CC=C1)C1=CC=CC=C1)P(C1=CC=CC=C1)C1=CC=CC=C1,13100,,,17.7,17.2575,16.4,15.99,97.5,97.5,33.2,,65,30bar,3.3,Cr(EH)3,1,toluene,100,MAO,300,60,,10.1016/j.jcat.2007.04.009
2,,CN(P(C1=CC=CC=C1)C1=CC=CC=C1)P(C1=CC=CC=C1)C1=CC=CC=C1,26500,,,24.8,9.7712,59,55.519,39.4,94.1,65.3,,65,30bar,3.3,CrCl3(THF)3,1,toluene,100,MAO,300,60,,10.1016/j.jcat.2007.04.009
,,CN(P(C1=CC=CC=C1)C1=CC=CC=C1)P(C1=CC=CC=C1)C1=CC=CC=C1,964000,,,16.4,5.4776,54,51.786,33.4,95.9,57.3,,60,45bar,2.5,Cr(AcAc)3,1.2,methylcyclohexane,100,MMAO-3A,300,30,,10.1016/j.jcat.2007.04.009
3,,C=CCN(P(C1=CC=CC=C1)C1=CC=CC=C1)P(C1=CC=CC=C1)C1=CC=CC=C1,7400,,,22.2,11.9658,53.6,51.7776,53.9,96.6,63.7,,65,30bar,3.3,Cr(EH)3,1,toluene,100,MAO,300,60,,10.1016/j.jcat.2007.04.009
4,,C1=CC=C(P(C2=CC=CC=C2)N(CCCN2CCOCC2)P(C2=CC=CC=C2)C2=CC=CC=C2)C=C1,12900,,,19.2,10.6944,45.4,43.7656,55.7,96.4,54.5,,65,30bar,3.3,Cr(AcAc)3,1,toluene,100,MAO,300,30,,10.1016/j.jcat.2007.04.009
5,,CO[Si](CCCN(P(C1=CC=CC=C1)C1=CC=CC=C1)P(C1=CC=CC=C1)C1=CC=CC=C1)(OC)OC,42500,,,23.5,12.8545,55.2,53.2128,54.7,96.4,66.1,,65,30bar,3.3,Cr(AcAc)3,1,toluene,100,MAO,300,30,,10.1016/j.jcat.2007.04.009
6,,CCCCCN(P(C1=CC=CC=C1)C1=CC=CC=C1)P(C1=CC=CC=C1)C1=CC=CC=C1,43600,,,24.9,13.6203,58.1,56.2408,54.7,96.8,69.9,,65,30bar,3.3,CrCl3(THF)3,1,toluene,100,MAO,300,60,,10.1016/j.jcat.2007.04.009
7,,CCCCCCCCCCN(P(C1=CC=CC=C1)C1=CC=CC=C1)P(C1=CC=CC=C1)C1=CC=CC=C1,50000,,,25.4,13.9446,59,56.935,54.9,96.5,70.9,,65,30bar,3.3,Cr(AcAc)3,1,toluene,100,MAO,300,30,,10.1016/j.jcat.2007.04.009
8,,C1=CC=C(CN(P(C2=CC=CC=C2)C2=CC=CC=C2)P(C2=CC=CC=C2)C2=CC=CC=C2)C=C1,12800,,,28,17.276,60.2,59.0562,61.7,98.1,76.3,,65,30bar,3.3,CrCl3(THF)3,1,toluene,100,MAO,300,180,,10.1016/j.jcat.2007.04.009
,,C1=CC=C(CN(P(C2=CC=CC=C2)C2=CC=CC=C2)P(C2=CC=CC=C2)C2=CC=CC=C2)C=C1,1070000,,,18.8,8.742,63.5,61.722,46.5,97.2,70.5,,60,45bar,2.5,Cr(AcAc)3,1.2,methylcyclohexane,100,MMAO-3A,300,9,,10.1016/j.jcat.2007.04.009
9,,CCCCC(CC)CN(P(C1=CC=CC=C1)C1=CC=CC=C1)P(C1=CC=CC=C1)C1=CC=CC=C1,49200,,,27.3,18.0726,57.3,56.154,66.2,98,74.1,,65,30bar,3.3,Cr(AcAc)3,1,toluene,100,MAO,300,30,,10.1016/j.jcat.2007.04.009
,,CCCCC(CC)CN(P(C1=CC=CC=C1)C1=CC=CC=C1)P(C1=CC=CC=C1)C1=CC=CC=C1,1770000,,,20.2,10.0394,65.3,32.4541,49.7,49.7,73.8,,60,45bar,2.5,Cr(AcAc)3,1.2,methylcyclohexane,100,MMAO-3A,300,18,,10.1016/j.jcat.2007.04.009
10,,CC(C)N(P(C1=CC=CC=C1)C1=CC=CC=C1)P(C1=CC=CC=C1)C1=CC=CC=C1,35100,,,32.7,28.2855,60.6,60.1152,86.5,99.2,88.4,,65,30bar,3.3,CrCl3(THF)3,1,toluene,100,MAO,300,180,,10.1016/j.jcat.2007.04.009
,,CC(C)N(P(C1=CC=CC=C1)C1=CC=CC=C1)P(C1=CC=CC=C1)C1=CC=CC=C1,1950000,,,16.8,12.684,69.5,52.4725,75.5,75.5,81.5,,60,45bar,2.5,Cr(AcAc)3,1.2,methylcyclohexane,100,MMAO-3A,300,17,,10.1016/j.jcat.2007.04.009
11,,CC(C)CCCC(C)N(P(C1=CC=CC=C1)C1=CC=CC=C1)P(C1=CC=CC=C1)C1=CC=CC=C1,11800,,,36.2,29.7202,57.7,57.2384,82.1,99.2,84.7,,65,30bar,3.3,Cr(AcAc)3,1,toluene,100,MAO,300,30,,10.1016/j.jcat.2007.04.009
12,,CCN(P(C1=CC=CC=C1)C1=CC=CC=C1)P(C1=CC=CC=C1)C1=CC=CC=C1,1020000,,,17.5,7.1225,63,61.299,40.7,97.3,68.4,,60,45bar,2.5,Cr(AcAc)3,1.2,methylcyclohexane,100,MMAO-3A,300,30,,10.1016/j.jcat.2007.04.009
13,,C1=CC=C(P(C2=CC=CC=C2)N(C2CCCCC2)P(C2=CC=CC=C2)C2=CC=CC=C2)C=C1,2150000,,,19.4,14.55,68.3,46.6489,75,68.3,82.2,,60,45bar,2.5,Cr(AcAc)3,1.2,methylcyclohexane,100,MMAO-3A,300,16.5,,10.1016/j.jcat.2007.04.009
14,,C1=CC=C(P(C2=CC=CC=C2)N(CC23CC4CC(CC(C4)C2)C3)P(C2=CC=CC=C2)C2=CC=CC=C2)C=C1,2660000,,,20.6,14.7496,67.3,45.2929,71.6,67.3,81.4,,60,45bar,2.5,Cr(AcAc)3,1.2,methylcyclohexane,100,MMAO-3A,300,11,,10.1016/j.jcat.2007.04.009
15,,CC(C)C(C)N(P(C1=CC=CC=C1)C1=CC=CC=C1)P(C1=CC=CC=C1)C1=CC=CC=C1,1920000,,,24.3,20.6793,65.7,43.1649,85.1,65.7,86.1,,60,45bar,2.5,Cr(AcAc)3,1.2,methylcyclohexane,100,MMAO-3A,300,17,,10.1016/j.jcat.2007.04.009
16,,CC(C1CCCCC1)N(P(C1=CC=CC=C1)C1=CC=CC=C1)P(C1=CC=CC=C1)C1=CC=CC=C1,3200000,,,25.1,21.6362,65.5,42.9025,86.2,65.5,86.7,,60,45bar,2.5,Cr(AcAc)3,1.2,methylcyclohexane,100,MMAO-3A,300,11.25,,10.1016/j.jcat.2007.04.009
17,,CC(C)(C)N(P(C1=CC=CC=C1)C1=CC=CC=C1)P(C1=CC=CC=C1)C1=CC=CC=C1,1550000,,,32.5,30.55,58,33.64,94,58,88.3,,60,45bar,2.5,Cr(AcAc)3,1.2,methylcyclohexane,100,MMAO-3A,300,22,,10.1016/j.jcat.2007.04.009
18,,C1=CC=C(P(C2=CC=CC=C2)N(P(C2=CC=CC=C2)C2=CC=CC=C2)C23CC4CC(CC2C4)C3)C=C1,2630000,,,30.8,29.106,59.3,35.1649,94.5,59.3,88.1,,60,45bar,2.5,Cr(AcAc)3,1.2,methylcyclohexane,100,MMAO-3A,300,13,,10.1016/j.jcat.2007.04.009
19,,C[C@H](N(P(C1=CC=CC=C1)C1=CC=CC=C1)P(C1=CC=CC=C1)C1=CC=CC=C1)C(C)(C)C,1480000,,,44.9,43.7326,44.2,19.5364,97.4,44.2,87.7,,60,45bar,2.5,Cr(AcAc)3,1.2,methylcyclohexane,100,MMAO-3A,300,23,,10.1016/j.jcat.2007.04.009
20,,C[C@@H](N(P(C1=CC=CC=C1)C1=CC=CC=C1)P(C1=CC=CC=C1)C1=CC=CC=C1)C(C)(C)C,1360000,,,43.5,42.282,45.6,20.7936,97.2,45.6,87.5,,60,45bar,2.5,Cr(AcAc)3,1.2,methylcyclohexane,100,MMAO-3A,300,25,,10.1016/j.jcat.2007.04.009
21,,C[C@@H](N(P(C1=CC=CC=C1)C1=CC=CC=C1)P(C1=CC=CC=C1)C1=CC=CC=C1)C(C)(C)C,1370000,,,43.3,42.0876,46.1,21.2521,97.2,46.1,87.9,,60,45bar,2.5,Cr(AcAc)3,1.2,methylcyclohexane,100,MMAO-3A,300,24,,10.1016/j.jcat.2007.04.009
22,,C[Si](C)(C)N(P(C1=CC=CC=C1)C1=CC=CC=C1)P(C1=CC=CC=C1)C1=CC=CC=C1,20100,,,16.9,7.605,47.3,22.3729,45,47.3,52.9,,60,45bar,2.5,Cr(AcAc)3,1.2,methylcyclohexane,100,MMAO-3A,300,30,,10.1016/j.jcat.2007.04.009
1,,CC(C)C1=CC(P(C2=CC=CC=C2)C2=CC=CC=C2)=C(P(C2=CC=CC=C2)C2=CC=CC=C2)C=C1,,28700,,46.4,,44.1,,82.2(wt%),,,,85℃,20bar,2.06,Cr(AcAc)3,1.019417476,methylcyclohexane,25,MAO,730,30,,10.1134/S0965544119130036
2,,CC1=CC(P(C2=CC=CC=C2)C2=CC=CC=C2)=C(P(C2=CC=CC=C2)C2=CC=CC=C2)C=C1C,,23900,,48.5,,42.5,,82.8(wt%),,,,85℃,20bar,2.06,Cr(AcAc)3,1.019417476,methylcyclohexane,25,MAO,730,30,,10.1134/S0965544119130036
,,CC1=CC(P(C2=CC=CC=C2)C2=CC=CC=C2)=C(P(C2=CC=CC=C2)C2=CC=CC=C2)C=C1C,,253800,,50.3,,29.7,,86.9(wt%),,,,85℃,20bar,2.06,CrCl3(THF)3,1,methylcyclohexane,25,MAO,730,30,,10.1134/S0965544119130036
3,,COC1=CC(P(C2=CC=CC=C2)C2=CC=CC=C2)=C(P(C2=CC=CC=C2)C2=CC=CC=C2)C=C1O,,83500,,58.4,,30.5,,87.7(wt%),,,,85℃,20bar,2.06,Cr(AcAc)3,1.019417476,methylcyclohexane,25,MAO,730,30,,10.1134/S0965544119130036
,,COC1=CC(P(C2=CC=CC=C2)C2=CC=CC=C2)=C(P(C2=CC=CC=C2)C2=CC=CC=C2)C=C1O,,218300,,54.3,,29.6,,86.8(wt%),,,,85℃,20bar,2.06,CrCl3(THF)3,1,methylcyclohexane,25,MAO,730,30,,10.1134/S0965544119130036
4,,CCOCOC1=CC=CC=C1P(C1=CC=CC=C1)C1=C(P(C2=CC=CC=C2)C2=CC=CC=C2)C=CC=C1,,3700,,38.9,,16.9,,83.2(wt%),,,,85℃,20bar,2.06,Cr(AcAc)3,1.019417476,methylcyclohexane,25,MAO,730,30,,10.1134/S0965544119130036
5,,CCOCC1=CC=CC=C1P(C1=CC=CC=C1)C1=C(P(C2=CC=CC=C2)C2=CC=CC=C2)C=CC=C1,,29700,,92,,3.5,,96.6(wt%),,,,85℃,20bar,2.06,Cr(AcAc)3,1.019417476,methylcyclohexane,25,MAO,730,30,,10.1134/S0965544119130036
,,CCOCC1=CC=CC=C1P(C1=CC=CC=C1)C1=C(P(C2=CC=CC=C2)C2=CC=CC=C2)C=CC=C1,,255500,,55.8,,27.2,,88.6(wt%),,,,85℃,20bar,2.06,CrCl3(THF)3,1,methylcyclohexane,25,MAO,730,30,,10.1134/S0965544119130036
6,,CCOCC1=CC=CC=C1P(C1=CC=CC=C1)C1=C(P(C2=CC=CC=C2)C2=CC=CC=C2)C=C(OC)C(OC)=C1,,36000,,75.5,,14.2,,89.7(wt%),,,,85℃,20bar,2.06,Cr(AcAc)3,1.019417476,methylcyclohexane,25,MAO,730,30,,10.1134/S0965544119130036
7,,COC1=C(P(C2=CC=CC=C2)C2=C(P(C3=CC=CC=C3)C3=CC=CC=C3)C=CC=C2)C2=C(C=CC=C2)C=C1,,230,,91.7,,0.5,,96.8(wt%),,,,85℃,20bar,2.06,Cr(AcAc)3,1.019417476,methylcyclohexane,25,MAO,730,30,,10.1134/S0965544119130036
8,,COC1=C(P(C2=CC=CC=C2)C2=C(P(C3=CC=CC=C3)C3=CC=CC=C3)C=CC(C(C)C)=C2)C2=C(C=CC=C2)C=C1,,5900,,92.1,,0.2,,97.1(wt%),,,,85℃,20bar,2.06,Cr(AcAc)3,1.019417476,methylcyclohexane,25,MAO,730,30,,10.1134/S0965544119130036
9,,C1=CC=C(P(C2=CC=CC=C2)C2=CC=CC=C2P(C2=CC=CC=C2)C2=CC=CC=C2)C=C1,,31400,,46.8,,44.2,,82.7(wt%),,,,85℃,20bar,2.06,Cr(AcAc)3,1.019417476,methylcyclohexane,25,MAO,730,30,,10.1134/S0965544119130036
,,C1=CC=C(P(C2=CC=CC=C2)C2=CC=CC=C2P(C2=CC=CC=C2)C2=CC=CC=C2)C=C1,,33300,,90,,4,,97.3(wt%),,,,85℃,20bar,2.06,CrCl3(THF)3,1,methylcyclohexane,25,MAO,730,30,,10.1134/S0965544119130036
10,,C=C(CP(C1=CC=CC=C1)C1=CC=CC=C1)P(C1=CC=CC=C1)C1=CC=CC=C1,,58100,,57.2,,32.5,,91.4(wt%),,,,85℃,20bar,2.06,Cr(AcAc)3,1.019417476,methylcyclohexane,25,MAO,730,30,,10.1134/S0965544119130036
,,C=C(CP(C1=CC=CC=C1)C1=CC=CC=C1)P(C1=CC=CC=C1)C1=CC=CC=C1,,78500,,55.7,,31.2,,91.2(wt%),,,,85℃,20bar,2.06,CrCl3(THF)3,1,methylcyclohexane,25,MAO,730,30,,10.1134/S0965544119130036
11,,COC1=CC=CC=C1P(C1=CC=CC=C1OC)N(C)P(C1=C(OC)C=CC=C1)C1=C(OC)C=CC=C1,,259300,,88.2,,1.4,,99.6(wt%),,,,85℃,20bar,2.06,Cr(AcAc)3,1.019417476,methylcyclohexane,25,MAO,730,30,,10.1134/S0965544119130036
1,,CCN(CC)P(N(CC)CC)N(C1CCCC1)P(C1=CC=CC=C1)C1=CC=CC=C1,425000,,,41.55,,42.26,,,,,,45℃,1.0 MPa,150,CrCl3(THF)3,1,methylcyclohexane,1000,MMAO-3A,4000,30,0.15,10.1002/aoc.6454
,,CCN(CC)P(N(CC)CC)N(C1CCCC1)P(C1=CC=CC=C1)C1=CC=CC=C1,86538,,,38.45,,53.73,,,,,,30,1.0 MPa,150,CrCl3(THF)3,1,methylcyclohexane,1000,MMAO-3A,4000,30,-,10.1002/aoc.6454
,,CCN(CC)P(N(CC)CC)N(C1CCCC1)P(C1=CC=CC=C1)C1=CC=CC=C1,425000,,,41.55,,42.26,,,,,,45,1.0 MPa,150,CrCl3(THF)3,1,methylcyclohexane,1000,MMAO-3A,4000,30,0.15,10.1002/aoc.6454
,,CCN(CC)P(N(CC)CC)N(C1CCCC1)P(C1=CC=CC=C1)C1=CC=CC=C1,405769,,,58.63,,30.12,,,,,,60,1.0 MPa,150,CrCl3(THF)3,1,methylcyclohexane,1000,MMAO-3A,4000,30,0.08,10.1002/aoc.6454
,,CCN(CC)P(N(CC)CC)N(C1CCCC1)P(C1=CC=CC=C1)C1=CC=CC=C1,200000,,,65.13,,31.17,,,,,,45,1.0 MPa,150,CrCl3(THF)3,1,methylcyclohexane,1000,MMAO-3A,2000,30,-,10.1002/aoc.6454
,,CCN(CC)P(N(CC)CC)N(C1CCCC1)P(C1=CC=CC=C1)C1=CC=CC=C1,36538,,,67.01,,28.07,,,,,,45,1.0 MPa,150,CrCl3(THF)3,1,methylcyclohexane,1000,MMAO-3A,1000,30,0.53,10.1002/aoc.6454
,,CCN(CC)P(N(CC)CC)N(C1CCCC1)P(C1=CC=CC=C1)C1=CC=CC=C1,515385,,,52.76,,30.42,,,,,,45,1.0 MPa,300,CrCl3(THF)3,1,methylcyclohexane,1000,MMAO-3A,2000,30,-,10.1002/aoc.6454
,,CCN(CC)P(N(CC)CC)N(C1CCCC1)P(C1=CC=CC=C1)C1=CC=CC=C1,128846,,,42.67,,40.94,,,,,,45,1.0 MPa,600,CrCl3(THF)3,1,methylcyclohexane,1000,MMAO-3A,2000,30,0.11,10.1002/aoc.6454
,,CCN(CC)P(N(CC)CC)N(C1CCCC1)P(C1=CC=CC=C1)C1=CC=CC=C1,178846,,,19.1,,67.98,,,,,,45,5.0 MPa,150,CrCl3(THF)3,1,methylcyclohexane,1000,MMAO-3A,4000,30,2.81,10.1002/aoc.6454
2,,CCN(CC)P(N(CC)CC)N(C1CCCC1)P(C1=CC=CC=C1)C1=CC=CC=C1,1057692,,,81.41,,5.92,,,,,,45,1.0 MPa,150,CrCl3(THF)3,1,methylcyclohexane,1000,MMAO-3A,4000,30,0.06,10.1002/aoc.6454
,,CCN(CC)P(N(CC)CC)N(C1CCCC1)P(C1=CC=CC=C1)C1=CC=CC=C1,238462,,,84.72,,-,,,,,,30,1.0 MPa,150,CrCl3(THF)3,1,methylcyclohexane,1000,MMAO-3A,2000,30,-,10.1002/aoc.6454
,,CCN(CC)P(N(CC)CC)N(C1CCCC1)P(C1=CC=CC=C1)C1=CC=CC=C1,1142308,,,92.23,,-,,,,,,45,1.0 MPa,150,CrCl3(THF)3,1,methylcyclohexane,1000,MMAO-3A,2000,30,0.15,10.1002/aoc.6454
,,CCN(CC)P(N(CC)CC)N(C1CCCC1)P(C1=CC=CC=C1)C1=CC=CC=C1,959615,,,88.34,,-,,,,,,60,1.0 MPa,150,CrCl3(THF)3,1,methylcyclohexane,1000,MMAO-3A,2000,30,0.09,10.1002/aoc.6454
,,CCN(CC)P(N(CC)CC)N(C1CCCC1)P(C1=CC=CC=C1)C1=CC=CC=C1,1057692,,,81.41,,5.92,,,,,,45,1.0 MPa,150,CrCl3(THF)3,1,methylcyclohexane,1000,MMAO-3A,4000,30,0.06,10.1002/aoc.6454
,,CCN(CC)P(N(CC)CC)N(C1CCCC1)P(C1=CC=CC=C1)C1=CC=CC=C1,25000,,,97.71,,-,,,,,,45,1.0 MPa,150,CrCl3(THF)3,1,methylcyclohexane,1000,MMAO-3A,1000,30,0.1,10.1002/aoc.6454
,,CCN(CC)P(N(CC)CC)N(C1CCCC1)P(C1=CC=CC=C1)C1=CC=CC=C1,1200000,,,73.56,,6.11,,,,,,45,1.0 MPa,300,CrCl3(THF)3,1,methylcyclohexane,1000,MMAO-3A,2000,30,0.04,10.1002/aoc.6454
,,CCN(CC)P(N(CC)CC)N(C1CCCC1)P(C1=CC=CC=C1)C1=CC=CC=C1,711538,,,70.7,,3.35,,,,,,45,1.0 MPa,600,CrCl3(THF)3,1,methylcyclohexane,1000,MMAO-3A,2000,30,0.14,10.1002/aoc.6454
,,CCN(CC)P(N(CC)CC)N(C1CCCC1)P(C1=CC=CC=C1)C1=CC=CC=C1,1596154,,,63.47,,23.04,,,,,,45,5.0 MPa,150,CrCl3(THF)3,1,methylcyclohexane,1000,MMAO-3A,2000,30,2.57,10.1002/aoc.6454
3,,CC(C)N(C(C)C)P(N(C(C)C)C(C)C)N(C1CCCC1)P(C1=CC=CC=C1)C1=CC=CC=C1,151923,,,96.93,,-,,,,,,45,1.0 MPa,150,CrCl3(THF)3,1,methylcyclohexane,1000,MMAO-3A,4000,30,0.49,10.1002/aoc.6454
,,CC(C)N(C(C)C)P(N(C(C)C)C(C)C)N(C1CCCC1)P(C1=CC=CC=C1)C1=CC=CC=C1,71154,,,95.74,,-,,,,,,30,1.0 MPa,150,CrCl3(THF)3,1,methylcyclohexane,1000,MMAO-3A,4000,30,0.07,10.1002/aoc.6454
,,CC(C)N(C(C)C)P(N(C(C)C)C(C)C)N(C1CCCC1)P(C1=CC=CC=C1)C1=CC=CC=C1,151923,,,96.93,,-,,,,,,45,1.0 MPa,150,CrCl3(THF)3,1,methylcyclohexane,1000,MMAO-3A,4000,30,0.49,10.1002/aoc.6454
,,CC(C)N(C(C)C)P(N(C(C)C)C(C)C)N(C1CCCC1)P(C1=CC=CC=C1)C1=CC=CC=C1,98076,,,96.63,,-,,,,,,60,1.0 MPa,150,CrCl3(THF)3,1,methylcyclohexane,1000,MMAO-3A,4000,30,0.25,10.1002/aoc.6454
,,CC(C)N(C(C)C)P(N(C(C)C)C(C)C)N(C1CCCC1)P(C1=CC=CC=C1)C1=CC=CC=C1,111538,,,97.76,,-,,,,,,45,1.0 MPa,150,CrCl3(THF)3,1,methylcyclohexane,1000,MMAO-3A,2000,30,0.44,10.1002/aoc.6454
,,CC(C)N(C(C)C)P(N(C(C)C)C(C)C)N(C1CCCC1)P(C1=CC=CC=C1)C1=CC=CC=C1,21154,,,95.69,,-,,,,,,45,1.0 MPa,150,CrCl3(THF)3,1,methylcyclohexane,1000,MMAO-3A,1000,30,0.3,10.1002/aoc.6454
,,CC(C)N(C(C)C)P(N(C(C)C)C(C)C)N(C1CCCC1)P(C1=CC=CC=C1)C1=CC=CC=C1,148077,,,94.27,,-,,,,,,45,1.0 MPa,300,CrCl3(THF)3,1,methylcyclohexane,1000,MMAO-3A,4000,30,0.32,10.1002/aoc.6454
,,CC(C)N(C(C)C)P(N(C(C)C)C(C)C)N(C1CCCC1)P(C1=CC=CC=C1)C1=CC=CC=C1,125000,,,92.6,,-,,,,,,45,1.0 MPa,600,CrCl3(THF)3,1,methylcyclohexane,1000,MMAO-3A,4000,30,0.19,10.1002/aoc.6454
,,CC(C)N(C(C)C)P(N(C(C)C)C(C)C)N(C1CCCC1)P(C1=CC=CC=C1)C1=CC=CC=C1,94231,,,62.28,,11.23,,,,,,45,5.0 MPa,150,CrCl3(THF)3,1,methylcyclohexane,1000,MMAO-3A,4000,30,3.57,10.1002/aoc.6454
1,,CCCCCCCCCCCCCCN(CCC(=O)NCCN(P(C1=CC=CC=C1)C1=CC=CC=C1)P(C1=CC=CC=C1)C1=CC=CC=C1)CCC(=O)NCCN(P(C1=CC=CC=C1)C1=CC=CC=C1)P(C1=CC=CC=C1)C1=CC=CC=C1,788,,,35.39,,18.24,,,,,,25,0.5MPa,2,CrCl3(THF)3,1,Toluene,50,MAO,100,30 min,,10.1002/aoc.5904
,,CCCCCCCCCCCCCCN(CCC(=O)NCCN(P(C1=CC=CC=C1)C1=CC=CC=C1)P(C1=CC=CC=C1)C1=CC=CC=C1)CCC(=O)NCCN(P(C1=CC=CC=C1)C1=CC=CC=C1)P(C1=CC=CC=C1)C1=CC=CC=C1,2962,,,53.38,,17.01,,,,,,25,0.5MPa,2,CrCl3(THF)3,1,Toluene,50,MAO,500,30 min,,10.1002/aoc.5904
,,CCCCCCCCCCCCCCN(CCC(=O)NCCN(P(C1=CC=CC=C1)C1=CC=CC=C1)P(C1=CC=CC=C1)C1=CC=CC=C1)CCC(=O)NCCN(P(C1=CC=CC=C1)C1=CC=CC=C1)P(C1=CC=CC=C1)C1=CC=CC=C1,2788,,,46.59,,18.36,,,,,,25,0.5MPa,2,CrCl3(THF)3,1,Toluene,50,MAO,900,30 min,,10.1002/aoc.5904
,,CCCCCCCCCCCCCCN(CCC(=O)NCCN(P(C1=CC=CC=C1)C1=CC=CC=C1)P(C1=CC=CC=C1)C1=CC=CC=C1)CCC(=O)NCCN(P(C1=CC=CC=C1)C1=CC=CC=C1)P(C1=CC=CC=C1)C1=CC=CC=C1,2308,,,42.92,,19.19,,,,,,25,0.5MPa,2,CrCl3(THF)3,1,Toluene,50,MAO,1300,30 min,,10.1002/aoc.5904
,,CCCCCCCCCCCCCCN(CCC(=O)NCCN(P(C1=CC=CC=C1)C1=CC=CC=C1)P(C1=CC=CC=C1)C1=CC=CC=C1)CCC(=O)NCCN(P(C1=CC=CC=C1)C1=CC=CC=C1)P(C1=CC=CC=C1)C1=CC=CC=C1,2500,,,42,,13.58,,,,,,15,0.5MPa,2,CrCl3(THF)3,1,Toluene,50,MAO,500,30 min,,10.1002/aoc.5904
,,CCCCCCCCCCCCCCN(CCC(=O)NCCN(P(C1=CC=CC=C1)C1=CC=CC=C1)P(C1=CC=CC=C1)C1=CC=CC=C1)CCC(=O)NCCN(P(C1=CC=CC=C1)C1=CC=CC=C1)P(C1=CC=CC=C1)C1=CC=CC=C1,3135,,,59.92,,14.72,,,,,,35,0.5MPa,2,CrCl3(THF)3,1,Toluene,50,MAO,500,30 min,,10.1002/aoc.5904
,,CCCCCCCCCCCCCCN(CCC(=O)NCCN(P(C1=CC=CC=C1)C1=CC=CC=C1)P(C1=CC=CC=C1)C1=CC=CC=C1)CCC(=O)NCCN(P(C1=CC=CC=C1)C1=CC=CC=C1)P(C1=CC=CC=C1)C1=CC=CC=C1,3827,,,60.78,,13.7,,,,,,45,0.5MPa,2,CrCl3(THF)3,1,Toluene,50,MAO,500,30 min,,10.1002/aoc.5904
,,CCCCCCCCCCCCCCN(CCC(=O)NCCN(P(C1=CC=CC=C1)C1=CC=CC=C1)P(C1=CC=CC=C1)C1=CC=CC=C1)CCC(=O)NCCN(P(C1=CC=CC=C1)C1=CC=CC=C1)P(C1=CC=CC=C1)C1=CC=CC=C1,2962,,,56.62,,10.82,,,,,,65,0.5MPa,2,CrCl3(THF)3,1,Toluene,50,MAO,500,30 min,,10.1002/aoc.5904
,,CCCCCCCCCCCCCCN(CCC(=O)NCCN(P(C1=CC=CC=C1)C1=CC=CC=C1)P(C1=CC=CC=C1)C1=CC=CC=C1)CCC(=O)NCCN(P(C1=CC=CC=C1)C1=CC=CC=C1)P(C1=CC=CC=C1)C1=CC=CC=C1,2058,,,46.38,,13.56,,,,,,45,0.3MPa,2,CrCl3(THF)3,1,Toluene,50,MAO,500,30 min,,10.1002/aoc.5904
,,CCCCCCCCCCCCCCN(CCC(=O)NCCN(P(C1=CC=CC=C1)C1=CC=CC=C1)P(C1=CC=CC=C1)C1=CC=CC=C1)CCC(=O)NCCN(P(C1=CC=CC=C1)C1=CC=CC=C1)P(C1=CC=CC=C1)C1=CC=CC=C1,3692,,,43.26,,28.79,,,,,,45,0.7MPa,2,CrCl3(THF)3,1,Toluene,50,MAO,500,30 min,,10.1002/aoc.5904
,,CCCCCCCCCCCCCCN(CCC(=O)NCCN(P(C1=CC=CC=C1)C1=CC=CC=C1)P(C1=CC=CC=C1)C1=CC=CC=C1)CCC(=O)NCCN(P(C1=CC=CC=C1)C1=CC=CC=C1)P(C1=CC=CC=C1)C1=CC=CC=C1,4288,,,49.69,,30.37,,,,,,45,1MPa,2,CrCl3(THF)3,1,Toluene,50,MAO,500,30 min,,10.1002/aoc.5904
,,CCCCCCCCCCCCCCN(CCC(=O)NCCN(P(C1=CC=CC=C1)C1=CC=CC=C1)P(C1=CC=CC=C1)C1=CC=CC=C1)CCC(=O)NCCN(P(C1=CC=CC=C1)C1=CC=CC=C1)P(C1=CC=CC=C1)C1=CC=CC=C1,11904,,,40.85,,42.81,,,,,,45,2MPa,2,CrCl3(THF)3,1,Toluene,50,MAO,500,30 min,,10.1002/aoc.5904
,,CCCCCCCCCCCCCCN(CCC(=O)NCCN(P(C1=CC=CC=C1)C1=CC=CC=C1)P(C1=CC=CC=C1)C1=CC=CC=C1)CCC(=O)NCCN(P(C1=CC=CC=C1)C1=CC=CC=C1)P(C1=CC=CC=C1)C1=CC=CC=C1,11000,,,41.64,,33.19,,,,,,45,1MPa,2,CrCl3(THF)3,1,Toluene,50,MAO,500,30 min,,10.1002/aoc.5904
,,CCCCCCCCCCCCCCN(CCC(=O)NCCN(P(C1=CC=CC=C1)C1=CC=CC=C1)P(C1=CC=CC=C1)C1=CC=CC=C1)CCC(=O)NCCN(P(C1=CC=CC=C1)C1=CC=CC=C1)P(C1=CC=CC=C1)C1=CC=CC=C1,18577,,,39.35,,46.91,,,,,,45,2MPa,2,CrCl3(THF)3,1,Toluene,50,MAO,500,30 min,,10.1002/aoc.5904
,,CCCCCCCCCCCCCCN(CCC(=O)NCCN(P(C1=CC=CC=C1)C1=CC=CC=C1)P(C1=CC=CC=C1)C1=CC=CC=C1)CCC(=O)NCCN(P(C1=CC=CC=C1)C1=CC=CC=C1)P(C1=CC=CC=C1)C1=CC=CC=C1,26596,,,34.06,,50.68,,,,,,45,4MPa,2,CrCl3(THF)3,1,Toluene,50,MAO,500,30 min,,10.1002/aoc.5904
,,CCCCCCCCCCCCCCN(CCC(=O)NCCN(P(C1=CC=CC=C1)C1=CC=CC=C1)P(C1=CC=CC=C1)C1=CC=CC=C1)CCC(=O)NCCN(P(C1=CC=CC=C1)C1=CC=CC=C1)P(C1=CC=CC=C1)C1=CC=CC=C1,2962,,,53.38,,17.01,,,,,,25,0.5MPa,2,CrCl3(THF)3,1,Toluene,50,MAO,500,30 min,,10.1002/aoc.5904
,,CCCCCCCCCCCCCCN(CCC(=O)NCCN(P(C1=CC=CC=C1)C1=CC=CC=C1)P(C1=CC=CC=C1)C1=CC=CC=C1)CCC(=O)NCCN(P(C1=CC=CC=C1)C1=CC=CC=C1)P(C1=CC=CC=C1)C1=CC=CC=C1,2288,,,6.53,,13.53,,,,,,25,0.5MPa,2,CrCl3(THF)3,1,Toluene,50,DEAC,500,30 min,,10.1002/aoc.5904
,,CCCCCCCCCCCCCCN(CCC(=O)NCCN(P(C1=CC=CC=C1)C1=CC=CC=C1)P(C1=CC=CC=C1)C1=CC=CC=C1)CCC(=O)NCCN(P(C1=CC=CC=C1)C1=CC=CC=C1)P(C1=CC=CC=C1)C1=CC=CC=C1,1769,,,19.18,,15.7,,,,,,25,0.5MPa,2,CrCl3(THF)3,1,Toluene,50,EADC,500,30 min,,10.1002/aoc.5904
,,CCCCCCCCCCCCCCN(CCC(=O)NCCN(P(C1=CC=CC=C1)C1=CC=CC=C1)P(C1=CC=CC=C1)C1=CC=CC=C1)CCC(=O)NCCN(P(C1=CC=CC=C1)C1=CC=CC=C1)P(C1=CC=CC=C1)C1=CC=CC=C1,20.19,,,13.52,,14.16,,,,,,25,0.5MPa,2,CrCl3(THF)3,1,Toluene,50,EASC,500,30 min,,10.1002/aoc.5904
,,CCCCCCCCCCCCCCN(CCC(=O)NCCN(P(C1=CC=CC=C1)C1=CC=CC=C1)P(C1=CC=CC=C1)C1=CC=CC=C1)CCC(=O)NCCN(P(C1=CC=CC=C1)C1=CC=CC=C1)P(C1=CC=CC=C1)C1=CC=CC=C1,2654,,,43.7,,12.39,,,,,,25,0.5MPa,2,CrCl3(THF)3,1,Methylcyclohexane,50,MAO,500,30 min,,10.1002/aoc.5904
,,CCCCCCCCCCCCCCN(CCC(=O)NCCN(P(C1=CC=CC=C1)C1=CC=CC=C1)P(C1=CC=CC=C1)C1=CC=CC=C1)CCC(=O)NCCN(P(C1=CC=CC=C1)C1=CC=CC=C1)P(C1=CC=CC=C1)C1=CC=CC=C1,2423,,,39.25,,8.55,,,,,,25,0.5MPa,2,CrCl3(THF)3,1,Cyclohexane,50,MAO,500,30 min,,10.1002/aoc.5904
1,,C1=CC=C(P(C2=CC=CC=C2)N(C2CCCC2)P(C2=CC=CC=C2)C2=CC=CC=C2)C=C1,33000,,,27.7,27.3953,50,49.35,98.9,98.7,76.7453,,50,1MPa,2.4,CrCl3(THF)3,1,Methylcyclohexane,20,MMAO-3A,500,30 min,0.3,10.1016/j.jcat.2021.09.025
2,,CCP(C1=CC=CC=C1)N(C1CCCC1)P(C1=CC=CC=C1)C1=CC=CC=C1,46000,,,37.6,36.5096,36,35.64,97.1,99,72.1496,,50,1MPa,2.4,CrCl3(THF)3,1,Methylcyclohexane,20,MMAO-3A,500,30 min,0.5,10.1016/j.jcat.2021.09.025
3,,CCP(C1=CC=CC=C1)N(C1CCCC1)P(C1=CC=CC=C1)C1=CC=CC=C1,6000,,,65.2,64.0916,28.3,27.168,98.3,96,91.2596,,50,1MPa,2.4,CrCl3(THF)3,1,Methylcyclohexane,20,MMAO-3A,500,30 min,0.8,10.1016/j.jcat.2021.09.025
4,,CC(C)P(C1=CC=CC=C1)N(C1CCCC1)P(C1=CC=CC=C1)C1=CC=CC=C1,3000,,,86.7,86.0931,-,-,99.3,-,,,50,1MPa,2.4,CrCl3(THF)3,1,Methylcyclohexane,20,MMAO-3A,500,30 min,1.9,10.1016/j.jcat.2021.09.025
5,,CC(C)(C)P(N(C1CCCC1)P(C1=CC=CC=C1)C1=CC=CC=C1)C(C)(C)C,1000,,,50.6,49.588,-,-,98,-,,,50,1MPa,2.4,CrCl3(THF)3,1,Methylcyclohexane,20,MMAO-3A,500,30 min,9.4,10.1016/j.jcat.2021.09.025
6,,CC(C)P(N(C1CCCC1)P(C1=CC=CC=C1)C1=CC=CC=C1)C(C)(C)C,155000,,,58.1,57.4028,12.9,12.8097,98.8,99.3,70.2125,,50,1MPa,2.4,CrCl3(THF)3,1,Methylcyclohexane,20,MMAO-3A,500,30 min,0.4,10.1016/j.jcat.2021.09.025
,,CC(C)P(N(C1CCCC1)P(C1=CC=CC=C1)C1=CC=CC=C1)C(C)(C)C,127000,,,43.1,42.4966,31.5,31.185,98.6,99,73.6816,,15,1MPa,2.4,CrCl3(THF)3,1,Methylcyclohexane,20,MMAO-3A,500,30 min,0.5,10.1016/j.jcat.2021.09.025
,,CC(C)P(N(C1CCCC1)P(C1=CC=CC=C1)C1=CC=CC=C1)C(C)(C)C,128000,,,51.2,50.8928,23.4,23.1894,99.4,99.1,74.0822,,30,1MPa,2.4,CrCl3(THF)3,1,Methylcyclohexane,20,MMAO-3A,500,30 min,0.4,10.1016/j.jcat.2021.09.025
,,CC(C)P(N(C1CCCC1)P(C1=CC=CC=C1)C1=CC=CC=C1)C(C)(C)C,155000,,,58.1,57.4028,12.9,12.8097,98.8,99.3,70.2125,,50,1MPa,2.4,CrCl3(THF)3,1,Methylcyclohexane,20,MMAO-3A,500,30 min,0.4,10.1016/j.jcat.2021.09.025
,,CC(C)P(N(C1CCCC1)P(C1=CC=CC=C1)C1=CC=CC=C1)C(C)(C)C,80000,,,68.2,67.3816,10.2,10.098,98.8,99,77.4796,,70,1MPa,2.4,CrCl3(THF)3,1,Methylcyclohexane,20,MMAO-3A,500,30 min,0.2,10.1016/j.jcat.2021.09.025
,,CC(C)P(N(C1CCCC1)P(C1=CC=CC=C1)C1=CC=CC=C1)C(C)(C)C,58000,,,77.9,73.7713,4.9,4.3953,94.7,89.7,78.1666,,90,1MPa,2.4,CrCl3(THF)3,1,Methylcyclohexane,20,MMAO-3A,500,30 min,0.3,10.1016/j.jcat.2021.09.025
,,CC(C)P(N(C1CCCC1)P(C1=CC=CC=C1)C1=CC=CC=C1)C(C)(C)C,155000,,,58.1,57.4028,12.9,12.8097,98.8,99.3,70.2125,,50,1MPa,2.4,CrCl3(THF)3,1,Methylcyclohexane,20,MMAO-3A,500,30 min,0.4,10.1016/j.jcat.2021.09.025
,,CC(C)P(N(C1CCCC1)P(C1=CC=CC=C1)C1=CC=CC=C1)C(C)(C)C,442000,,,56.9,55.9896,21.3,21.1935,98.4,99.5,77.1831,,50,4MPa,2.4,CrCl3(THF)3,1,Methylcyclohexane,20,MMAO-3A,500,30 min,0.1,10.1016/j.jcat.2021.09.025
,,CC(C)P(N(C1CCCC1)P(C1=CC=CC=C1)C1=CC=CC=C1)C(C)(C)C,30000,,,54.7,54.0983,16.1,15.5848,98.9,96.8,69.6831,,50,1MPa,0.4,CrCl3(THF)3,1,Methylcyclohexane,20,MMAO-3A,500,30 min,1.5,10.1016/j.jcat.2021.09.025
,,CC(C)P(N(C1CCCC1)P(C1=CC=CC=C1)C1=CC=CC=C1)C(C)(C)C,71000,,,58.2,57.618,10.5,10.185,99,97,67.803,,50,1MPa,0.6,CrCl3(THF)3,1,Methylcyclohexane,20,MMAO-3A,500,30 min,1.1,10.1016/j.jcat.2021.09.025
,,CC(C)P(N(C1CCCC1)P(C1=CC=CC=C1)C1=CC=CC=C1)C(C)(C)C,193000,,,78.4,76.5184,20,19.84,97.6,99.2,96.3584,,50,1MPa,1.2,CrCl3(THF)3,1,Methylcyclohexane,20,MMAO-3A,500,30 min,0.1,10.1016/j.jcat.2021.09.025
,,CC(C)P(N(C1CCCC1)P(C1=CC=CC=C1)C1=CC=CC=C1)C(C)(C)C,155000,,,58.1,57.4028,12.9,12.8097,98.8,99.3,70.2125,,50,1MPa,2.4,CrCl3(THF)3,1,Methylcyclohexane,20,MMAO-3A,500,30 min,0.4,10.1016/j.jcat.2021.09.025
,,CC(C)P(N(C1CCCC1)P(C1=CC=CC=C1)C1=CC=CC=C1)C(C)(C)C,4000,,,73,72.416,17.3,16.2101,99.2,93.7,88.6261,,50,1MPa,4.8,CrCl3(THF)3,1,Methylcyclohexane,20,MMAO-3A,500,30 min,2,10.1016/j.jcat.2021.09.025
,,CC(C)P(N(C1CCCC1)P(C1=CC=CC=C1)C1=CC=CC=C1)C(C)(C)C,1000,,,59.8,58.903,14.3,13.871,98.5,97,72.774,,50,1MPa,9.6,CrCl3(THF)3,1,Methylcyclohexane,20,MMAO-3A,500,30 min,6.7,10.1016/j.jcat.2021.09.025
,,CC(C)P(N(C1CCCC1)P(C1=CC=CC=C1)C1=CC=CC=C1)C(C)(C)C,5000,,,78.8,78.3272,17.9,17.2556,99.4,96.4,95.5828,,50,1MPa,2.4,CrCl3(THF)3,1,Methylcyclohexane,20,MMAO-3A,100,30 min,1.8,10.1016/j.jcat.2021.09.025
,,CC(C)P(N(C1CCCC1)P(C1=CC=CC=C1)C1=CC=CC=C1)C(C)(C)C,97000,,,61.3,59.8901,15.9,15.5661,97.7,97.9,75.4562,,50,1MPa,2.4,CrCl3(THF)3,1,Methylcyclohexane,20,MMAO-3A,300,30 min,0.1,10.1016/j.jcat.2021.09.025
,,CC(C)P(N(C1CCCC1)P(C1=CC=CC=C1)C1=CC=CC=C1)C(C)(C)C,155000,,,58.1,57.4028,12.9,12.8097,98.8,99.3,70.2125,,50,1MPa,2.4,CrCl3(THF)3,1,Methylcyclohexane,20,MMAO-3A,500,30 min,0.4,10.1016/j.jcat.2021.09.025
,,CC(C)P(N(C1CCCC1)P(C1=CC=CC=C1)C1=CC=CC=C1)C(C)(C)C,76000,,,55,53.845,23.3,22.9971,97.9,98.7,76.8421,,50,1MPa,2.4,CrCl3(THF)3,1,Methylcyclohexane,20,MMAO-3A,700,30 min,0.5,10.1016/j.jcat.2021.09.025
7,,CCP(CC)N(C1CCCC1)P(C1=CC=CC=C1)C1=CC=CC=C1,78000,,,36.3,35.574,35.9,35.6487,98,99.3,71.2227,,50,1MPa,2.4,CrCl3(THF)3,1,Methylcyclohexane,20,MMAO-3A,500,30 min,0.5,10.1016/j.jcat.2021.09.025
,,CCP(CC)N(C1CCCC1)P(C1=CC=CC=C1)C1=CC=CC=C1,12000,,,22,21.78,61.9,60.9715,99,98.5,82.7515,,15,1MPa,2.4,CrCl3(THF)3,1,Methylcyclohexane,20,MMAO-3A,500,30 min,0.6,10.1016/j.jcat.2021.09.025
,,CCP(CC)N(C1CCCC1)P(C1=CC=CC=C1)C1=CC=CC=C1,34000,,,27.9,27.6768,61.9,61.4667,99.2,99.3,89.1435,,30,1MPa,2.4,CrCl3(THF)3,1,Methylcyclohexane,20,MMAO-3A,500,30 min,0.9,10.1016/j.jcat.2021.09.025
,,CCP(CC)N(C1CCCC1)P(C1=CC=CC=C1)C1=CC=CC=C1,78000,,,36.3,35.574,35.9,35.6487,98,99.3,71.2227,,50,1MPa,2.4,CrCl3(THF)3,1,Methylcyclohexane,20,MMAO-3A,500,30 min,0.5,10.1016/j.jcat.2021.09.025
,,CCP(CC)N(C1CCCC1)P(C1=CC=CC=C1)C1=CC=CC=C1,11000,,,62.3,61.7393,29.2,28.5868,99.1,97.9,90.3261,,70,1MPa,2.4,CrCl3(THF)3,1,Methylcyclohexane,20,MMAO-3A,500,30 min,1,10.1016/j.jcat.2021.09.025
,,CCP(CC)N(C1CCCC1)P(C1=CC=CC=C1)C1=CC=CC=C1,9000,,,86.7,85.4862,5.2,5.096,98.6,98,90.5822,,90,1MPa,2.4,CrCl3(THF)3,1,Methylcyclohexane,20,MMAO-3A,500,30 min,0.3,10.1016/j.jcat.2021.09.025
,,CCP(CC)N(C1CCCC1)P(C1=CC=CC=C1)C1=CC=CC=C1,78000,,,36.3,35.574,35.9,35.6487,98,99.3,71.2227,,50,1MPa,2.4,CrCl3(THF)3,1,Methylcyclohexane,20,MMAO-3A,500,30 min,0.5,10.1016/j.jcat.2021.09.025
,,CCP(CC)N(C1CCCC1)P(C1=CC=CC=C1)C1=CC=CC=C1,207000,,,15.8,15.3576,64.8,64.2168,97.2,99.1,79.5744,,50,4MPa,2.4,CrCl3(THF)3,1,Methylcyclohexane,20,MMAO-3A,500,30 min,0.3,10.1016/j.jcat.2021.09.025
,,CCP(CC)N(C1CCCC1)P(C1=CC=CC=C1)C1=CC=CC=C1,10000,,,32.2,30.8798,55.6,52.542,95.9,94.5,83.4218,,50,1MPa,0.4,CrCl3(THF)3,1,Methylcyclohexane,20,MMAO-3A,500,30 min,3,10.1016/j.jcat.2021.09.025
,,CCP(CC)N(C1CCCC1)P(C1=CC=CC=C1)C1=CC=CC=C1,54000,,,47.2,45.4536,36.3,35.6829,96.3,98.3,81.1365,,50,1MPa,0.6,CrCl3(THF)3,1,Methylcyclohexane,20,MMAO-3A,500,30 min,0.2,10.1016/j.jcat.2021.09.025
,,CCP(CC)N(C1CCCC1)P(C1=CC=CC=C1)C1=CC=CC=C1,78000,,,36.6,35.5386,44,43.692,97.1,99.3,79.2306,,50,1MPa,1.2,CrCl3(THF)3,1,Methylcyclohexane,20,MMAO-3A,500,30 min,0.1,10.1016/j.jcat.2021.09.025
,,CCP(CC)N(C1CCCC1)P(C1=CC=CC=C1)C1=CC=CC=C1,78000,,,36.3,35.574,35.9,35.6487,98,99.3,71.2227,,50,1MPa,2.4,CrCl3(THF)3,1,Methylcyclohexane,20,MMAO-3A,500,30 min,0.4,10.1016/j.jcat.2021.09.025
,,CCP(CC)N(C1CCCC1)P(C1=CC=CC=C1)C1=CC=CC=C1,17000,,,36.7,35.7458,41.8,41.5492,97.4,99.4,77.295,,50,1MPa,4.8,CrCl3(THF)3,1,Methylcyclohexane,20,MMAO-3A,500,30 min,0.9,10.1016/j.jcat.2021.09.025
,,CCP(CC)N(C1CCCC1)P(C1=CC=CC=C1)C1=CC=CC=C1,8000,,,41.4,40.1166,35,34.72,96.9,99.2,74.8366,,50,1MPa,9.6,CrCl3(THF)3,1,Methylcyclohexane,20,MMAO-3A,500,30 min,2.1,10.1016/j.jcat.2021.09.025
,,CCP(CC)N(C1CCCC1)P(C1=CC=CC=C1)C1=CC=CC=C1,5000,,,95.3,93.5846,-,-,98.2,-,,,50,1MPa,2.4,CrCl3(THF)3,1,Methylcyclohexane,20,MMAO-3A,100,30 min,-,10.1016/j.jcat.2021.09.025
,,CCP(CC)N(C1CCCC1)P(C1=CC=CC=C1)C1=CC=CC=C1,10000,,,56.9,55.8758,33.2,32.5692,98.2,98.1,88.445,,50,1MPa,2.4,CrCl3(THF)3,1,Methylcyclohexane,20,MMAO-3A,300,30 min,0.4,10.1016/j.jcat.2021.09.025
,,CCP(CC)N(C1CCCC1)P(C1=CC=CC=C1)C1=CC=CC=C1,78000,,,36.3,35.574,35.9,35.6487,98,99.3,71.2227,,50,1MPa,2.4,CrCl3(THF)3,1,Methylcyclohexane,20,MMAO-3A,500,30 min,0.5,10.1016/j.jcat.2021.09.025
,,CCP(CC)N(C1CCCC1)P(C1=CC=CC=C1)C1=CC=CC=C1,40000,,,37.7,36.7952,42,41.664,97.6,99.2,78.4592,,50,1MPa,2.4,CrCl3(THF)3,1,Methylcyclohexane,20,MMAO-3A,700,30 min,0.6,10.1016/j.jcat.2021.09.025
8,,CP(C)N(C1CCCC1)P(C1=CC=CC=C1)C1=CC=CC=C1,1000,,,37.4,36.091,-,-,96.5,-,,,50,1MPa,2.4,CrCl3(THF)3,1,Methylcyclohexane,20,MMAO-3A,500,30 min,9,10.1016/j.jcat.2021.09.025
9,,CCP(C1=CC=CC=C1)N(C1CCCC1)P(C1=CC=CC=C1)C(C)C,14000,,,96.2,95.8152,-,-,99.6,-,,,50,1MPa,2.4,CrCl3(THF)3,1,Methylcyclohexane,20,MMAO-3A,500,30 min,0.7,10.1016/j.jcat.2021.09.025
10,,CCP(C1=CC=CC=C1)N(C1CCCC1)P(C1=CC=CC=C1)C(C)C,17000,,,57.5,56.9825,33,32.076,99.1,97.2,89.0585,,50,1MPa,2.4,CrCl3(THF)3,1,Methylcyclohexane,20,MMAO-3A,500,30 min,0.7,10.1016/j.jcat.2021.09.025
,,CC(C)N(P(C1=CC=CC=C1)C1=CC=CC=C1)P(C1=CC=CC=C1)C1=CC=CC=C1,0,,,,,,,,,,,20,5MPa,,Cr(acac)3,,cyclohexane,200,MAO,0,30 min,,10.1016/j.catcom.2006.10.032
,,CC(C)N(P(C1=CC=CC=C1)C1=CC=CC=C1)P(C1=CC=CC=C1)C1=CC=CC=C1,73077,,,3.53,12.29,,69.46,,,81.75,,20,5MPa,,Cr(acac)3,,cyclohexane,200,MAO,100,30 min,,10.1016/j.catcom.2006.10.032
,,CC(C)N(P(C1=CC=CC=C1)C1=CC=CC=C1)P(C1=CC=CC=C1)C1=CC=CC=C1,262500,,,3.31,13.69,,71.85,,,85.54,,20,5MPa,,Cr(acac)3,,cyclohexane,200,MAO,200,30 min,,10.1016/j.catcom.2006.10.032
,,CC(C)N(P(C1=CC=CC=C1)C1=CC=CC=C1)P(C1=CC=CC=C1)C1=CC=CC=C1,343269,,,3.17,14.16,,71.74,,,85.9,,20,5MPa,,Cr(acac)3,,cyclohexane,200,MAO,300,30 min,,10.1016/j.catcom.2006.10.032
,,CC(C)N(P(C1=CC=CC=C1)C1=CC=CC=C1)P(C1=CC=CC=C1)C1=CC=CC=C1,357692,,,3.25,15.6,,70.9,,,86.5,,20,5MPa,,Cr(acac)3,,cyclohexane,200,MAO,400,30 min,,10.1016/j.catcom.2006.10.032
,,CC(C)N(P(C1=CC=CC=C1)C1=CC=CC=C1)P(C1=CC=CC=C1)C1=CC=CC=C1,144231,,,2.99,13.99,,69.43,,,83.42,,20,5MPa,,Cr(acac)3,,cyclohexane,200,MAO,500,30 min,,10.1016/j.catcom.2006.10.032
,,CC(C)N(P(C1=CC=CC=C1)C1=CC=CC=C1)P(C1=CC=CC=C1)C1=CC=CC=C1,0,,,,,,,,,,,20,5MPa,,Cr(acac)3,,cyclohexane,200,MAO (TMA-free),0,30 min,,10.1016/j.catcom.2006.10.032
,,CC(C)N(P(C1=CC=CC=C1)C1=CC=CC=C1)P(C1=CC=CC=C1)C1=CC=CC=C1,18462,,,3.74,23.03,,63.62,,,86.65,,20,5MPa,,Cr(acac)3,,cyclohexane,200,MAO (TMA-free),100,30 min,,10.1016/j.catcom.2006.10.032
,,CC(C)N(P(C1=CC=CC=C1)C1=CC=CC=C1)P(C1=CC=CC=C1)C1=CC=CC=C1,429808,,,3.7,18.66,,72.65,,,91.31,,20,5MPa,,Cr(acac)3,,cyclohexane,200,MAO (TMA-free),300,30 min,,10.1016/j.catcom.2006.10.032
,,CC(C)N(P(C1=CC=CC=C1)C1=CC=CC=C1)P(C1=CC=CC=C1)C1=CC=CC=C1,689231,,,3.67,17.34,,70.44,,,87.78,,20,5MPa,,Cr(acac)3,,cyclohexane,200,MAO (TMA-free),500,30 min,,10.1016/j.catcom.2006.10.032
,,CC(C)N(P(C1=CC=CC=C1)C1=CC=CC=C1)P(C1=CC=CC=C1)C1=CC=CC=C1,758269,,,3.57,16.24,,71.31,,,87.55,,20,5MPa,,Cr(acac)3,,cyclohexane,200,MAO (TMA-free),700,30 min,,10.1016/j.catcom.2006.10.032
,,CC(C)N(P(C1=CC=CC=C1)C1=CC=CC=C1)P(C1=CC=CC=C1)C1=CC=CC=C1,0,,,,,,,,,,,20,5MPa,,Cr(acac)3,,cyclohexane,200,i-BAO,0,30 min,,10.1016/j.catcom.2006.10.032
,,CC(C)N(P(C1=CC=CC=C1)C1=CC=CC=C1)P(C1=CC=CC=C1)C1=CC=CC=C1,3654,,,10.67,51.12,,16.58,,,50.56,,20,5MPa,,Cr(acac)3,,cyclohexane,200,i-BAO,100,30 min,,10.1016/j.catcom.2006.10.032
,,CC(C)N(P(C1=CC=CC=C1)C1=CC=CC=C1)P(C1=CC=CC=C1)C1=CC=CC=C1,6154,,,10.95,33.98,,19.07,,,70.19,,20,5MPa,,Cr(acac)3,,cyclohexane,200,i-BAO,200,30 min,,10.1016/j.catcom.2006.10.032
,,CC(C)N(P(C1=CC=CC=C1)C1=CC=CC=C1)P(C1=CC=CC=C1)C1=CC=CC=C1,5961,,,16.04,28.71,,12.03,,,40.74,,20,5MPa,,Cr(acac)3,,cyclohexane,200,i-BAO,300,30 min,,10.1016/j.catcom.2006.10.032
,,CC(C)N(P(C1=CC=CC=C1)C1=CC=CC=C1)P(C1=CC=CC=C1)C1=CC=CC=C1,5961,,,11.81,27.87,,10.66,,,38.53,,20,5MPa,,Cr(acac)3,,cyclohexane,200,i-BAO,400,30 min,,10.1016/j.catcom.2006.10.032
,,CC(C)N(P(C1=CC=CC=C1)C1=CC=CC=C1)P(C1=CC=CC=C1)C1=CC=CC=C1,3462,,,12.63,23.66,,7.67,,,31.33,,20,5MPa,,Cr(acac)3,,cyclohexane,200,i-BAO,500,30 min,,10.1016/j.catcom.2006.10.032
,,CC(C)N(P(C1=CC=CC=C1)C1=CC=CC=C1)P(C1=CC=CC=C1)C1=CC=CC=C1,0,,,,,,,,,,,20,5MPa,,Cr(acac)3,,cyclohexane,200,EAO,0,30 min,,10.1016/j.catcom.2006.10.032
,,CC(C)N(P(C1=CC=CC=C1)C1=CC=CC=C1)P(C1=CC=CC=C1)C1=CC=CC=C1,19038,,,15.79,44.5,,31.03,,,75.53,,20,5MPa,,Cr(acac)3,,cyclohexane,200,EAO,100,30 min,,10.1016/j.catcom.2006.10.032
,,CC(C)N(P(C1=CC=CC=C1)C1=CC=CC=C1)P(C1=CC=CC=C1)C1=CC=CC=C1,22500,,,6.71,43.14,,42.85,,,85.99,,20,5MPa,,Cr(acac)3,,cyclohexane,200,EAO,200,30 min,,10.1016/j.catcom.2006.10.032
,,CC(C)N(P(C1=CC=CC=C1)C1=CC=CC=C1)P(C1=CC=CC=C1)C1=CC=CC=C1,23654,,,4.55,42.84,,46.62,,,89.46,,20,5MPa,,Cr(acac)3,,cyclohexane,200,EAO,300,30 min,,10.1016/j.catcom.2006.10.032
,,CC(C)N(P(C1=CC=CC=C1)C1=CC=CC=C1)P(C1=CC=CC=C1)C1=CC=CC=C1,28077,,,5.99,32.96,,52.25,,,85.21,,20,5MPa,,Cr(acac)3,,cyclohexane,200,EAO,400,30 min,,10.1016/j.catcom.2006.10.032
,,CC(C)N(P(C1=CC=CC=C1)C1=CC=CC=C1)P(C1=CC=CC=C1)C1=CC=CC=C1,28846,,,3.17,39.18,,48.76,,,87.95,,20,5MPa,,Cr(acac)3,,cyclohexane,200,EAO,500,30 min,,10.1016/j.catcom.2006.10.032
,,CC(C)N(P(C1=CC=CC=C1)C1=CC=CC=C1)P(C1=CC=CC=C1)C1=CC=CC=C1,863200000,,,6.41,22.9,,64.12,,,87.02,,50,2MPa,19.2,Cr(AcAc)3,1,Methylcyclopentane + methylenecyclopentane,,MAO,300,30 min,1.22,10.1016/j.molcata.2014.03.020
,,CC(C)N(P(C1=CC=CC=C1)C1=CC=CC=C1)P(C1=CC=CC=C1)C1=CC=CC=C1,431600000,,,5.24,50.95,,40.76,,,91.71,,80,2MPa,19.2,Cr(AcAc)3,1,Methylcyclopentane + methylenecyclopentane,,MAO,300,30 min,1.76,10.1016/j.molcata.2014.03.020
1,,C1=CC=C(P(C2=CC=CC=C2)N(C2=CC=C(N(P(C3=CC=CC=C3)C3=CC=CC=C3)P(C3=CC=CC=C3)C3=CC=CC=C3)C=C2)P(C2=CC=CC=C2)C2=CC=CC=C2)C=C1,1168800,,,,15.5,,62.7,,,78.2,,40,50bar,1,Cr(AcAc)3,2,methylcyclohexane,150,MAO,1000,10,1.4,10.3390/molecules29092158
2,,C1=CC=C(P(C2=CC=CC=C2)N(C2CCC(N(P(C3=CC=CC=C3)C3=CC=CC=C3)P(C3=CC=CC=C3)C3=CC=CC=C3)CC2)P(C2=CC=CC=C2)C2=CC=CC=C2)C=C1,3887700,,,,20.4,,64.1,,,84.5,,40,50bar,1,Cr(AcAc)3,2,methylcyclohexane,150,MAO,1000,10,1.7,10.3390/molecules29092158
2,,C1=CC=C(P(C2=CC=CC=C2)N(C2CCC(N(P(C3=CC=CC=C3)C3=CC=CC=C3)P(C3=CC=CC=C3)C3=CC=CC=C3)CC2)P(C2=CC=CC=C2)C2=CC=CC=C2)C=C1,3262400,,,,18.2,,60.6,,,78.8,,40,40bar,1,Cr(AcAc)3,2,methylcyclohexane,150,MAO,1000,10,1.5,10.3390/molecules29092158
2,,C1=CC=C(P(C2=CC=CC=C2)N(C2CCC(N(P(C3=CC=CC=C3)C3=CC=CC=C3)P(C3=CC=CC=C3)C3=CC=CC=C3)CC2)P(C2=CC=CC=C2)C2=CC=CC=C2)C=C1,2677900,,,,17.3,,59.8,,,77.1,,40,40bar,1,Cr(AcAc)3,2,cyclohexane,150,MAO,1000,10,0.4,10.3390/molecules29092158
2,,C1=CC=C(P(C2=CC=CC=C2)N(C2CCC(N(P(C3=CC=CC=C3)C3=CC=CC=C3)P(C3=CC=CC=C3)C3=CC=CC=C3)CC2)P(C2=CC=CC=C2)C2=CC=CC=C2)C=C1,2215900,,,,16.9,,56.1,,,76,,40,40bar,1,Cr(AcAc)3,2,xylene,150,MAO,1000,10,0.2,10.3390/molecules29092158
,,C1=CC=C(P(C2=CC=CC=C2)N(C2CCC(N(P(C3=CC=CC=C3)C3=CC=CC=C3)P(C3=CC=CC=C3)C3=CC=CC=C3)CC2)P(C2=CC=CC=C2)C2=CC=CC=C2)C=C1,2936900,,,,13.1,,55.9,,,69,,30,40bar,1,Cr(AcAc)3,2,methylcyclohexane,150,MAO,1000,10,0.9,10.3390/molecules29092158
,,C1=CC=C(P(C2=CC=CC=C2)N(C2CCC(N(P(C3=CC=CC=C3)C3=CC=CC=C3)P(C3=CC=CC=C3)C3=CC=CC=C3)CC2)P(C2=CC=CC=C2)C2=CC=CC=C2)C=C1,3134100,,,,15.6,,56.1,,,71.1,,35,40bar,1,Cr(AcAc)3,2,methylcyclohexane,150,MAO,1000,10,1.1,10.3390/molecules29092158
,,C1=CC=C(P(C2=CC=CC=C2)N(C2CCC(N(P(C3=CC=CC=C3)C3=CC=CC=C3)P(C3=CC=CC=C3)C3=CC=CC=C3)CC2)P(C2=CC=CC=C2)C2=CC=CC=C2)C=C1,3264400,,,,18.2,,60.6,,,78.8,,40,40bar,1,Cr(AcAc)3,2,methylcyclohexane,150,MAO,1000,10,1.5,10.3390/molecules29092158
,,C1=CC=C(P(C2=CC=CC=C2)N(C2CCC(N(P(C3=CC=CC=C3)C3=CC=CC=C3)P(C3=CC=CC=C3)C3=CC=CC=C3)CC2)P(C2=CC=CC=C2)C2=CC=CC=C2)C=C1,2460400,,,,16.1,,58.6,,,74.7,,45,40bar,1,Cr(AcAc)3,2,methylcyclohexane,150,MAO,1000,10,1.2,10.3390/molecules29092158
,,C1=CC=C(P(C2=CC=CC=C2)N(C2CCC(N(P(C3=CC=CC=C3)C3=CC=CC=C3)P(C3=CC=CC=C3)C3=CC=CC=C3)CC2)P(C2=CC=CC=C2)C2=CC=CC=C2)C=C1,1938400,,,,15.3,,58.1,,,73.4,,50,40bar,1,Cr(AcAc)3,2,methylcyclohexane,150,MAO,1000,10,0.7,10.3390/molecules29092158
,,C1=CC=C(P(C2=CC=CC=C2)N(C2CCC(N(P(C3=CC=CC=C3)C3=CC=CC=C3)P(C3=CC=CC=C3)C3=CC=CC=C3)CC2)P(C2=CC=CC=C2)C2=CC=CC=C2)C=C1,1413700,,,,13.4,,57.4,,,70.8,,40,20bar,1,Cr(AcAc)3,2,methylcyclohexane,150,MAO,1000,10,0.4,10.3390/molecules29092158
,,C1=CC=C(P(C2=CC=CC=C2)N(C2CCC(N(P(C3=CC=CC=C3)C3=CC=CC=C3)P(C3=CC=CC=C3)C3=CC=CC=C3)CC2)P(C2=CC=CC=C2)C2=CC=CC=C2)C=C1,2052600,,,,16.7,,59.1,,,75.8,,40,30bar,1,Cr(AcAc)3,2,methylcyclohexane,150,MAO,1000,10,0.9,10.3390/molecules29092158
,,C1=CC=C(P(C2=CC=CC=C2)N(C2CCC(N(P(C3=CC=CC=C3)C3=CC=CC=C3)P(C3=CC=CC=C3)C3=CC=CC=C3)CC2)P(C2=CC=CC=C2)C2=CC=CC=C2)C=C1,3887700,,,,20.4,,64.1,,,84.5,,40,50bar,1,Cr(AcAc)3,2,methylcyclohexane,150,MAO,1000,10,1.7,10.3390/molecules29092158
,,C1=CC=C(P(C2=CC=CC=C2)N(C2CCC(N(P(C3=CC=CC=C3)C3=CC=CC=C3)P(C3=CC=CC=C3)C3=CC=CC=C3)CC2)P(C2=CC=CC=C2)C2=CC=CC=C2)C=C1,2623500,,,,16.3,,50.6,,,66.9,,40,40bar,1,Cr(AcAc)3,2,methylcyclohexane,150,MAO,500,10,1.4,10.3390/molecules29092158
,,C1=CC=C(P(C2=CC=CC=C2)N(C2CCC(N(P(C3=CC=CC=C3)C3=CC=CC=C3)P(C3=CC=CC=C3)C3=CC=CC=C3)CC2)P(C2=CC=CC=C2)C2=CC=CC=C2)C=C1,2963400,,,,14.3,,54.1,,,68.4,,40,40bar,1,Cr(AcAc)3,2,methylcyclohexane,150,MAO,750,10,2.4,10.3390/molecules29092158
,,C1=CC=C(P(C2=CC=CC=C2)N(C2CCC(N(P(C3=CC=CC=C3)C3=CC=CC=C3)P(C3=CC=CC=C3)C3=CC=CC=C3)CC2)P(C2=CC=CC=C2)C2=CC=CC=C2)C=C1,3264400,,,,18.2,,60.6,,,78.8,,40,40bar,1,Cr(AcAc)3,2,methylcyclohexane,150,MAO,1000,10,1.5,10.3390/molecules29092158
,,C1=CC=C(P(C2=CC=CC=C2)N(C2CCC(N(P(C3=CC=CC=C3)C3=CC=CC=C3)P(C3=CC=CC=C3)C3=CC=CC=C3)CC2)P(C2=CC=CC=C2)C2=CC=CC=C2)C=C1,2800200,,,,13.5,,50.9,,,64.4,,40,40bar,1,Cr(AcAc)3,2,methylcyclohexane,150,MAO,1250,10,2.2,10.3390/molecules29092158
3,,C1=CC=C(P(C2=CC=CC=C2)N(C2CCCC(N(P(C3=CC=CC=C3)C3=CC=CC=C3)P(C3=CC=CC=C3)C3=CC=CC=C3)C2)P(C2=CC=CC=C2)C2=CC=CC=C2)C=C1,3425500,,,,16,,58.6,,,74.6,,40,50bar,1,Cr(AcAc)3,2,methylcyclohexane,150,MAO,1000,10,3,10.3390/molecules29092158
4,,C1=CC=C(P(C2=CC=CC=C2)N(C2CCCCC2N(P(C2=CC=CC=C2)C2=CC=CC=C2)P(C2=CC=CC=C2)C2=CC=CC=C2)P(C2=CC=CC=C2)C2=CC=CC=C2)C=C1,1114700,,,,20.2,,50.8,,,71,,40,50bar,1,Cr(AcAc)3,2,methylcyclohexane,150,MAO,1000,10,10.1,10.3390/molecules29092158
5,,CC1CCC(N(P(C2=CC=CC=C2)C2=CC=CC=C2)P(C2=CC=CC=C2)C2=CC=CC=C2)CC1N(P(C1=CC=CC=C1)C1=CC=CC=C1)P(C1=CC=CC=C1)C1=CC=CC=C1,3697400,,,,22.7,,67.4,,,90.1,,40,50bar,1,Cr(AcAc)3,2,methylcyclohexane,150,MAO,1000,10,4.8,10.3390/molecules29092158
1,,C1=CC=C(P(C2=CC=CC=C2)N(C2=C3C(=C(N(P(C4=CC=CC=C4)C4=CC=CC=C4)P(C4=CC=CC=C4)C4=CC=CC=C4)C=C2)C2C4=C(C=CC=C4)C3C3=C2C=CC=C3)P(C2=CC=CC=C2)C2=CC=CC=C2)C=C1,1098000,,,27.6,24.8676,71.9,69.1678,90.1,96.2,94.1,,45,45bar,1,Cr(AcAc)3,0.5,cyclohexane,100,MMAO-3A,2000,10,0.3,10.1039/d2cc02456j
,,C1=CC=C(P(C2=CC=CC=C2)N(C2=C3C(=C(N(P(C4=CC=CC=C4)C4=CC=CC=C4)P(C4=CC=CC=C4)C4=CC=CC=C4)C=C2)C2C4=C(C=CC=C4)C3C3=C2C=CC=C3)P(C2=CC=CC=C2)C2=CC=CC=C2)C=C1,1186000,,,27.2,24.6432,72.3,69.9864,90.6,96.8,94.6,,45,45bar,1,Cr(AcAc)3,0.5,methylcyclohexane,100,MMAO-3A,2000,10,0.2,10.1039/d2cc02456j
,,C1=CC=C(P(C2=CC=CC=C2)N(C2=C3C(=C(N(P(C4=CC=CC=C4)C4=CC=CC=C4)P(C4=CC=CC=C4)C4=CC=CC=C4)C=C2)C2C4=C(C=CC=C4)C3C3=C2C=CC=C3)P(C2=CC=CC=C2)C2=CC=CC=C2)C=C1,1009000,,,28.5,25.9635,70.1,66.8754,91.1,95.4,92.8,,45,45bar,1,Cr(AcAc)3,0.5,decahydronaphthalene,100,MMAO-3A,2000,10,1.2,10.1039/d2cc02456j
,,C1=CC=C(P(C2=CC=CC=C2)N(C2=C3C(=C(N(P(C4=CC=CC=C4)C4=CC=CC=C4)P(C4=CC=CC=C4)C4=CC=CC=C4)C=C2)C2C4=C(C=CC=C4)C3C3=C2C=CC=C3)P(C2=CC=CC=C2)C2=CC=CC=C2)C=C1,755000,,,30.6,28.2744,69.3,65.6964,92.4,94.8,93.9,,45,45bar,1,Cr(AcAc)3,0.5,"2,2,4-Trimethylpentane",100,MMAO-3A,2000,10,<0.1,10.1039/d2cc02456j
,,C1=CC=C(P(C2=CC=CC=C2)N(C2=C3C(=C(N(P(C4=CC=CC=C4)C4=CC=CC=C4)P(C4=CC=CC=C4)C4=CC=CC=C4)C=C2)C2C4=C(C=CC=C4)C3C3=C2C=CC=C3)P(C2=CC=CC=C2)C2=CC=CC=C2)C=C1,1717000,,,40.9,38.9777,57.5,56.465,95.3,98.2,95.4,,45,45bar,1,Cr(AcAc)3,0.5,chlorobenzene),100,MMAO-3A,2000,10,1.5,10.1039/d2cc02456j
,,C1=CC=C(P(C2=CC=CC=C2)N(C2=C3C(=C(N(P(C4=CC=CC=C4)C4=CC=CC=C4)P(C4=CC=CC=C4)C4=CC=CC=C4)C=C2)C2C4=C(C=CC=C4)C3C3=C2C=CC=C3)P(C2=CC=CC=C2)C2=CC=CC=C2)C=C1,1717000,,,40.9,38.9777,57.5,56.465,95.3,98.2,95.4,,45,45bar,1,Cr(AcAc)3,1,chlorobenzene),100,MMAO-3A,2000,10,1.5,10.1039/d2cc02456j
,,C1=CC=C(P(C2=CC=CC=C2)N(C2=C3C(=C(N(P(C4=CC=CC=C4)C4=CC=CC=C4)P(C4=CC=CC=C4)C4=CC=CC=C4)C=C2)C2C4=C(C=CC=C4)C3C3=C2C=CC=C3)P(C2=CC=CC=C2)C2=CC=CC=C2)C=C1,1394000,,,37.1,35.1337,62.3,61.054,94.7,98,96.2,,38,45bar,1,Cr(AcAc)3,1,chlorobenzene),100,MMAO-3A,2000,10,0.4,10.1039/d2cc02456j
,,C1=CC=C(P(C2=CC=CC=C2)N(C2=C3C(=C(N(P(C4=CC=CC=C4)C4=CC=CC=C4)P(C4=CC=CC=C4)C4=CC=CC=C4)C=C2)C2C4=C(C=CC=C4)C3C3=C2C=CC=C3)P(C2=CC=CC=C2)C2=CC=CC=C2)C=C1,928000,,,29.7,27.5022,68.3,66.251,92.6,97,93.8,,30,45bar,1,Cr(AcAc)3,1,chlorobenzene),100,MMAO-3A,2000,10,1.8,10.1039/d2cc02456j
,,C1=CC=C(P(C2=CC=CC=C2)N(C2=C3C(=C(N(P(C4=CC=CC=C4)C4=CC=CC=C4)P(C4=CC=CC=C4)C4=CC=CC=C4)C=C2)C2C4=C(C=CC=C4)C3C3=C2C=CC=C3)P(C2=CC=CC=C2)C2=CC=CC=C2)C=C1,1361000,,,31.3,28.6708,67.9,67.6284,91.6,99.6,96.2,,38,45bar,1,Cr(AcAc)3,1,chlorobenzene),100,MMAO-3A,2000,10,0.6,10.1039/d2cc02456j
2,,C1=CC=C(P(C2=CC=CC=C2)N(C2=C3C(=CC=C2)C2C4=C(C=CC=C4)C3C3=C2C=CC=C3)P(C2=CC=CC=C2)C2=CC=CC=C2)C=C1,1544000,,,35.4,33.0282,63.2,61.936,93.3,98,94.9,,45,45bar,1,Cr(AcAc)3,1,chlorobenzene),100,MMAO-3A,2000,10,1,10.1039/d2cc02456j
3,,C1=CC=C(P(C2=CC=CC=C2)N(C2=CC=C3C(=C2)C2C4=C(C=CC=C4)C3C3=C2C=CC(N(P(C2=CC=CC=C2)C2=CC=CC=C2)P(C2=CC=CC=C2)C2=CC=CC=C2)=C3)P(C2=CC=CC=C2)C2=CC=CC=C2)C=C1,1733000,,,23.1,13.4442,73.9,70.5006,58.2,95.4,83.9,,45,45bar,1,Cr(AcAc)3,0.5,chlorobenzene),100,MMAO-3A,2000,10,0.2,10.1039/d2cc02456j
4,,C1=CC=C(P(C2=CC=CC=C2)N(C2=CC=C3C(=C2)C2C4=C(C=CC=C4)C3C3=C2C=CC=C3)P(C2=CC=CC=C2)C2=CC=CC=C2)C=C1,1649000,,,22.6,14.351,74.1,71.6547,63.5,96.7,86,,45,45bar,1,Cr(AcAc)3,1,chlorobenzene),100,MMAO-3A,2000,10,1.2,10.1039/d2cc02456j
5,,CC(C)N(P(C1=CC=CC=C1)C1=CC=CC=C1)P(C1=CC=CC=C1)C1=CC=CC=C1,1184000,,,22.8,18.6048,72,69.912,81.6,97.1,88.5,,45,45bar,1,Cr(AcAc)3,1,chlorobenzene),100,MMAO-3A,2000,10,3.5,10.1039/d2cc02456j
6,,FC(F)(F)C1=CC(N(P(C2=CC=CC=C2)C2=CC=CC=C2)P(C2=CC=CC=C2)C2=CC=CC=C2)=CC=C1,1492000,,,24.1,13.5201,72.5,69.02,56.1,95.2,82.5,,45,45bar,1,Cr(AcAc)3,1,chlorobenzene),100,MMAO-3A,2000,10,0.8,10.1039/d2cc02456j
7,,C1=CC=C(P(C2=CC=CC=C2)N(C2=CC=C(N(P(C3=CC=CC=C3)C3=CC=CC=C3)P(C3=CC=CC=C3)C3=CC=CC=C3)C=C2)P(C2=CC=CC=C2)C2=CC=CC=C2)C=C1,403000,,,26.9,17.3774,69.4,64.4032,64.6,92.8,81.8,,45,45bar,1,Cr(AcAc)3,0.5,chlorobenzene),100,MMAO-3A,2000,10,2,10.1039/d2cc02456j
8,,CC1=CC=CC(N(P(C2=CC=CC=C2)C2=CC=CC=C2)P(C2=CC=CC=C2)C2=CC=CC=C2)=C1C,1661000,,,30.3,17.574,66.8,64.8628,58,97.1,82.4,,45,45bar,1,Cr(AcAc)3,1,chlorobenzene),100,MMAO-3A,2000,10,0.8,10.1039/d2cc02456j
1,,C1=CC=C(P(C2=CC=CC=C2)N(C2=CC3=CC4=CC=CC=C4C=C3C=C2)P(C2=CC=CC=C2)C2=CC=CC=C2)C=C1,,435000,,21.5,12.4,74.1,67.9,57.7,91.6,80.2,,45,45bar,1,Cr(AcAc)3,1,cyclohexane,100,MMAO-3A,2000,60,1.8,10.3390/catal14070441
,,C1=CC=C(P(C2=CC=CC=C2)N(C2=CC3=CC4=CC=CC=C4C=C3C=C2)P(C2=CC=CC=C2)C2=CC=CC=C2)C=C1,,290000,,23.9,14.6,71.8,63.3,61.1,88.1,77.9,,45,45bar,1,Cr(AcAc)3,1,methylcyclohexane,100,MMAO-3A,2000,60,2.6,10.3390/catal14070441
,,C1=CC=C(P(C2=CC=CC=C2)N(C2=CC3=CC4=CC=CC=C4C=C3C=C2)P(C2=CC=CC=C2)C2=CC=CC=C2)C=C1,,1479000,,24.2,13.9,72.1,68.9,57.4,95.6,82.8,,45,45bar,1,Cr(AcAc)3,1,chlorobenzene,100,MMAO-3A,2000,60,1.7,10.3390/catal14070441
,,C1=CC=C(P(C2=CC=CC=C2)N(C2=CC3=CC4=CC=CC=C4C=C3C=C2)P(C2=CC=CC=C2)C2=CC=CC=C2)C=C1,,1005000,,21.4,12.2,72.1,70.7,56.9,98,82.9,,45,45bar,1,Cr(AcAc)3,1,chlorobenzene,100,MMAO-3A,2000,60,1.5,10.3390/catal14070441
,,C1=CC=C(P(C2=CC=CC=C2)N(C2=CC3=CC4=CC=CC=C4C=C3C=C2)P(C2=CC=CC=C2)C2=CC=CC=C2)C=C1,,1479000,,24.2,13.9,72.1,68.9,57.3,95.6,82.8,,45,45bar,1,Cr(AcAc)3,1,chlorobenzene,100,MMAO-3A,2000,10,1.7,10.3390/catal14070441
2,,C1=CC=C(P(C2=CC=CC=C2)N(C2=C3C=CC4=CC=CC5=CC=C(C=C2)C3=C45)P(C2=CC=CC=C2)C2=CC=CC=C2)C=C1,,450000,,25.1,16.2,71.7,64.7,64.5,90.2,80.9,,45,45bar,1,Cr(AcAc)3,1,cyclohexane,100,MMAO-3A,2000,60,1.5,10.3390/catal14070441
,,C1=CC=C(P(C2=CC=CC=C2)N(C2=C3C=CC4=CC=CC5=CC=C(C=C2)C3=C45)P(C2=CC=CC=C2)C2=CC=CC=C2)C=C1,,511000,,26.3,15.5,70.7,65,58.9,91.9,80.5,,45,45bar,1,Cr(AcAc)3,1,methylcyclohexane,100,MMAO-3A,2000,60,1.2,10.3390/catal14070441
,,C1=CC=C(P(C2=CC=CC=C2)N(C2=C3C=CC4=CC=CC5=CC=C(C=C2)C3=C45)P(C2=CC=CC=C2)C2=CC=CC=C2)C=C1,,1774000,,29.5,20.8,68.4,66.9,70.5,97.8,87.7,,45,45bar,1,Cr(AcAc)3,1,chlorobenzene,100,MMAO-3A,2000,60,0.8,10.3390/catal14070441
,,C1=CC=C(P(C2=CC=CC=C2)N(C2=C3C=CC4=CC=CC5=CC=C(C=C2)C3=C45)P(C2=CC=CC=C2)C2=CC=CC=C2)C=C1,,1214000,,27.1,16.9,68,66.9,62.4,98.4,83.8,,45,45bar,1,Cr(AcAc)3,1,chlorobenzene,100,MMAO-3A,2000,60,1.4,10.3390/catal14070441
,,C1=CC=C(P(C2=CC=CC=C2)N(C2=C3C=CC4=CC=CC5=CC=C(C=C2)C3=C45)P(C2=CC=CC=C2)C2=CC=CC=C2)C=C1,,161000,,42.2,38.7,37.4,36,91.8,96.2,74.7,,45,10bar,1,Cr(AcAc)3,1,chlorobenzene,100,MMAO-3A,2000,10,20.4,10.3390/catal14070441
,,C1=CC=C(P(C2=CC=CC=C2)N(C2=C3C=CC4=CC=CC5=CC=C(C=C2)C3=C45)P(C2=CC=CC=C2)C2=CC=CC=C2)C=C1,,1076000,,32,23.8,63,61,74.4,96.8,84.8,,45,30bar,1,Cr(AcAc)3,1,chlorobenzene,100,MMAO-3A,2000,10,4.2,10.3390/catal14070441
,,C1=CC=C(P(C2=CC=CC=C2)N(C2=C3C=CC4=CC=CC5=CC=C(C=C2)C3=C45)P(C2=CC=CC=C2)C2=CC=CC=C2)C=C1,,1774000,,29.5,20.8,68.4,66.9,70.5,97.8,87.7,,45,45bar,1,Cr(AcAc)3,1,chlorobenzene,100,MMAO-3A,2000,10,0.8,10.3390/catal14070441
,,C1=CC=C(P(C2=CC=CC=C2)N(C2=C3C=CC4=CC=CC5=CC=C(C=C2)C3=C45)P(C2=CC=CC=C2)C2=CC=CC=C2)C=C1,,431000,,24.5,15.4,70.9,67.1,62.7,94.6,82.4,,30,45bar,1,Cr(AcAc)3,1,chlorobenzene,100,MMAO-3A,2000,10,2.6,10.3390/catal14070441
,,C1=CC=C(P(C2=CC=CC=C2)N(C2=C3C=CC4=CC=CC5=CC=C(C=C2)C3=C45)P(C2=CC=CC=C2)C2=CC=CC=C2)C=C1,,1774000,,29.5,20.8,68.4,66.9,70.5,97.8,87.7,,45,45bar,1,Cr(AcAc)3,1,chlorobenzene,100,MMAO-3A,2000,10,0.8,10.3390/catal14070441
,,C1=CC=C(P(C2=CC=CC=C2)N(C2=C3C=CC4=CC=CC5=CC=C(C=C2)C3=C45)P(C2=CC=CC=C2)C2=CC=CC=C2)C=C1,,1206000,,38.1,30.1,59.9,58.1,79.1,97,88.2,,60,45bar,1,Cr(AcAc)3,1,chlorobenzene,100,MMAO-3A,2000,10,1.5,10.3390/catal14070441
,,C1=CC=C(P(C2=CC=CC=C2)N(C2=C3C=CC4=CC=CC5=CC=C(C=C2)C3=C45)P(C2=CC=CC=C2)C2=CC=CC=C2)C=C1,,1774000,,29.5,20.8,68.4,66.9,70.5,97.8,87.7,,45,45bar,1,Cr(AcAc)3,1,chlorobenzene,100,MMAO-3A,2000,10,0.8,10.3390/catal14070441
3,,C1=CC=C(PN(C2=CC3=CC=CC=C3C=C2)P(C2=CC=CC=C2)C2=CC=CC=C2)C=C1,,1177000,,22.2,13.5,74.6,72.4,60.7,97.1,85.9,,45,45bar,1,Cr(AcAc)3,1,chlorobenzene,100,MMAO-3A,2000,10,1.1,10.3390/catal14070441
4,,C1=CC=C(P(C2=CC=CC=C2)N(C2=CC=CC3=CC4=CC=CC=C4C=C32)P(C2=CC=CC=C2)C2=CC=CC=C2)C=C1,,1452000,,30.4,22.8,67.6,66.2,74.9,98,89,,45,45bar,1,Cr(AcAc)3,1,chlorobenzene,100,MMAO-3A,2000,10,0.9,10.3390/catal14070441
5,,C1=CC=C(PN(C2=CC=CC=C2)P(C2=CC=CC=C2)C2=CC=CC=C2)C=C1,,1323000,,22.8,14,74.1,71.7,61.5,96.8,85.8,,45,45bar,1,Cr(AcAc)3,1,chlorobenzene,100,MMAO-3A,2000,10,1,10.3390/catal14070441
6,,C1=CC=C(P(C2=CC=CC=C2)N(C2=CC=CC3=CC=CC=C32)P(C2=CC=CC=C2)C2=CC=CC=C2)C=C1,,702000,,26.7,18.4,68.4,66.3,69,96.9,84.7,,45,45bar,1,Cr(AcAc)3,1,chlorobenzene,100,MMAO-3A,2000,10,2.8,10.3390/catal14070441
7,,C1=CC=C(P(C2=CC=CC=C2)N(C2=CC3=C(C=CC4=C3C=CC=C4)C3=CC=CC=C32)P(C2=CC=CC=C2)C2=CC=CC=C2)C=C1,,1505000,,29.8,20.2,67.4,65.2,67.8,96.8,85.4,,45,45bar,1,Cr(AcAc)3,1,chlorobenzene,100,MMAO-3A,2000,10,1.2,10.3390/catal14070441
8,,C1=CC=C(P(C2=CC=CC=C2)N(C2=CC=CC3=C2CC2=CC=CC=C23)P(C2=CC=CC=C2)C2=CC=CC=C2)C=C1,,1309000,,25.3,19.1,72.5,71.8,75.6,99,90.9,,45,45bar,1,Cr(AcAc)3,1,chlorobenzene,100,MMAO-3A,2000,10,1.3,10.3390/catal14070441
9,,C1=CC=C(P(C2=CC=CC=C2)N(C2=CC=CC3=CC=CC=C32)P(C2=CC=CC=C2)C2=CC=CC=C2)C=C1,,1234000,,33.7,30.7,64.4,64.1,91.2,99.5,94.8,,45,45bar,1,Cr(AcAc)3,1,chlorobenzene,100,MMAO-3A,2000,10,1.5,10.3390/catal14070441
1,,CCCN(P1N(C)CCN1C)P1N(C)CCN1C,,1088,,,66mol%,,25.4mol%,,,,,21,3bar,20,CrCl3(THF)3,1,toluene,100,MAO,500,60,,10.1039/d2cy00550f
,,CCCN(P1N(C)CCN1C)P1N(C)CCN1C,,5432,,,34.9mol%,,61.4mol%,,,,,21,20bar,20,CrCl3(THF)3,1,toluene,100,MAO,500,60,,10.1039/d2cy00550f
,,CCCN(P1N(C)CCN1C)P1N(C)CCN1C,,9413,,,39.3mol%,,57.8mol%,,,,,50,20bar,20,CrCl3(THF)3,1,toluene,100,MAO,500,60,,10.1039/d2cy00550f
2,,CC(C)N(P1N(C)CCN1C)P1N(C)CCN1C,,1842,,,43.1mol%,,35.5mol%,,,,,21,3bar,20,CrCl3(THF)3,1,toluene,100,MAO,500,60,,10.1039/d2cy00550f
,,CC(C)N(P1N(C)CCN1C)P1N(C)CCN1C,,17307,,,42.2mol%,,55.2mol%,,,,,21,20bar,20,CrCl3(THF)3,1,toluene,100,MAO,500,60,,10.1039/d2cy00550f
,,CC(C)N(P1N(C)CCN1C)P1N(C)CCN1C,,18076,,,43.1mol%,,53.8mol%,,,,,50,20bar,20,CrCl3(THF)3,1,toluene,100,MAO,500,60,,10.1039/d2cy00550f
3,,CN1CCN(C)P1P1N(C)CCN1C,,16269,,,76.1mol%,,21.2mol%,,,,,22,20bar,20,CrCl3(THF)3,1,toluene,100,MAO,500,60,,10.1039/d2cy00550f
,,CN1CCN(C)P1P1N(C)CCN1C,,19432,,,30.2mol%,,15.8mol%,,,,,24,10bar,20,CrCl3(THF)3,1,toluene,100,MAO,500,60,,10.1039/d2cy00550f
4,,CC(C)(C)N1P(C2=CC=CC=C2)N(C(C)(C)C)P1C1=CC=CC=C1,,23423,,,32.9mol%,,15.8mol%,,,,,24,20bar,5,CrCl3(THF)3,1,toluene,100,MAO,500,60,,10.1039/d2cy00550f
5,,CC(C)N(P(C1=CC=CC=C1)C1=CC=CC=C1)P(C1=CC=CC=C1)C1=CC=CC=C1,,26441,,,19.5mol%,,67.5mol%,,,,,30,20bar,10,CrCl3(THF)3,1,toluene,100,MAO,500,60,,10.1039/d2cy00550f
1,,C=C(C)P(C(=C)C)N(C(C)C)P(C1=CC=CC=C1)C1=CC=CC=C1,,1219000,,,44,,44.4,95.8,99.7,88.4,,60,40bar,0.5,Cr(AcAc)3,1.1,methylcyclohexane,30,MMAO-3A,1000,20,0.44,10.1039/d4dt01521e
2,,C=C(C)P(C(=C)C)N(C1CCCC1)P(C1=CC=CC=C1)C1=CC=CC=C1,,675000,,,33.4,,53.4,90.4,99.4,86.9,,60,40bar,0.5,Cr(AcAc)3,1.1,methylcyclohexane,30,MMAO-3A,1000,20,1,10.1039/d4dt01521e
3,,C=C(C)P(C(=C)C)N(C1CCCCC1)P(C1=CC=CC=C1)C1=CC=CC=C1,,2036000,,,43,,38.1,93.9,99.5,81.1,,60,40bar,0.5,Cr(AcAc)3,1.1,methylcyclohexane,30,MMAO-3A,1000,20,0.4,10.1039/d4dt01521e
,,C=C(C)P(C(=C)C)N(C1CCCCC1)P(C1=CC=CC=C1)C1=CC=CC=C1,,1001000,,,21.1,,63.6,79.3,99.4,84.7,,40,40bar,0.5,Cr(AcAc)3,1.1,methylcyclohexane,30,MMAO-3A,1000,20,0.34,10.1039/d4dt01521e
,,C=C(C)P(C(=C)C)N(C1CCCCC1)P(C1=CC=CC=C1)C1=CC=CC=C1,,2036000,,,43,,38.1,93.9,99.5,81.1,,60,40bar,0.5,Cr(AcAc)3,1.1,methylcyclohexane,30,MMAO-3A,1000,20,0.4,10.1039/d4dt01521e
,,C=C(C)P(C(=C)C)N(C1CCCCC1)P(C1=CC=CC=C1)C1=CC=CC=C1,,658000,,,50.9,,40.3,95.3,99.7,91.2,,80,40bar,0.5,Cr(AcAc)3,1.1,methylcyclohexane,30,MMAO-3A,1000,20,0.66,10.1039/d4dt01521e
4,,C=C(C)P(C(=C)C)N(C(C)C1CCCCC1)P(C1=CC=CC=C1)C1=CC=CC=C1,,1703000,,,65.8,,24,97.8,99.8,89.8,,60,40bar,0.5,Cr(AcAc)3,1.1,methylcyclohexane,30,MMAO-3A,1000,20,0.51,10.1039/d4dt01521e
5,,C=C(C)P(C1=CC=CC=C1)N(C(C)C)P(C1=CC=CC=C1)C1=CC=CC=C1,,749000,,,27.6,,60.5,90.6,99.8,88.1,,60,40bar,0.5,Cr(AcAc)3,1.1,methylcyclohexane,30,MMAO-3A,1000,20,1,10.1039/d4dt01521e
6,,C=C(C)P(CC)N(C(C)C)P(C1=CC=CC=C1)C1=CC=CC=C1,,1078000,,,35.9,,52.5,93.3,99.6,88.4,,60,40bar,0.5,Cr(AcAc)3,1.1,methylcyclohexane,30,MMAO-3A,1000,20,0.25,10.1039/d4dt01521e
6,,C=C(C)P(CC)N(C(C)C)P(C1=CC=CC=C1)C1=CC=CC=C1,,1661000,,,35.8,,48.4,94.2,99.5,84.2,,60,1bar,0.5,Cr(AcAc)3,1.1,methylcyclohexane,30,MMAO-3A,1000,20,0.42,10.1039/d4dt01521e
,,C=C(C)P(CC)N(C(C)C)P(C1=CC=CC=C1)C1=CC=CC=C1,,490000,,,13.5,,70.7,70.9,99.9,84.2,,40,40bar,0.5,Cr(AcAc)3,1.1,methylcyclohexane,30,MMAO-3A,1000,20,1.3,10.1039/d4dt01521e
,,C=C(C)P(CC)N(C(C)C)P(C1=CC=CC=C1)C1=CC=CC=C1,,1078000,,,35.9,,52.5,93.3,99.6,88.4,,60,40bar,0.5,Cr(AcAc)3,1.1,methylcyclohexane,30,MMAO-3A,1000,20,0.25,10.1039/d4dt01521e
,,C=C(C)P(CC)N(C(C)C)P(C1=CC=CC=C1)C1=CC=CC=C1,,1212000,,,41.8,,47.5,93.3,99.6,89.3,,80,40bar,0.5,Cr(AcAc)3,1.1,methylcyclohexane,30,MMAO-3A,1000,20,0.25,10.1039/d4dt01521e
,,C=C(C)P(CC)N(C(C)C)P(C1=CC=CC=C1)C1=CC=CC=C1,,637000,,,53,,37.4,93.9,99.5,90.4,,100,40bar,0.5,Cr(AcAc)3,1.1,methylcyclohexane,30,MMAO-3A,1000,20,0.86,10.1039/d4dt01521e
,,C=C(C)P(CC)N(C(C)C)P(C1=CC=CC=C1)C1=CC=CC=C1,,1212000,,,41.8,,47.5,93.3,99.6,89.3,,80,40bar,0.5,Cr(AcAc)3,1.1,methylcyclohexane,30,MMAO-3A,1000,20,0.25,10.1039/d4dt01521e
,,C=C(C)P(CC)N(C(C)C)P(C1=CC=CC=C1)C1=CC=CC=C1,,1280000,,,42,,48.5,94,99.7,90.6,,80,40bar,0.3,Cr(AcAc)3,1.1,methylcyclohexane,30,MMAO-3A,1000,20,0.65,10.1039/d4dt01521e
,,C=C(C)P(CC)N(C(C)C)P(C1=CC=CC=C1)C1=CC=CC=C1,,1788000,,,45.8,,44.9,94.6,99.7,90.7,,80,40bar,0.3,Cr(AcAc)3,1.1,methylcyclohexane,30,MMAO-3A,1500,20,0.27,10.1039/d4dt01521e
,,C=C(C)P(CC)N(C(C)C)P(C1=CC=CC=C1)C1=CC=CC=C1,,922000,,,40.4,,50,93.3,99.9,90.4,,80,40bar,0.3,Cr(AcAc)3,1.1,methylcyclohexane,30,MMAO-3A,2000,20,0.32,10.1039/d4dt01521e
,,C=C(C)P(CC)N(C(C)C)P(C1=CC=CC=C1)C1=CC=CC=C1,,1256000,,,26,,65.5,94.2,99.7,91.5,,80,40bar,0.3,Cr(AcAc)3,1.1,methylcyclohexane,30,MMAO-3A,1000,20,0.64,10.1039/d4dt01521e
,,C=C(C)P(CC)N(C(C)C)P(C1=CC=CC=C1)C1=CC=CC=C1,,1422000,,,44,,34.1,94.1,99.4,78.1,,60,40bar,0.3,Cr(AcAc)3,1.1,methylcyclohexane,30,MMAO-3A,1500,20,0.45,10.1039/d4dt01521e
,,C=C(C)P(CC)N(C(C)C)P(C1=CC=CC=C1)C1=CC=CC=C1,,562000,,,46.6,,42.2,93.5,98,88.8,,80,30bar,0.3,Cr(AcAc)3,1.1,methylcyclohexane,30,MMAO-3A,1500,20,0.61,10.1039/d4dt01521e
,,C=C(C)P(CC)N(C(C)C)P(C1=CC=CC=C1)C1=CC=CC=C1,,29000,,,45.6,,37.2,82.8,99.9,82.8,,80,20bar,0.3,Cr(AcAc)3,1.1,methylcyclohexane,30,MMAO-3A,1500,20,0.18,10.1039/d4dt01521e
7,,C=C(C)P(/C(C)=C/C)N(C(C)C)P(C1=CC=CC=C1)C1=CC=CC=C1,,1216000,,,38.3,,47,89.3,99.3,85.3,,60,40bar,0.5,Cr(AcAc)3,1.1,methylcyclohexane,30,MMAO-3A,1000,20,0.47,10.1039/d4dt01521e
8,,CC(C)N(P(C1=CC=CC=C1)C1=CC=CC=C1)P(C1=CC=CC=C1)C1=CC=CC=C1,,878000,,,16.3,,69.1,78.8,99.2,85.4,,60,40bar,0.5,Cr(AcAc)3,1.1,methylcyclohexane,30,MMAO-3A,1000,20,0.56,10.1039/d4dt01521e
1,,C1=CC=C(P(C2=CC=CC=C2)N(CC2CCCO2)P(C2=CC=CC=C2)C2=CC=CC=C2)C=C1,13000,,,23.9,10.8745,61.7,59.232,45.5,96,70.1065,,35,4MPa,5,CrCl3(THF)3,1,toluene,80,MAO,750,30,28.8,10.6023/cjoc201703010
,,C1=CC=C(P(C2=CC=CC=C2)N(CC2CCCO2)P(C2=CC=CC=C2)C2=CC=CC=C2)C=C1,6500,,,20.3,8.5666,65.5,62.9455,42.2,96.1,71.5121,,35,4MPa,5,Cr(AcAc)3,1,toluene,80,MAO,750,30,46.4,10.6023/cjoc201703010
,,C1=CC=C(P(C2=CC=CC=C2)N(CC2CCCO2)P(C2=CC=CC=C2)C2=CC=CC=C2)C=C1,2200,,,29.9,16.2955,60.1,53.9097,54.5,89.7,70.2052,,35,4MPa,5,CrCl2(THF)2,1,toluene,80,MAO,750,30,39.3,10.6023/cjoc201703010
2(复合物）,,C1=CC=C(P(C2=CC=CC=C2)N(CC2CCCO2)P(C2=CC=CC=C2)C2=CC=CC=C2)C=C1,13500,,,22.6,9.9214,63.3,60.6414,43.9,95.8,70.5628,,35,4MPa,5,CrCl3(THF)3,1,toluene,80,MAO,750,30,27.1,10.6023/cjoc201703010
,,C1=CC=C(P(C2=CC=CC=C2)N(CC2CCCO2)P(C2=CC=CC=C2)C2=CC=CC=C2)C=C1,13700,,,20.5,11.3365,63.5,61.1505,55.3,96.3,72.487,,35,4MPa,5,CrCl3(THF)3,1,toluene,80,MAO,600,30,16.7,10.6023/cjoc201703010
,,C1=CC=C(P(C2=CC=CC=C2)N(CC2CCCO2)P(C2=CC=CC=C2)C2=CC=CC=C2)C=C1,12400,,,19.8,11.7216,65,60.255,59.2,92.7,71.9766,,35,4MPa,5,CrCl3(THF)3,1,toluene,80,MAO,500,30,19.3,10.6023/cjoc201703010
,,C1=CC=C(P(C2=CC=CC=C2)N(CC2CCCO2)P(C2=CC=CC=C2)C2=CC=CC=C2)C=C1,4400,,,19.8,11.1672,56.7,53.5815,56.4,94.5,64.7487,,35,4MPa,5,CrCl3(THF)3,1,toluene,80,MAO,400,30,42.1,10.6023/cjoc201703010
,,C1=CC=C(P(C2=CC=CC=C2)N(CC2CCCO2)P(C2=CC=CC=C2)C2=CC=CC=C2)C=C1,11700,,,13.9,7.2697,63.8,61.8222,52.3,96.9,69.0919,,28,4MPa,5,CrCl3(THF)3,1,toluene,80,MAO,600,30,16.1,10.6023/cjoc201703010
,,C1=CC=C(P(C2=CC=CC=C2)N(CC2CCCO2)P(C2=CC=CC=C2)C2=CC=CC=C2)C=C1,10600,,,21.8,11.1616,61.1,59.1448,51.2,96.8,70.3064,,40,4MPa,5,CrCl3(THF)3,1,toluene,80,MAO,600,30,51.4,10.6023/cjoc201703010
,,C1=CC=C(P(C2=CC=CC=C2)N(CC2CCCO2)P(C2=CC=CC=C2)C2=CC=CC=C2)C=C1,12900,,,23,11.431,60.2,58.8756,49.7,97.8,70.3066,,45,4MPa,5,CrCl3(THF)3,1,toluene,80,MAO,600,30,58.3,10.6023/cjoc201703010
,,C1=CC=C(P(C2=CC=CC=C2)N(CC2CCCO2)P(C2=CC=CC=C2)C2=CC=CC=C2)C=C1,13800,,,24.6,16.359,57.7,56.8922,66.5,98.6,73.2512,,50,4MPa,5,CrCl3(THF)3,1,toluene,80,MAO,600,30,65.4,10.6023/cjoc201703010
,,C1=CC=C(P(C2=CC=CC=C2)N(CC2CCCO2)P(C2=CC=CC=C2)C2=CC=CC=C2)C=C1,10500,,,22.6,12.2718,60.2,58.695,54.3,97.5,70.9668,,35,3MPa,5,CrCl3(THF)3,1,toluene,80,MAO,600,30,18.4,10.6023/cjoc201703010
,,C1=CC=C(P(C2=CC=CC=C2)N(CC2CCCO2)P(C2=CC=CC=C2)C2=CC=CC=C2)C=C1,11900,,,22,10.912,61,59.231,49.6,97.1,70.143,,35,3.5MPa,5,CrCl3(THF)3,1,toluene,80,MAO,600,30,25.2,10.6023/cjoc201703010
,,C1=CC=C(P(C2=CC=CC=C2)N(CC2CCCO2)P(C2=CC=CC=C2)C2=CC=CC=C2)C=C1,15900,,,17.1,10.3626,64.8,63.5688,60.6,98.1,73.9314,,35,4.5MPa,5,CrCl3(THF)3,1,toluene,80,MAO,600,30,16.4,10.6023/cjoc201703010
,,C1=CC=C(P(C2=CC=CC=C2)N(CC2CCCO2)P(C2=CC=CC=C2)C2=CC=CC=C2)C=C1,12500,,,25.5,13.056,63.5,60.96,51.2,96,74.016,,35,4MPa,5,CrCl3(THF)3,1,toluene,80,MAO,600,60,18.5,10.6023/cjoc201703010
,,C1=CC=C(P(C2=CC=CC=C2)N(CC2CCCO2)P(C2=CC=CC=C2)C2=CC=CC=C2)C=C1,11800,,,27.5,14.19,61.3,59.7675,51.6,97.5,73.9575,,35,4MPa,5,CrCl3(THF)3,1,toluene,80,MAO,600,120,20.8,10.6023/cjoc201703010
,,C1=CC=C(P(C2=CC=CC=C2)N(CC2CCCO2)P(C2=CC=CC=C2)C2=CC=CC=C2)C=C1,7800,,,28.2,15.0588,60.5,58.5035,53.4,96.7,73.5623,,35,4MPa,5,CrCl3(THF)3,1,toluene,80,MAO,600,240,32.6,10.6023/cjoc201703010
,,C1=CC=C(P(C2=CC=CC=C2)N(CC2CCCO2)P(C2=CC=CC=C2)C2=CC=CC=C2)C=C1,15500,,,20.6,11.5772,63.2,61.1776,56.2,96.8,72.7548,,35,4MPa,2,CrCl3(THF)3,1,toluene,80,MAO,600,30,18.6,10.6023/cjoc201703010
,,C1=CC=C(P(C2=CC=CC=C2)N(CC2CCCO2)P(C2=CC=CC=C2)C2=CC=CC=C2)C=C1,13800,,,20.8,11.336,62.8,60.602,54.5,96.5,71.938,,35,4MPa,10,CrCl3(THF)3,1,toluene,80,MAO,600,30,16.8,10.6023/cjoc201703010
,,C1=CC=C(P(C2=CC=CC=C2)N(CC2CCCO2)P(C2=CC=CC=C2)C2=CC=CC=C2)C=C1,10500,,,32.4,18.1764,56.7,54.2052,56.1,95.6,72.3816,,35,4MPa,5,CrCl3(THF)3,1,chlorobenzene,80,MAO,600,30,32.8,10.6023/cjoc201703010
,,C1=CC=C(P(C2=CC=CC=C2)N(CC2CCCO2)P(C2=CC=CC=C2)C2=CC=CC=C2)C=C1,13100,,,29.1,15.5685,59.1,56.5587,53.5,95.7,72.1272,,35,4MPa,5,CrCl3(THF)3,1,Cyclohexane,80,MAO,600,30,15,10.6023/cjoc201703010
1,,CC(C)N(P(C1=CC=CC=C1)C1=CC=CC=C1)P(C1=CC=CC=C1)C1=CC=CC=C1,1600,,,75,,,22,97,,,,25,6.896bar,1000,CrCl(p-tolyl)(THF)3,1,PhCl,7.5,Brønsted,1,45,<1,10.6023/cjoc201703010
,,CC(C)N(P(C1=CC=CC=C1)C1=CC=CC=C1)P(C1=CC=CC=C1)C1=CC=CC=C1,500,,,77,,,21,97,,,,25,6.896bar,1000,CrCl(Me)(THF)3,1,PhCl,7.5,Brønsted,1,45,0,10.1021/acs.organomet.7b00706
,,CC(C)N(P(C1=CC=CC=C1)C1=CC=CC=C1)P(C1=CC=CC=C1)C1=CC=CC=C1,4200,,,47,,,37,92,,,,25,6.896bar,1000,CrCl(p-tolyl)(THF)3,1,PhCl,7.5,MMAO,5,45,<1,10.1021/acs.organomet.7b00706
,,CC(C)N(P(C1=CC=CC=C1)C1=CC=CC=C1)P(C1=CC=CC=C1)C1=CC=CC=C1,5200,,,43,,,41,89,,,,25,6.896bar,1000,CrCls(THF)3,1,PhCl,7.5,MMAO,300,45,<1,10.1021/acs.organomet.7b00706
2,,C1=CC=C(N(P(C2=CC=CC=C2)C2=CC=CC=C2)P(C2=CC=CC=C2)C2=CC=CC=C2)C=C1,980,,,62,,,36,87,,,,25,6.896bar,1000,CrCl(p-tolyl)(THF)3,1,PhCl,7.5,Brønsted,1,45,0,10.1021/acs.organomet.7b00706
,,C1=CC=C(N(P(C2=CC=CC=C2)C2=CC=CC=C2)P(C2=CC=CC=C2)C2=CC=CC=C2)C=C1,260,,,66,,,34,88,,,,25,6.896bar,1000,CrCl(Me)(THF)3,1,PhCl,7.5,Brønsted,1,45,0,10.1021/acs.organomet.7b00706
,,C1=CC=C(N(P(C2=CC=CC=C2)C2=CC=CC=C2)P(C2=CC=CC=C2)C2=CC=CC=C2)C=C1,1500,,,46,,,48,77,,,,25,6.896bar,1000,CrCl(p-tolyl)(THF)3,1,PhCl,7.5,MMAO,5,45,1,10.1021/acs.organomet.7b00706
,,C1=CC=C(N(P(C2=CC=CC=C2)C2=CC=CC=C2)P(C2=CC=CC=C2)C2=CC=CC=C2)C=C1,1900,,,52,,,43,81,,,,25,6.896bar,1000,CrCl(Me)(THF)3,1,PhCl,7.5,MMAO,5,45,0,10.1021/acs.organomet.7b00706
,,C1=CC=C(N(P(C2=CC=CC=C2)C2=CC=CC=C2)P(C2=CC=CC=C2)C2=CC=CC=C2)C=C1,3100,,,40,,,50,73,,,,25,6.896bar,1000,CrCls(THF)3,1,PhCl,7.5,MMAO,300,45,<1,10.1021/acs.organomet.7b00706
,,C1=CC=C(N(P(C2=CC=CC=C2)C2=CC=CC=C2)P(C2=CC=CC=C2)C2=CC=CC=C2)C=C1,3300,,,46,,,43,75,,,,25,6.896bar,1000,CrCl(p-tolyl)(THF)3,1,PhCl,7.5,Brønsted,1,45,<1,10.1021/acs.organomet.7b00706
,,C1=CC=C(N(P(C2=CC=CC=C2)C2=CC=CC=C2)P(C2=CC=CC=C2)C2=CC=CC=C2)C=C1,3900,,,42,,,40,78,,,,25,6.896bar,1000,CrCl(p-tolyl)(THF)3,1,PhCl,7.5,MMAO,5,45,2,10.1021/acs.organomet.7b00706
,,C1=CC=C(N(P(C2=CC=CC=C2)C2=CC=CC=C2)P(C2=CC=CC=C2)C2=CC=CC=C2)C=C1,3700,,,43,,,44,75,,,,25,6.896bar,1000,CrCl(Me)(THF)3,1,PhCl,7.5,Brønsted,1,45,<1,10.1021/acs.organomet.7b00706
,,C1=CC=C(N(P(C2=CC=CC=C2)C2=CC=CC=C2)P(C2=CC=CC=C2)C2=CC=CC=C2)C=C1,4600,,,48,,,36,81,,,,25,6.896bar,1000,CrCl(Me)(THF)3,1,PhCl,7.5,MMAO,5,45,1,10.1021/acs.organomet.7b00706
,,CC(C)N(P(C1=CC=CC=C1)C1=CC=CC=C1)P(C1=CC=CC=C1)C1=CC=CC=C1,12031,,,,23.3,,61,,,,,30,10bar,10,CrCl3(THF)3,1,toluene,100,MAO,300,30,3.9,10.1021/acscatal.5b00989
,,CC(C)N(P(C1=CC=CC=C1)C1=CC=CC=C1)P(C1=CC=CC=C1)C1=CC=CC=C1,26441,,,,14.3,,66.1,,,,,30,20bar,10,CrCl3(THF)3,1,toluene,100,MAO,300,30,6.2,10.1021/acscatal.5b00989
,,CC(C)N(P(C1=CC=CC=C1)C1=CC=CC=C1)P(C1=CC=CC=C1)C1=CC=CC=C1,48815,,,,12,,67.2,,,,,30,30bar,10,CrCl3(THF)3,1,toluene,100,MAO,300,30,5,10.1021/acscatal.5b00989
,,CC(C)N(P(C1=CC=CC=C1)C1=CC=CC=C1)P(C1=CC=CC=C1)C1=CC=CC=C1,73826,,,,8.5,,68.2,,,,,30,40bar,10,CrCl3(THF)3,1,toluene,100,MAO,300,30,5.7,10.1021/acscatal.5b00989
,,CC(C)N(P(C1=CC=CC=C1)C1=CC=CC=C1)P(C1=CC=CC=C1)C1=CC=CC=C1,108803,,,,8.5,,65.1,,,,,30,50bar,10,CrCl3(THF)3,1,toluene,100,MAO,300,30,7.5,10.1021/acscatal.5b00989
1,,FC(F)(F)C1=CC=CC(N(P(C2=CC=CC=C2)C2=CC=CC=C2)P(C2=CC=CC=C2)C2=CC=CC=C2)=C1,,12000,,,11.9,,58.6,,,70.5,,30,45bar,2,Cr(AcAc)3,1,Cyclohexane,100,MMAO-3A,1000,30,12.7,10.1021/acsomega.1c06657
,,FC(F)(F)C1=CC=CC(N(P(C2=CC=CC=C2)C2=CC=CC=C2)P(C2=CC=CC=C2)C2=CC=CC=C2)=C1,,116000,,,10.2,,69.4,,,79.6,,45,45bar,2,Cr(AcAc)3,1,Cyclohexane,100,MMAO-3A,1000,30,2,10.1021/acsomega.1c06657
,,FC(F)(F)C1=CC=CC(N(P(C2=CC=CC=C2)C2=CC=CC=C2)P(C2=CC=CC=C2)C2=CC=CC=C2)=C1,,6136000,,,11.7,,69.3,,,81,,45,45bar,2,Cr(AcAc)3,1,Cyclohexane,100,MMAO-3A,1000,30,2.8,10.1021/acsomega.1c06657
,,FC(F)(F)C1=CC=CC(N(P(C2=CC=CC=C2)C2=CC=CC=C2)P(C2=CC=CC=C2)C2=CC=CC=C2)=C1,,236000,,,11.4,,73.2,,,84.6,,60,45bar,2,Cr(AcAc)3,1,Cyclohexane,100,MMAO-3A,1000,30,0.8,10.1021/acsomega.1c06657
,,FC(F)(F)C1=CC=CC(N(P(C2=CC=CC=C2)C2=CC=CC=C2)P(C2=CC=CC=C2)C2=CC=CC=C2)=C1,,315000,,,18.1,,69.4,,,87.5,,75,45bar,2,Cr(AcAc)3,1,Cyclohexane,100,MMAO-3A,1000,30,0.5,10.1021/acsomega.1c06657
,,FC(F)(F)C1=CC=CC(N(P(C2=CC=CC=C2)C2=CC=CC=C2)P(C2=CC=CC=C2)C2=CC=CC=C2)=C1,,551000,,,18.2,,69.1,,,87.3,,75,45bar,2,Cr(AcAc)3,1,Cyclohexane,100,MMAO-3A,2000,30,1.1,10.1021/acsomega.1c06657
,,FC(F)(F)C1=CC=CC(N(P(C2=CC=CC=C2)C2=CC=CC=C2)P(C2=CC=CC=C2)C2=CC=CC=C2)=C1,,789000,,,19.1,,69.3,,,88.3,,75,45bar,1,Cr(AcAc)3,1,Cyclohexane,100,MMAO-3A,2000,10,1,10.1021/acsomega.1c06657
,,FC(F)(F)C1=CC=CC(N(P(C2=CC=CC=C2)C2=CC=CC=C2)P(C2=CC=CC=C2)C2=CC=CC=C2)=C1,,700000,,,20.2,,67.8,,,88,,75,45bar,2,Cr(AcAc)3,1,Cyclohexane,100,MMAO-3A,1000,30,0.2,10.1021/acsomega.1c06657
,,FC(F)(F)C1=CC=CC(N(P(C2=CC=CC=C2)C2=CC=CC=C2)P(C2=CC=CC=C2)C2=CC=CC=C2)=C1,,208000,,,22,,59,,,81,,90,45bar,2,Cr(AcAc)3,1,Cyclohexane,150,MMAO-3A,2000,10,3.7,10.1021/acsomega.1c06657
,,FC(F)(F)C1=CC=CC(N(P(C2=CC=CC=C2)C2=CC=CC=C2)P(C2=CC=CC=C2)C2=CC=CC=C2)=C1,,789000,,,19.1,,69.3,,,88.3,,75,45bar,1,Cr(AcAc)3,1,Cyclohexane,100,MMAO-3A,2000,10,1,10.1021/acsomega.1c06657
,,FC(F)(F)C1=CC=CC(N(P(C2=CC=CC=C2)C2=CC=CC=C2)P(C2=CC=CC=C2)C2=CC=CC=C2)=C1,,447000,,,20.8,,69.4,,,79.6,,75,45bar,1,Cr(AcAc)3,1,methylcyclohexane,100,MMAO-3A,2000,10,2,10.1021/acsomega.1c06657
,,FC(F)(F)C1=CC=CC(N(P(C2=CC=CC=C2)C2=CC=CC=C2)P(C2=CC=CC=C2)C2=CC=CC=C2)=C1,,281000,,,22.5,,69.3,,,81,,75,45bar,1,Cr(AcAc)3,1,trimethy propane,100,MMAO-3A,2000,10,2.8,10.1021/acsomega.1c06657
,,FC(F)(F)C1=CC=CC(N(P(C2=CC=CC=C2)C2=CC=CC=C2)P(C2=CC=CC=C2)C2=CC=CC=C2)=C1,,2000000,,,31,,59.5,,,90.5,,75,45bar,1,Cr(AcAc)3,1,chlorobenzene),100,MMAO-3A,2000,10,0.9,10.1021/acsomega.1c06657
,,FC(F)(F)C1=CC=CC(N(P(C2=CC=CC=C2)C2=CC=CC=C2)P(C2=CC=CC=C2)C2=CC=CC=C2)=C1,,2000000,,,31,,59.5,,,90.5,,75,45bar,1,Cr(AcAc)3,1,chlorobenzene),100,MMAO-3A,2000,10,0.9,10.1021/acsomega.1c06657
,,FC(F)(F)C1=CC=CC(N(P(C2=CC=CC=C2)C2=CC=CC=C2)P(C2=CC=CC=C2)C2=CC=CC=C2)=C1,,1852000,,,20.6,,67.7,,,88.3,,60,45bar,1,Cr(AcAc)3,1,chlorobenzene),100,MMAO-3A,2000,10,0.7,10.1021/acsomega.1c06657
,,FC(F)(F)C1=CC=CC(N(P(C2=CC=CC=C2)C2=CC=CC=C2)P(C2=CC=CC=C2)C2=CC=CC=C2)=C1,,1492000,,,13.5,,69.1,,,82.5,,45,45bar,1,Cr(AcAc)3,1,chlorobenzene),100,MMAO-3A,2000,10,0.8,10.1021/acsomega.1c06657
2,,CC1=CC=CC(N(P(C2=CC=CC=C2)C2=CC=CC=C2)P(C2=CC=CC=C2)C2=CC=CC=C2)=C1,,999000,,,29.5,,60.2,,,89.7,,75,45bar,1,Cr(AcAc)3,1,chlorobenzene),100,MMAO-3A,2000,10,1.7,10.1021/acsomega.1c06657
3,,CCC1=CC=CC(N(P(C2=CC=CC=C2)C2=CC=CC=C2)P(C2=CC=CC=C2)C2=CC=CC=C2)=C1,,1377000,,,29.6,,61.2,,,90.8,,75,45bar,1,Cr(AcAc)3,1,chlorobenzene),100,MMAO-3A,2000,10,0.7,10.1021/acsomega.1c06657
4,,CC1=CC(C)=CC(N(P(C2=CC=CC=C2)C2=CC=CC=C2)P(C2=CC=CC=C2)C2=CC=CC=C2)=C1,,1127000,,,29.8,,60.5,,,90.3,,75,45bar,1,Cr(AcAc)3,1,chlorobenzene),100,MMAO-3A,2000,10,2.1,10.1021/acsomega.1c06657
5,,CC1=CC=CC(N(P(C2=CC=CC=C2)C2=CC=CC=C2)P(C2=CC=CC=C2)C2=CC=CC=C2)=C1,,661000,,,29.4,,53.9,,,83.3,,75,45bar,1,Cr(AcAc)3,1,chlorobenzene),100,MMAO-3A,2000,10,8.7,10.1021/acsomega.1c06657
6,,FC(F)C1=CC(N(P(C2=CC=CC=C2)C2=CC=CC=C2)P(C2=CC=CC=C2)C2=CC=CC=C2)=CC(C(F)(F)F)=C1,,329000,,,30.9,,52.5,,,83.4,,75,45bar,1,Cr(AcAc)3,1,chlorobenzene),100,MMAO-3A,2000,10,5.2,10.1021/acsomega.1c06657
7,,CN(P(C1=CC=CC=C1)C1=CC=CC=C1)P(C1=CC=CC=C1)C1=CC=CC=C1,,1184000,,,18.6,,69.9,,,88.5,,45,45bar,1,Cr(AcAc)3,1,chlorobenzene),100,MMAO-3A,2000,10,3.5,10.1021/acsomega.1c06657
,,CN(P(C1=CC=CC=C1)C1=CC=CC=C1)P(C1=CC=CC=C1)C1=CC=CC=C1,,680000,,,28.7,,59.7,,,88.4,,60,45bar,1,Cr(AcAc)3,1,chlorobenzene),100,MMAO-3A,2000,10,3.1,10.1021/acsomega.1c06657
,,CN(P(C1=CC=CC=C1)C1=CC=CC=C1)P(C1=CC=CC=C1)C1=CC=CC=C1,,502000,,,40.2,,49.4,,,89.6,,75,45bar,1,Cr(AcAc)3,1,chlorobenzene),100,MMAO-3A,2000,10,2.9,10.1021/acsomega.1c06657
8,,FC(F)(F)C1=C(N=P(C2=CC=CC=C2)(C2=CC=CC=C2)P(C2=CC=CC=C2)C2=CC=CC=C2)C=CC=C1,,89000,,,2.9,,2.5,,,5.5,,75,45bar,1,Cr(AcAc)3,1,chlorobenzene),100,MMAO-3A,2000,10,94,10.1021/acsomega.1c06657
9,,FCC1=CC=C(N(P(C2=CC=CC=C2)C2=CC=CC=C2)P(C2=CC=CC=C2)C2=CC=CC=C2)C=C1,,522000,,,30.9,,57.6,,,88.5,,75,45bar,1,Cr(AcAc)3,1,chlorobenzene),100,MMAO-3A,2000,10,2.9,10.1021/acsomega.1c06657
,,FCC1=CC=C(N(P(C2=CC=CC=C2)C2=CC=CC=C2)P(C2=CC=CC=C2)C2=CC=CC=C2)C=C1,,1329000,,,30.1,,59.8,,,89.9,,75,45bar,1,CrCl3(THF)3,1,chlorobenzene),100,MMAO-3A,2000,10,1.9,10.1021/acsomega.1c06657
,,FCC1=CC=C(N(P(C2=CC=CC=C2)C2=CC=CC=C2)P(C2=CC=CC=C2)C2=CC=CC=C2)C=C1,,1168000,,,21,,67.6,,,88.6,,60,45bar,1,CrCl3(THF)3,1,chlorobenzene),100,MMAO-3A,2000,10,0.5,10.1021/acsomega.1c06657
,,FCC1=CC=C(N(P(C2=CC=CC=C2)C2=CC=CC=C2)P(C2=CC=CC=C2)C2=CC=CC=C2)C=C1,,522000,,,13.9,,67.6,,,81.5,,60,45bar,1,CrCl3(THF)3,1,methylcyclohexane,100,MMAO-3A,2000,10,2,10.1021/acsomega.1c06657
,,FCC1=CC=C(N(P(C2=CC=CC=C2)C2=CC=CC=C2)P(C2=CC=CC=C2)C2=CC=CC=C2)C=C1,,445000,,,15.2,,69.3,,,84.5,,60,45bar,1,CrCl3(THF)3,1,decahydronaphthalene,100,MMAO-3A,2000,10,2,10.1021/acsomega.1c06657
,,FCC1=CC=C(N(P(C2=CC=CC=C2)C2=CC=CC=C2)P(C2=CC=CC=C2)C2=CC=CC=C2)C=C1,,752000,,,13.1,,71.1,,,84.2,,60,45bar,1,CrCl3(THF)3,1,Cyclohexane,100,MMAO-3A,2000,10,0.9,10.1021/acsomega.1c06657
1,,COC1=CC=CC(N(P(C2=CC=CC=C2)C2=CC=CC=C2)P(C2=CC=CC=C2)C2=CC=CC=C2)=C1,,400000,,,16,,69.5,,,85.5,,60,45bar,1,Cr(AcAc)3,1,Cyclohexane,100,MMAO-3A,2000,10,0.7,10.1021/acsomega.1c06657
,,COC1=CC=CC(N(P(C2=CC=CC=C2)C2=CC=CC=C2)P(C2=CC=CC=C2)C2=CC=CC=C2)=C1,,608000,,,14.6,,68.6,,,83.1,,60,45bar,1,Cr(AcAc)3,1,methylcyclohexane,100,MMAO-3A,2000,10,0.9,10.1021/acsomega.1c06657
,,COC1=CC=CC(N(P(C2=CC=CC=C2)C2=CC=CC=C2)P(C2=CC=CC=C2)C2=CC=CC=C2)=C1,,655000,,,15,,67.8,,,82.9,,60,45bar,1,Cr(AcAc)3,1,decahydronaphthalene,100,MMAO-3A,2000,10,1.5,10.1021/acsomega.1c06657
,,COC1=CC=CC(N(P(C2=CC=CC=C2)C2=CC=CC=C2)P(C2=CC=CC=C2)C2=CC=CC=C2)=C1,,3342000,,,20.8,,67.9,,,88.7,,60,45bar,1,Cr(AcAc)3,1,chlorobenzene,100,MMAO-3A,2000,10,1,10.1021/acsomega.1c06657
,,COC1=CC=CC(N(P(C2=CC=CC=C2)C2=CC=CC=C2)P(C2=CC=CC=C2)C2=CC=CC=C2)=C1,,1890000,,,16.2,,70.3,,,86.6,,60,45bar,1,Cr(AcAc)3,1,chlorobenzene,100,MMAO-3A,2000,10,1.4,10.1021/acsomega.1c06657
,,COC1=CC=CC(N(P(C2=CC=CC=C2)C2=CC=CC=C2)P(C2=CC=CC=C2)C2=CC=CC=C2)=C1,,871000,,,33.4,,57,,,90.4,,60,45bar,1,Cr(AcAc)3,1,chlorobenzene,100,MMAO-3A,2000,10,1.6,10.1021/acsomega.1c06657
,,COC1=CC=CC(N(P(C2=CC=CC=C2)C2=CC=CC=C2)P(C2=CC=CC=C2)C2=CC=CC=C2)=C1,,1669000,,,21.3,,67.5,,,88.8,,60,45bar,1,CrCl3(THF)3,1,chlorobenzene,100,MMAO-3A,2000,10,0.6,10.1021/acsomega.1c06657
,,COC1=CC=CC(N(P(C2=CC=CC=C2)C2=CC=CC=C2)P(C2=CC=CC=C2)C2=CC=CC=C2)=C1,,1500000,,,11.7,,70.3,,,82,,45,45bar,1,Cr(AcAc)3,1,chlorobenzene,100,MMAO-3A,2000,60,1.6,10.1021/acsomega.1c06657
,,COC1=CC=CC(N(P(C2=CC=CC=C2)C2=CC=CC=C2)P(C2=CC=CC=C2)C2=CC=CC=C2)=C1,,657000,,,11.7,,70,,,82,,45,45bar,2,Cr(AcAc)3,1,chlorobenzene,100,MMAO-3A,2000,120,1.3,10.1021/acsomega.1c06657
2,,C1=CC=C(P(C2=CC=CC=C2)C(C2=CC=CC(OCCCCCOC3=CC=CC(N(P(C4=CC=CC=C4)C4=CC=CC=C4)P(C4=CC=CC=C4)C4=CC=CC=C4)=C3)=C2)P(C2=CC=CC=C2)C2=CC=CC=C2)C=C1,,2208000,,,20.7,,66.7,,,87.4,,60,45bar,1,Cr(AcAc)3,1,chlorobenzene,100,MMAO-3A,2000,10,1.1,10.1021/acsomega.1c06657
3,,CC(C)(C)[Si](C)(C)OC1=CC=CC(N(P(C2=CC=CC=C2)C2=CC=CC=C2)P(C2=CC=CC=C2)C2=CC=CC=C2)=C1,,1485000,,,14.5,,68.7,,,83.2,,45,45bar,1,Cr(AcAc)3,1,chlorobenzene,100,MMAO-3A,2000,10,3.2,10.1021/acsomega.1c06657
,,CC(C)(C)[Si](C)(C)OC1=CC=CC(N(P(C2=CC=CC=C2)C2=CC=CC=C2)P(C2=CC=CC=C2)C2=CC=CC=C2)=C1,,2686000,,,24,,63.5,,,87.5,,60,45bar,1,Cr(AcAc)3,1,chlorobenzene,100,MMAO-3A,2000,10,3.5,10.1021/acsomega.1c06657
,,CC(C)(C)[Si](C)(C)OC1=CC=CC(N(P(C2=CC=CC=C2)C2=CC=CC=C2)P(C2=CC=CC=C2)C2=CC=CC=C2)=C1,,1171000,,,29.7,,56.5,,,86.2,,75,45bar,1,Cr(AcAc)3,1,chlorobenzene,100,MMAO-3A,2000,10,6.3,10.1021/acsomega.1c06657
4,,CCCC[Si](CCCC)(CCCC)OC1=CC=CC(N(P(C2=CC=CC=C2)C2=CC=CC=C2)P(C2=CC=CC=C2)C2=CC=CC=C2)=C1,,1209000,,,13.2,,69.3,,,82.5,,45,45bar,1,Cr(AcAc)3,1,chlorobenzene,100,MMAO-3A,2000,10,4.6,10.1021/acsomega.1c06657
,,CCCC[Si](CCCC)(CCCC)OC1=CC=CC(N(P(C2=CC=CC=C2)C2=CC=CC=C2)P(C2=CC=CC=C2)C2=CC=CC=C2)=C1,,2036000,,,19,,62.2,,,81.1,,60,45bar,1,Cr(AcAc)3,1,chlorobenzene,100,MMAO-3A,2000,10,9.6,10.1021/acsomega.1c06657
,,CCCC[Si](CCCC)(CCCC)OC1=CC=CC(N(P(C2=CC=CC=C2)C2=CC=CC=C2)P(C2=CC=CC=C2)C2=CC=CC=C2)=C1,,894000,,,27.6,,51.7,,,79.3,,75,45bar,1,Cr(AcAc)3,1,chlorobenzene,100,MMAO-3A,2000,10,13.3,10.1021/acsomega.1c06657
5,,COC1=CC=C(N(P(C2=CC=CC=C2)C2=CC=CC=C2)P(C2=CC=CC=C2)C2=CC=CC=C2)C=C1,,2180000,,,22.6,,66.2,,,88.8,,60,45bar,1,Cr(AcAc)3,1,chlorobenzene,100,MMAO-3A,2000,10,0.8,10.1021/acsomega.1c06657
6,,CN(P(C1=CC=CC=C1)C1=CC=CC=C1)P(C1=CC=CC=C1)C1=CC=CC=C1,,680000,,,28.7,,59.7,,,88.4,,60,45bar,1,Cr(AcAc)3,1,chlorobenzene,100,MMAO-3A,2000,10,3.1,10.1021/acsomega.1c06657
,,CN(P(C1=CC=CC=C1)C1=CC=CC=C1)P(C1=CC=CC=C1)C1=CC=CC=C1,,1184000,,,18.6,,69.9,,,88.5,,45,45bar,1,Cr(AcAc)3,1,chlorobenzene,100,MMAO-3A,2000,10,3.5,10.1021/acsomega.1c06657
1a,,[H]N(CP(C1=CC=CC=C1)C1=CC=CC=C1)C1=CC=CC2=C1C=CC=C2,47000,,,36.3,36.3,36.3,36.3,81.9,99.9,,,60,50bar,5,Cr(AcAc)3,1,Cyclohexane,100,MMAO-3A,480,,74.2,10.1039/d1dt00287b
1b,,[H]N(CP(C1=CC=CC=C1)C1=CC=CC=C1)C1=CC=C(Cl)C2=C1C=CC=C2,62000,,,28.7,25,28.7,25,77.4,87.1,,,60,45bar,2.5,Cr(AcAc)3,1,methylcyclohexane,100,MMAO-3A,960,,63.2,10.1039/d1dt00287b
1c,,[H]N(CP(C1=CC=CC=C1)C1=CC=CC=C1)C1=CC=C(Br)C2=C1C=CC=C2,52000,,,22,17.7,22,17.7,82.6,80.5,,,60,45bar,2.5,Cr(AcAc)3,1,methylcyclohexane,100,MMAO-3A,960,,69.2,10.1039/d1dt00287b
1d,,[H]N(CP(C1=CC=CC=C1)C1=CC=CC=C1)C1=CC=CC2=C1C=CC=C2,42000,,,32.3,28.9,32.3,28.9,87,89.5,,,60,45bar,2.5,Cr(AcAc)3,1,methylcyclohexane,100,MMAO-3A,960,,69.5,10.1039/d1dt00287b
2a,,C1=CC=C(P(CN(C2=CC=CC3=C2C=CC=N3)P(C2=CC=CC=C2)C2=CC=CC=C2)C2=CC=CC=C2)C=C1,3180000,,,48.5,48.2,48.5,48.2,91,99.4,,,60,45bar,2.5,Cr(AcAc)3,1,methylcyclohexane,100,MMAO-3A,960,,0.5,10.1039/d1dt00287b
,,C1=CC=C(P(CN(C2=CC=CC3=C2C=CC=N3)P(C2=CC=CC=C2)C2=CC=CC=C2)C2=CC=CC=C2)C=C1,2080000,,,46,42.1,44.5,44.1,91.5,99.1,,,60,30bar,2.5,Cr(AcAc)3,1,methylcyclohexane,100,MMAO-3A,960,,0.5,10.1039/d1dt00287b
,,C1=CC=C(P(CN(C2=CC=CC3=C2C=CC=N3)P(C2=CC=CC=C2)C2=CC=CC=C2)C2=CC=CC=C2)C=C1,2720000,,,41.1,36.7,51.4,51,89.3,99.2,,,60,50bar,2.5,Cr(AcAc)3,1,methylcyclohexane,100,MMAO-3A,960,,1.2,10.1039/d1dt00287b
,,C1=CC=C(P(CN(C2=CC=CC3=C2C=CC=N3)P(C2=CC=CC=C2)C2=CC=CC=C2)C2=CC=CC=C2)C=C1,2350000,,,39.6,35.3,54.2,53.7,89.1,99.1,,,60,80bar,2.5,Cr(AcAc)3,1,methylcyclohexane,100,MMAO-3A,960,,0.9,10.1039/d1dt00287b
,,C1=CC=C(P(CN(C2=CC=CC3=C2C=CC=N3)P(C2=CC=CC=C2)C2=CC=CC=C2)C2=CC=CC=C2)C=C1,970000,,,29,23.1,62.7,62,79.7,98.9,,,45,50bar,2.5,Cr(AcAc)3,1,methylcyclohexane,100,MMAO-3A,960,,2.9,10.1039/d1dt00287b
,,C1=CC=C(P(CN(C2=CC=CC3=C2C=CC=N3)P(C2=CC=CC=C2)C2=CC=CC=C2)C2=CC=CC=C2)C=C1,2720000,,,41.1,36.7,51.4,51,89.3,99.2,,,60,50bar,2.5,Cr(AcAc)3,1,methylcyclohexane,100,MMAO-3A,960,,1.2,10.1039/d1dt00287b
,,C1=CC=C(P(CN(C2=CC=CC3=C2C=CC=N3)P(C2=CC=CC=C2)C2=CC=CC=C2)C2=CC=CC=C2)C=C1,3110000,,,59.5,56.8,34.4,34.1,95.5,99.1,,,80,50bar,2.5,Cr(AcAc)3,1,methylcyclohexane,100,MMAO-3A,960,,0.6,10.1039/d1dt00287b
2b,,ClC1=CC=C(N(CP(C2=CC=CC=C2)C2=CC=CC=C2)P(C2=CC=CC=C2)C2=CC=CC=C2)C2=C1C=CC=C2,2560000,,,46.2,46.2,46.2,46.2,90.7,99.9,,,60,45bar,2.5,Cr(AcAc)3,1,methylcyclohexane,100,MMAO-3A,960,,0.6,10.1039/d1dt00287b
2c,,ClC1=CC=C(N(CP(C2=CC=CC=C2)C2=CC=CC=C2)P(C2=CC=CC=C2)C2=CC=CC=C2)C2=C1C=CC=C2,2700000,,,44.8,44.5,44.8,44.5,91.1,98.3,,,60,45bar,2.5,Cr(AcAc)3,1,methylcyclohexane,100,MMAO-3A,960,,0.3,10.1039/d1dt00287b
2d,,C1=CC=C(P(CN(C2=CC=CC3=C2C=CC=N3)P(C2=CC=CC=C2)C2=CC=CC=C2)C2=CC=CC=C2)C=C1,3040000,,,42.8,42.3,42.8,42.3,91.8,98.8,,,60,45bar,2.5,Cr(AcAc)3,1,methylcyclohexane,100,MMAO-3A,960,,0.4,10.1039/d1dt00287b
8,,CN(P(C1=CC=CC=C1)C1=CC=CC=C1)P(C1=CC=CC=C1)C1=CC=CC=C1,1500000,,,70.1,69.5,70.1,69.5,76.6,99.1,,,60,45bar,2.5,Cr(AcAc)3,1,methylcyclohexane,100,MMAO-3A,960,,0.3,10.1039/d1dt00287b
9,,C1=CC=C(P(C2=CC=CC=C2)C2=CC=CC=C2P(C2=CC=CC=C2)C2=CC=CC=C2)C=C1,1590000,,,56.5,54.6,56.5,54.6,52,96.6,,,60,45bar,2.5,Cr(AcAc)3,1,methylcyclohexane,100,MMAO-3A,960,,0.2,10.1039/d1dt00287b
10,,CN(N(C)P(C1=CC=CC=C1)C1=CC=CC=C1)P(C1=CC=CC=C1)C1=CC=CC=C1,1410000,,,62.8,62.4,62.8,62.4,82.6,99.4,,,60,45bar,2.5,Cr(AcAc)3,1,methylcyclohexane,100,MMAO-3A,960,,1.4,10.1039/d1dt00287b
7,,FC(F)CN(P(C1=CC=CC=C1)C1=CC=CC=C1)P(C1=CC=CC=C1)C1=CC=CC=C1,75600,,,24.5,24.5,31.8,31.8,100,100,56.3,,50,30bar,10,CrCl3(THF)3,1,toluene,180,MAO,800,30,9.5,10.1021/acsomega.2c04733
8,,CC(C)CN(P(C1=CC=CC=C1)C1=CC=CC=C1)P(C1=CC=CC=C1)C1=CC=CC=C1,62300,,,22.7,9.8972,65.8,65.8,43.6,100,75.6972,,50,30bar,10,CrCl3(THF)3,1,toluene,180,MAO,800,30,1.2,10.1021/acsomega.2c04733
,,CC(C)CN(P(C1=CC=CC=C1)C1=CC=CC=C1)P(C1=CC=CC=C1)C1=CC=CC=C1,134600,,,18.2,5.8968,69.8,69.8,32.4,100,75.6968,,40,40bar,10,CrCl3(THF)3,1,toluene,180,MAO,800,30,1,10.1021/acsomega.2c04733
,,CC(C)CN(P(C1=CC=CC=C1)C1=CC=CC=C1)P(C1=CC=CC=C1)C1=CC=CC=C1,201900,,,20.2,7.6962,69.1,69.1,38.1,100,76.7962,,45,40bar,10,CrCl3(THF)3,1,toluene,180,MAO,800,30,0.9,10.1021/acsomega.2c04733
,,CC(C)CN(P(C1=CC=CC=C1)C1=CC=CC=C1)P(C1=CC=CC=C1)C1=CC=CC=C1,153800,,,22.6,9.6728,67.2,67.2,42.8,100,76.8728,,50,40bar,10,CrCl3(THF)3,1,toluene,180,MAO,800,30,1.4,10.1021/acsomega.2c04733
,,CC(C)CN(P(C1=CC=CC=C1)C1=CC=CC=C1)P(C1=CC=CC=C1)C1=CC=CC=C1,75000,,,23.5,10.857,65.6,65.6,46.2,100,76.457,,55,40bar,10,CrCl3(THF)3,1,toluene,180,MAO,800,30,2.6,10.1021/acsomega.2c04733
,,CC(C)CN(P(C1=CC=CC=C1)C1=CC=CC=C1)P(C1=CC=CC=C1)C1=CC=CC=C1,73100,,,21.3,8.307,67.3,67.3,39,100,75.607,,45,30bar,10,CrCl3(THF)3,1,toluene,180,MAO,800,30,0.9,10.1021/acsomega.2c04733
,,CC(C)CN(P(C1=CC=CC=C1)C1=CC=CC=C1)P(C1=CC=CC=C1)C1=CC=CC=C1,105800,,,20.7,7.9695,68.1,68.1,38.5,100,76.0695,,45,35bar,10,CrCl3(THF)3,1,toluene,180,MAO,800,30,1,10.1021/acsomega.2c04733
,,CC(C)CN(P(C1=CC=CC=C1)C1=CC=CC=C1)P(C1=CC=CC=C1)C1=CC=CC=C1,207700,,,17.1,6.1902,70.2,70.2,36.2,100,76.3902,,45,45bar,10,CrCl3(THF)3,1,toluene,180,MAO,800,30,0.8,10.1021/acsomega.2c04733
,,CC(C)CN(P(C1=CC=CC=C1)C1=CC=CC=C1)P(C1=CC=CC=C1)C1=CC=CC=C1,182500,,,19.2,7.0656,68.2,68.2,36.8,100,75.2656,,45,45bar,10,CrCl3(THF)3,1,toluene,180,MAO,1000,30,1,10.1021/acsomega.2c04733
,,CC(C)CN(P(C1=CC=CC=C1)C1=CC=CC=C1)P(C1=CC=CC=C1)C1=CC=CC=C1,190600,,,18.8,6.862,69.5,69.5,36.5,100,76.362,,45,45bar,10,CrCl3(THF)3,1,toluene,180,MAO,900,30,1.1,10.1021/acsomega.2c04733
,,CC(C)CN(P(C1=CC=CC=C1)C1=CC=CC=C1)P(C1=CC=CC=C1)C1=CC=CC=C1,165300,,,18.7,6.7694,70.5,70.5,36.2,100,77.2694,,45,45bar,10,CrCl3(THF)3,1,toluene,180,MAO,700,30,2.8,10.1021/acsomega.2c04733
,,CC(C)CN(P(C1=CC=CC=C1)C1=CC=CC=C1)P(C1=CC=CC=C1)C1=CC=CC=C1,105600,,,16.9,5.9995,70.8,70.8,35.5,100,76.7995,,45,45bar,10,CrCl3(THF)3,1,toluene,180,MAO,600,20,6.7,10.1021/acsomega.2c04733
,,CC(C)CN(P(C1=CC=CC=C1)C1=CC=CC=C1)P(C1=CC=CC=C1)C1=CC=CC=C1,198300,,,19.6,7.0952,69.3,69.3,36.2,100,76.3952,,45,45bar,10,CrCl3(THF)3,1,toluene,180,MMAO,600,30,0.2,10.1021/acsomega.2c04733
,,CC(C)CN(P(C1=CC=CC=C1)C1=CC=CC=C1)P(C1=CC=CC=C1)C1=CC=CC=C1,195500,,,18.9,6.9552,68.9,68.9,36.8,100,75.8552,,45,45bar,10,CrCl3(THF)3,1,toluene,180,MMAO,500,30,0.3,10.1021/acsomega.2c04733
,,CC(C)CN(P(C1=CC=CC=C1)C1=CC=CC=C1)P(C1=CC=CC=C1)C1=CC=CC=C1,143200,,,19.2,6.8928,69.2,69.2,35.9,100,76.0928,,45,45bar,10,CrCl3(THF)3,1,toluene,180,MMAO,400,30,0.3,10.1021/acsomega.2c04733
,,CC(C)CN(P(C1=CC=CC=C1)C1=CC=CC=C1)P(C1=CC=CC=C1)C1=CC=CC=C1,98500,,,18.7,6.8255,69.8,69.8,36.5,100,76.6255,,45,45bar,10,CrCl3(THF)3,1,toluene,180,MMAO,300,30,0.4,10.1021/acsomega.2c04733
9,,CC(C)CCN(P(C1=CC=CC=C1)C1=CC=CC=C1)P(C1=CC=CC=C1)C1=CC=CC=C1,54500,,,24.7,11.3126,58.6,58.6,45.8,100,69.9126,,50,30bar,10,CrCl3(THF)3,1,toluene,180,MAO,800,20,2.8,10.1021/acsomega.2c04733
1,,FC1=CC=CC=C1P(C1=CC=CC=C1F)N(C1CCCC1)P(C1=CC=CC=C1)C1=CC=CC=C1,95000,,,32.2,32.0068,45.2,44.6124,99.4,98.7,76.6192,,50,1MPa,2.4,CrCl3(THF)3,1,methylcyclohexane,20,MMAO-3A,500,30,0.2,10.1016/j.fuel.2024.132648
,,FC1=CC=CC=C1P(C1=CC=CC=C1F)N(C1CCCC1)P(C1=CC=CC=C1)C1=CC=CC=C1,62000,,,25.1,24.8741,52.6,52.337,99.1,99.5,77.2111,,30,1MPa,2.4,CrCl3(THF)3,1,methylcyclohexane,20,MMAO-3A,500,30,0.5,10.1016/j.fuel.2024.132648
,,FC1=CC=CC=C1P(C1=CC=CC=C1F)N(C1CCCC1)P(C1=CC=CC=C1)C1=CC=CC=C1,95000,,,32.2,32.0068,45.2,44.6124,99.4,98.7,76.6192,,50,1MPa,2.4,CrCl3(THF)3,1,methylcyclohexane,20,MMAO-3A,500,30,0.2,10.1016/j.fuel.2024.132648
,,FC1=CC=CC=C1P(C1=CC=CC=C1F)N(C1CCCC1)P(C1=CC=CC=C1)C1=CC=CC=C1,107000,,,44.5,44.1885,30.3,30.0576,99.3,99.2,74.2461,,70,1MPa,2.4,CrCl3(THF)3,1,methylcyclohexane,20,MMAO-3A,500,30,0.2,10.1016/j.fuel.2024.132648
,,FC1=CC=CC=C1P(C1=CC=CC=C1F)N(C1CCCC1)P(C1=CC=CC=C1)C1=CC=CC=C1,60000,,,55.3,54.8576,26.1,25.8129,99.2,98.9,80.6705,,90,1MPa,2.4,CrCl3(THF)3,1,methylcyclohexane,20,MMAO-3A,500,30,0.3,10.1016/j.fuel.2024.132648
,,FC1=CC=CC=C1P(C1=CC=CC=C1F)N(C1CCCC1)P(C1=CC=CC=C1)C1=CC=CC=C1,28000,,,63.7,62.8719,22.4,21.9296,98.7,97.9,84.8015,,110,1MPa,2.4,CrCl3(THF)3,1,methylcyclohexane,20,MMAO-3A,500,30,0.3,10.1016/j.fuel.2024.132648
,,FC1=CC=CC=C1P(C1=CC=CC=C1F)N(C1CCCC1)P(C1=CC=CC=C1)C1=CC=CC=C1,2000,,,15.5,15.066,50.7,49.3311,97.2,97.3,64.3971,,50,1MPa,0.6,CrCl3(THF)3,1,methylcyclohexane,20,MMAO-3A,500,30,2.4,10.1016/j.fuel.2024.132648
,,FC1=CC=CC=C1P(C1=CC=CC=C1F)N(C1CCCC1)P(C1=CC=CC=C1)C1=CC=CC=C1,29000,,,24.7,24.3789,61.3,60.687,98.7,99,85.0659,,50,1MPa,1.2,CrCl3(THF)3,1,methylcyclohexane,20,MMAO-3A,500,30,0.5,10.1016/j.fuel.2024.132648
,,FC1=CC=CC=C1P(C1=CC=CC=C1F)N(C1CCCC1)P(C1=CC=CC=C1)C1=CC=CC=C1,95000,,,32.2,32.0068,45.2,44.6124,99.4,98.7,76.6192,,50,1MPa,2.4,CrCl3(THF)3,1,methylcyclohexane,20,MMAO-3A,500,30,0.2,10.1016/j.fuel.2024.132648
,,FC1=CC=CC=C1P(C1=CC=CC=C1F)N(C1CCCC1)P(C1=CC=CC=C1)C1=CC=CC=C1,69000,,,36.8,36.5056,31.8,31.4502,99.2,98.9,67.9558,,50,1MPa,4.8,CrCl3(THF)3,1,methylcyclohexane,20,MMAO-3A,500,30,0.1,10.1016/j.fuel.2024.132648
,,FC1=CC=CC=C1P(C1=CC=CC=C1F)N(C1CCCC1)P(C1=CC=CC=C1)C1=CC=CC=C1,34000,,,35.3,34.9117,29.2,28.8204,98.9,98.7,63.7321,,50,1MPa,9.6,CrCl3(THF)3,1,methylcyclohexane,20,MMAO-3A,500,30,0.1,10.1016/j.fuel.2024.132648
,,FC1=CC=CC=C1P(C1=CC=CC=C1F)N(C1CCCC1)P(C1=CC=CC=C1)C1=CC=CC=C1,95000,,,32.2,32.0068,45.2,44.6124,99.4,98.7,76.6192,,50,1MPa,2.4,CrCl3(THF)3,1,methylcyclohexane,20,MMAO-3A,500,30,0.2,10.1016/j.fuel.2024.132648
,,FC1=CC=CC=C1P(C1=CC=CC=C1F)N(C1CCCC1)P(C1=CC=CC=C1)C1=CC=CC=C1,121000,,,42.9,42.471,30.1,29.7388,99,98.8,72.2098,,50,1MPa,2.4,CrCl3(THF)3,1,methylcyclohexane,20,MMAO-3A,1000,30,0.1,10.1016/j.fuel.2024.132648
,,FC1=CC=CC=C1P(C1=CC=CC=C1F)N(C1CCCC1)P(C1=CC=CC=C1)C1=CC=CC=C1,166000,,,38.1,37.7571,27.8,27.4664,99.1,98.8,65.2235,,50,1MPa,2.4,CrCl3(THF)3,1,methylcyclohexane,20,MMAO-3A,1500,30,0.3,10.1016/j.fuel.2024.132648
,,FC1=CC=CC=C1P(C1=CC=CC=C1F)N(C1CCCC1)P(C1=CC=CC=C1)C1=CC=CC=C1,128000,,,37,36.704,31.4,31.086,99.2,99,67.79,,50,1MPa,2.4,CrCl3(THF)3,1,methylcyclohexane,20,MMAO-3A,2000,30,0.2,10.1016/j.fuel.2024.132648
,,FC1=CC=CC=C1P(C1=CC=CC=C1F)N(C1CCCC1)P(C1=CC=CC=C1)C1=CC=CC=C1,116000,,,36.4,36.036,32.4,32.0436,99,98.9,68.0796,,50,1MPa,2.4,CrCl3(THF)3,1,methylcyclohexane,20,MMAO-3A,2500,30,0.4,10.1016/j.fuel.2024.132648
,,FC1=CC=CC=C1P(C1=CC=CC=C1F)N(C1CCCC1)P(C1=CC=CC=C1)C1=CC=CC=C1,2631000,,,10.2,10.1184,66.4,65.736,99.2,99,75.8544,,50,5MPa,1.2,CrCl3(THF)3,1,methylcyclohexane,200,MMAO-3A,1000,30,0.2,10.1016/j.fuel.2024.132648
,,FC1=CC=CC=C1P(C1=CC=CC=C1F)N(C1CCCC1)P(C1=CC=CC=C1)C1=CC=CC=C1,944000,,,32.5,32.0775,44.6,44.2432,98.7,99.2,76.3207,,100,5MPa,1.2,CrCl3(THF)3,1,methylcyclohexane,200,MMAO-3A,1000,30,2.1,10.1016/j.fuel.2024.132648
2,,CCP(CC)N(C1CCCC1)P(C1=CC=CC=C1F)C1=CC=CC=C1F,111000,,,44.6,44.2878,28.3,27.9321,99.3,98.7,72.2199,,50,1MPa,2.4,CrCl3(THF)3,1,methylcyclohexane,20,MMAO-3A,500,30,0.4,10.1016/j.fuel.2024.132648
,,CCP(CC)N(C1CCCC1)P(C1=CC=CC=C1F)C1=CC=CC=C1F,45000,,,34.6,34.1848,46.8,46.1916,98.8,98.7,80.3764,,30,1MPa,2.4,CrCl3(THF)3,1,methylcyclohexane,20,MMAO-3A,500,30,1.1,10.1016/j.fuel.2024.132648
,,CCP(CC)N(C1CCCC1)P(C1=CC=CC=C1F)C1=CC=CC=C1F,111000,,,44.6,44.2878,28.3,27.9321,99.3,98.7,72.2199,,50,1MPa,2.4,CrCl3(THF)3,1,methylcyclohexane,20,MMAO-3A,500,30,0.4,10.1016/j.fuel.2024.132648
,,CCP(CC)N(C1CCCC1)P(C1=CC=CC=C1F)C1=CC=CC=C1F,86000,,,54.4,53.9648,24.8,24.4776,99.2,98.7,78.4424,,70,1MPa,2.4,CrCl3(THF)3,1,methylcyclohexane,20,MMAO-3A,500,30,0.5,10.1016/j.fuel.2024.132648
,,CCP(CC)N(C1CCCC1)P(C1=CC=CC=C1F)C1=CC=CC=C1F,61000,,,63,62.307,19.4,19.109,98.9,98.5,81.416,,90,1MPa,2.4,CrCl3(THF)3,1,methylcyclohexane,20,MMAO-3A,500,30,0.5,10.1016/j.fuel.2024.132648
,,CCP(CC)N(C1CCCC1)P(C1=CC=CC=C1F)C1=CC=CC=C1F,24000,,,73.9,72.422,14.6,14.308,98,98,86.73,,110,1MPa,2.4,CrCl3(THF)3,1,methylcyclohexane,20,MMAO-3A,500,30,0.6,10.1016/j.fuel.2024.132648
,,CCP(CC)N(C1CCCC1)P(C1=CC=CC=C1F)C1=CC=CC=C1F,1000,,,0,0,0,0,0,0,0,,50,1MPa,0.6,CrCl3(THF)3,1,methylcyclohexane,20,MMAO-3A,500,30,3.3,10.1016/j.fuel.2024.132648
,,CCP(CC)N(C1CCCC1)P(C1=CC=CC=C1F)C1=CC=CC=C1F,12000,,,31.6,31.0312,54.8,53.8684,98.2,98.3,84.8996,,50,1MPa,1.2,CrCl3(THF)3,1,methylcyclohexane,20,MMAO-3A,500,30,1,10.1016/j.fuel.2024.132648
,,CCP(CC)N(C1CCCC1)P(C1=CC=CC=C1F)C1=CC=CC=C1F,111000,,,44.6,44.2878,28.3,27.9321,99.3,98.7,72.2199,,50,1MPa,2.4,CrCl3(THF)3,1,methylcyclohexane,20,MMAO-3A,500,30,0.4,10.1016/j.fuel.2024.132648
,,CCP(CC)N(C1CCCC1)P(C1=CC=CC=C1F)C1=CC=CC=C1F,51000,,,49.2,48.6588,24.9,24.6012,98.9,98.8,73.26,,50,1MPa,4.8,CrCl3(THF)3,1,methylcyclohexane,20,MMAO-3A,500,30,0.6,10.1016/j.fuel.2024.132648
,,CCP(CC)N(C1CCCC1)P(C1=CC=CC=C1F)C1=CC=CC=C1F,35000,,,46.7,46.0929,24.1,23.7385,98.7,98.5,69.8314,,50,1MPa,9.6,CrCl3(THF)3,1,methylcyclohexane,20,MMAO-3A,500,30,0.7,10.1016/j.fuel.2024.132648
,,CCP(CC)N(C1CCCC1)P(C1=CC=CC=C1F)C1=CC=CC=C1F,111000,,,44.6,44.2878,28.3,27.9321,99.3,98.7,72.2199,,50,1MPa,2.4,CrCl3(THF)3,1,methylcyclohexane,20,MMAO-3A,500,30,0.4,10.1016/j.fuel.2024.132648
,,CCP(CC)N(C1CCCC1)P(C1=CC=CC=C1F)C1=CC=CC=C1F,162000,,,47.8,47.2742,21.6,21.3192,98.9,98.7,68.5934,,50,1MPa,2.4,CrCl3(THF)3,1,methylcyclohexane,20,MMAO-3A,500,30,0.2,10.1016/j.fuel.2024.132648
,,CCP(CC)N(C1CCCC1)P(C1=CC=CC=C1F)C1=CC=CC=C1F,161000,,,45.9,45.441,21.7,21.3962,99,98.6,66.8372,,50,1MPa,2.4,CrCl3(THF)3,1,methylcyclohexane,20,MMAO-3A,500,30,0.3,10.1016/j.fuel.2024.132648
,,CCP(CC)N(C1CCCC1)P(C1=CC=CC=C1F)C1=CC=CC=C1F,143000,,,45.3,44.8017,23.5,23.218,98.9,98.8,68.0197,,50,1MPa,2.4,CrCl3(THF)3,1,methylcyclohexane,20,MMAO-3A,500,30,0.5,10.1016/j.fuel.2024.132648
,,CCP(CC)N(C1CCCC1)P(C1=CC=CC=C1F)C1=CC=CC=C1F,127000,,,45.2,44.748,24.7,24.4036,99,98.8,69.1516,,50,1MPa,2.4,CrCl3(THF)3,1,methylcyclohexane,20,MMAO-3A,500,30,0.7,10.1016/j.fuel.2024.132648
,,CCP(CC)N(C1CCCC1)P(C1=CC=CC=C1F)C1=CC=CC=C1F,3548000,,,16.7,16.5831,68.4,67.6476,99.3,98.9,84.2307,,20,5MPa,1.2,CrCl3(THF)3,1,methylcyclohexane,200,MMAO-3A,1000,30,0.1,10.1016/j.fuel.2024.132648
,,CCP(CC)N(C1CCCC1)P(C1=CC=CC=C1F)C1=CC=CC=C1F,1587000,,,41.6,41.1424,48.1,47.5228,98.9,98.8,88.6652,,100,5MPa,1.2,CrCl3(THF)3,1,methylcyclohexane,200,MMAO-3A,1000,30,1.8,10.1016/j.fuel.2024.132648
3,,FC1=CC=CC=C1P(C1=CC=CC=C1)N(C1CCCC1)P(C1=CC=CC=C1)C1=CC=CC=C1,51000,,,47.8,47.5132,35.3,35.0529,99.4,99.3,82.5661,,50,1MPa,2.4,CrCl3(THF)3,1,methylcyclohexane,20,MMAO-3A,500,30,0.2,10.1016/j.fuel.2024.132648
4,,CCP(CC)N(C1CCCC1)P(C1=CC=CC=C1)C1=CC=CC=C1F,47000,,,53.9,53.4688,29.6,29.2744,99.2,98.9,82.7432,,50,1MPa,2.4,CrCl3(THF)3,1,methylcyclohexane,20,MMAO-3A,500,30,0.1,10.1016/j.fuel.2024.132648
5,,FC1=CC=C(P(C2=CC=C(F)C=C2)N(C2CCCC2)P(C2=CC=CC=C2)C2=CC=CC=C2)C=C1,11000,,,30.3,29.8758,51.3,50.787,98.6,99,80.6628,,50,1MPa,2.4,CrCl3(THF)3,1,methylcyclohexane,20,MMAO-3A,500,30,0.1,10.1016/j.fuel.2024.132648
6,,C1=CC=C(P(C2=CC=CC=C2)N(C2CCCC2)P(C2=CC=CC=C2)C2=CC=CC=C2)C=C1,33000,,,27.7,27.3953,50,49.35,98.9,98.7,76.7453,,50,1MPa,2.4,CrCl3(THF)3,1,methylcyclohexane,20,MMAO-3A,500,30,0.3,10.1016/j.fuel.2024.132648
7,,CCP(CC)N(C1CCCC1)P(C1=CC=CC=C1)C1=CC=CC=C1,78000,,,36.3,35.574,35.9,35.6487,98,99.3,71.2227,,50,1MPa,2.4,CrCl3(THF)3,1,methylcyclohexane,20,MMAO-3A,500,30,0.5,10.1016/j.fuel.2024.132648
1,,C1=CC=C(P(CCNCCP(C2=CC=CC=C2)C2=CC=CC=C2)C2=CC=CC=C2)C=C1,,4680,,98,97.216,,,99.2,,,,100,40bar,40.2,CrCl3(THF)3,1,toluene,25,MAO,120,30,0.1,10.1021/om049168
2,,C1CCC(P(CCNCCP(C2CCCCC2)C2CCCCC2)C2CCCCC2)CC1,,315,,14,11.2,,,80,,,,100,40bar,42.3,CrCl3(THF)3,1,toluene,25,MAO,120,30,85.7,10.1021/om049168
3,,CCP(CC)CCNCCP(CC)CC,,9330,,98,97.216,,,99.2,,,,100,40bar,50,CrCl3(THF)3,1,toluene,25,MAO,100,30,0.2,10.1021/om049168
3,,CCP(CC)CCNCCP(CC)CC,,31600,,98,96.922,,,98.9,,,,100,40bar,10.8,CrCl3(THF)3,1,toluene,25,MAO,690,30,0.7,10.1021/om049168
3,,CCP(CC)CCNCCP(CC)CC,,27390,,97,96.224,,,99.2,,,,80,40bar,11,CrCl3(THF)3,1,toluene,25,MAO,680,30,0.4,10.1021/om049168
3,,CCP(CC)CCNCCP(CC)CC,,1590,,78,77.064,,,98.8,,,,50,40bar,13,CrCl3(THF)3,1,toluene,25,MAO,600,30,21.9,10.1021/om049168
3,,CCP(CC)CCNCCP(CC)CC,,26770,,93,92.349,,,99.3,,,,120,40bar,11.3,CrCl3(THF)3,1,toluene,25,MAO,660,30,0.2,10.1021/om049168
4,,CSCCNCC[SH](C)C,,41570,,94,93.718,,,99.7,,,,80,40bar,11,CrCl3(THF)3,1,toluene,25,MAO,600,30,0.11,10.1021/om049168
5,,CCSCCNCCSC,,40600,,94,93.718,,,99.7,,,,80,40bar,11,CrCl3(THF)3,1,toluene,25,MAO,600,30,0.66,10.1021/om049168
,,CCSCCNCCSC,,160840,,98.4,98.1048,,,99.7,,,,90,30bar,4.6,CrCl3(THF)3,1,toluene,100,MAO,280,30,0.16,10.1021/om049168
,,CCSCCNCCSC,,56260,,97.1,96.9058,,,99.8,,,,90,30bar,4.3,CrCl3(THF)3,1,toluene,100,MAO,120,30,0.38,10.1021/om049168
,,CCSCCNCCSC,,113950,,98,97.706,,,99.7,,,,90,50bar,12,CrCl3(THF)3,1,toluene,100,MAO,200,30,0.1,10.1021/om049168
,,CCSCCNCCSC,,7360,,99.8,,,,~100,,,,90,45bar,12,CrCl3(THF)3,1,toluene,100,MAO,50,30,1.92,10.1021/om049168
6,,CCCCSCCNCCSCCCC,,51510,,93,92.349,,,99.3,,,,80,40bar,11,CrCl3(THF)3,1,toluene,25,MAO,600,30,0.97,10.1021/om049168
7,,CCCCCCCCCCSCCNCCSCCCCCCCCCC,,142035,,97.2,96.9084,,,99.7,,,,90,45bar,12,CrCl3(THF)3,1,toluene,100,MAO,100,30,0.3,10.1021/om049168
7,,CCCCCCCCCCSCCNCCSCCCCCCCCCC,,82654,,97.4,97.1078,,,99.7,,,,90,45bar,12,CrCl3(THF)3,1,toluene,100,MAO,30,30,1.51,10.1021/om049168
7,,CCCCCCCCCCSCCNCCSCCCCCCCCCC,,85950,,98.7,98.5026,,,99.8,,,,90,45bar,8,CrCl3(THF)3,1,toluene,100,MAO,50,30,1.11,10.1021/om049168
8,,CN(CCP(C1=CC=CC=C1)C1=CC=CC=C1)CCP(C1=CC=CC=C1)C1=CC=CC=C1,,922,,40,,,,~100,,,,100,40bar,40.9,CrCl3(THF)3,1,toluene,25,MAO,120,30,30.6,10.1021/om049168
9,,C1=CC=C(CN(CCP(C2=CC=CC=C2)C2=CC=CC=C2)CCP(C2=CC=CC=C2)C2=CC=CC=C2)C=C1,,194,,24,,,,~100,,,,100,40bar,41.5,CrCl3(THF)3,1,toluene,25,MAO,120,30,66.7,10.1021/om049168
10,,CCSCCCNCCSCC,,14770,,81,79.299,,,97.9,,,,80,40bar,10.7,CrCl3(THF)3,1,toluene,25,MAO,670,30,1.4,10.1021/om049168
11,,C1=CC=C(P(CCSCCP(C2=CC=CC=C2)C2=CC=CC=C2)C2=CC=CC=C2)C=C1,,5130,,26,21.476,,,82.6,,,,100,35bar,42,CrCl3(THF)3,1,toluene,25,MAO,120,30,6,10.1021/om049168
12,,CCP(CC)CCSCCP(CC)CC,,2360,,68,62.968,,,92.6,,,,100,35bar,51.5,CrCl3(THF)3,1,toluene,25,MAO,100,30,1.2,10.1021/om049168
12,,CCP(CC)CCSCCP(CC)CC,,11860,,26,23.4,,,90,,,,100,35bar,12,CrCl3(THF)3,1,toluene,25,MAO,620,30,14.9,10.1021/om049168
13,,CCSCCP(CCSCC)C1=CC=CC=C1,,7410,,40,26.88,,,67.2,,,,100,40bar,38,CrCl3(THF)3,1,toluene,25,MAO,130,30,4.4,10.1021/om049168
13,,CCSCCP(CCSCC)C1=CC=CC=C1,,20910,,24,21.336,,,88.9,,,,100,40bar,9.4,CrCl3(THF)3,1,toluene,25,MAO,790,30,7.8,10.1021/om049168
,,CCP(CC)N(CCSC)P(CC)CC,13833,,,25.9,,49.3,97.7,,,,11.1,80,30bar,0.36,Cr(AcAc)3,2,toluene,4,MAO,440,180,,10.1039/b702636f
,,CCSCCN(P(CC)CC)P(CC)CC,17866,,,18,,36.8,98.5,,,,24.3,80,30bar,0.36,Cr(AcAc)3,2,toluene,4,MAO,440,180,,10.1039/b702636f
,,CCP(CC)N(CCCSC)P(CC)CC,14660,,,26.7,,55.5,98.5,,,,4.9,80,30bar,0.36,Cr(AcAc)3,2,toluene,4,MAO,440,180,,10.1039/b702636f
,,CSCCCN(P(C1=CC=CC=C1)C1=CC=CC=C1)P(C1=CC=CC=C1)C1=CC=CC=C1,18600,,,9.2,,33.3,97,,,,62.4,80,30bar,0.36,Cr(AcAc)3,2,toluene,4,MAO,440,60,,10.1039/b702636f
,,CCOCCCN(P(CC)CC)P(CC)CC,20340,,,17.3,,35.3,97.8,,,,26.9,80,30bar,0.36,Cr(AcAc)3,2,toluene,4,MAO,440,180,,10.1039/b702636f
,,CCCCOCCCN(P(CC)CC)P(CC)CC,16290,,,17.9,,37.8,97.5,,,,26.4,80,30bar,0.36,Cr(AcAc)3,2,toluene,4,MAO,440,180,,10.1039/b702636f
,,CCP(CC)N(CCC1=CC=NC=C1)P(CC)CC,10180,,,11.7,,19.3,96.2,,,,23.4,80,30bar,0.36,CrCl3(THF)3,2,toluene,4,MAO,440,180,,10.1039/b702636f
,,CN(P(C1=CC=CC=C1)C1=CC=CC=C1)P(C1=CC=CC=C1)C1=CC=CC=C1,16,,,42,,,58,94,,,,25,6.896bar,1000,Cr(C6H4(CH2)OCH2C6H5)3,1,chlorobenzene,7.5,Brønsted,1,45,,10.1021/jacs.9b01387
,,CN(P(C1=CC=CC=C1)C1=CC=CC=C1)P(C1=CC=CC=C1)C1=CC=CC=C1,83,,,42,,,58,91,,,,25,6.896bar,1000,Cr(C6H4(CH2)2OCH2C6H5)3,1,chlorobenzene,7.5,Brønsted,1,45,,10.1021/jacs.9b01387
,,CN(P(C1=CC=CC=C1)C1=CC=CC=C1)P(C1=CC=CC=C1)C1=CC=CC=C1,45,,,72,,,26,98,,,,25,6.896bar,1000,Cr(C6H4OCH3)3,1,chlorobenzene,7.5,Brønsted,1,45,,10.1021/jacs.9b01387
,,CN(P(C1=CC=CC=C1)C1=CC=CC=C1)P(C1=CC=CC=C1)C1=CC=CC=C1,2000,,,48,,,45,92,,,,25,6.896bar,1000,Cr(C6H4(CH2)2OCH3)3,1,chlorobenzene,7.5,Brønsted,1,45,,10.1021/jacs.9b01387
,,CN(P(C1=CC=CC=C1)C1=CC=CC=C1)P(C1=CC=CC=C1)C1=CC=CC=C1,4533,,,47,,,38,93,,,,25,6.896bar,1000,Cr(C6H4(CH2)2OCH3)2,1,chlorobenzene,7.5,Brønsted,1,45,,10.1021/jacs.9b01387
,,CN(P(C1=CC=CC=C1)C1=CC=CC=C1)P(C1=CC=CC=C1)C1=CC=CC=C1,6933,,,43,,,41,89,,,,25,6.896bar,1000,CrCl3(THF)3,1,chlorobenzene,7.5,MMAO,300,45,,10.1021/jacs.9b01387
1,,CC(C)N(P(OC1=CC=CC=C1)C1=CC=CC=C1)P(C1=CC=CC=C1)C1=CC=CC=C1,58400,,,,33.8,,49.8,82.7,98.2,,,60,35bar,7.5,Cr(AcAc)3,1.6,methylcyclohexane,25,MMAO-3A,400,30,8.3,10.1039/c5dt00801h
1,,CC(C)N(P(OC1=CC=CC=C1)C1=CC=CC=C1)P(C1=CC=CC=C1)C1=CC=CC=C1,16200,,,,31.4,,47.3,81.7,99.5,,,60,35bar,7.5,CrCl3(THF)3,1.6,methylcyclohexane,25,MMAO-3A,400,30,23.2,10.1039/c5dt00801h
1,,CC(C)N(P(OC1=CC=CC=C1)C1=CC=CC=C1)P(C1=CC=CC=C1)C1=CC=CC=C1,10200,,,,17.8,,61.3,67.2,97.7,,,60,35bar,7.5,Cr(AcAc)3,1.6,toluene,25,MMAO-3A,400,30,11.3,10.1039/c5dt00801h
1,,CC(C)N(P(OC1=CC=CC=C1)C1=CC=CC=C1)P(C1=CC=CC=C1)C1=CC=CC=C1,78500,,,,51.2,,25.2,88.8,97.9,,,60,35bar,7.5,Cr(AcAc)3,1.6,chlorobenzene,25,MMAO-3A,400,30,3.4,10.1039/c5dt00801h
,,CC(C)N(P(OC1=CC=CC=C1)C1=CC=CC=C1)P(C1=CC=CC=C1)C1=CC=CC=C1,73300,,,,23.8,,54,70.7,99.7,,,40,35bar,7.5,Cr(AcAc)3,1.6,methylcyclohexane,25,MMAO-3A,400,30,7.3,10.1039/c5dt00801h
,,CC(C)N(P(OC1=CC=CC=C1)C1=CC=CC=C1)P(C1=CC=CC=C1)C1=CC=CC=C1,54200,,,,33,,47.8,82,97.7,,,80,35bar,7.5,Cr(AcAc)3,1.6,methylcyclohexane,25,MMAO-3A,400,30,2.9,10.1039/c5dt00801h
,,CC(C)N(P(OC1=CC=CC=C1)C1=CC=CC=C1)P(C1=CC=CC=C1)C1=CC=CC=C1,84500,,,,35.5,,43.8,76.2,98,,,40,35bar,7.5,Cr(AcAc)3,1.6,methylcyclohexane,25,MMAO-3A,600,30,4.3,10.1039/c5dt00801h
2,,CC1=CC=CC(C)=C1OP(C1=CC=CC=C1)N(C(C)C)P(C1=CC=CC=C1)C1=CC=CC=C1,49900,,,,41.7,,30.9,75.9,97.1,,,60,35bar,7.5,Cr(AcAc)3,1.6,methylcyclohexane,25,MMAO-3A,400,30,19.8,10.1039/c5dt00801h
3,,COC1=C(OP(C2=CC=CC=C2)N(C(C)C)P(C2=CC=CC=C2)C2=CC=CC=C2)C=CC=C1,24000,,,,21.1,,58.3,72.9,97.4,,,60,35bar,7.5,Cr(AcAc)3,1.6,methylcyclohexane,25,MMAO-3A,400,30,7.4,10.1039/c5dt00801h
3,,COC1=C(OP(C2=CC=CC=C2)N(C(C)C)P(C2=CC=CC=C2)C2=CC=CC=C2)C=CC=C1,120700,,,,45.6,,40.3,88.4,99.1,,,60,35bar,7.5,Cr(AcAc)3,1.6,chlorobenzene,25,MMAO-3A,400,30,5.1,10.1039/c5dt00801h
4,,CC(C)N(P(OC1=C(Cl)C=CC=C1)C1=CC=CC=C1)P(C1=CC=CC=C1)C1=CC=CC=C1,22000,,,,25.6,,54.6,75.1,98.3,,,60,35bar,7.5,Cr(AcAc)3,1.6,methylcyclohexane,25,MMAO-3A,400,30,7.9,10.1039/c5dt00801h
4,,CC(C)N(P(OC1=C(Cl)C=CC=C1)C1=CC=CC=C1)P(C1=CC=CC=C1)C1=CC=CC=C1,135900,,,,45,,38.1,91.2,98.7,,,60,35bar,7.5,Cr(AcAc)3,1.6,chlorobenzene,25,MMAO-3A,400,30,4.9,10.1039/c5dt00801h
,,CC(C)N(P(OC1=C(Cl)C=CC=C1)C1=CC=CC=C1)P(C1=CC=CC=C1)C1=CC=CC=C1,231100,,,,43.7,,40.1,88.3,98.9,,,40,35bar,3.5,Cr(AcAc)3,2,chlorobenzene,25,MMAO-3A,800,30,4.4,10.1039/c5dt00801h
,,CC(C)N(P(OC1=C(Cl)C=CC=C1)C1=CC=CC=C1)P(C1=CC=CC=C1)C1=CC=CC=C1,234100,,,,42.7,,39.1,88,98.7,,,40,35bar,3.5,Cr(AcAc)3,2,chlorobenzene,25,MMAO-3A,1200,30,12.2,10.1039/c5dt00801h
5,,C1=CC=C(OP(C2=CC=CC=C2)N(C2CCCCC2)P(C2=CC=CC=C2)C2=CC=CC=C2)C=C1,115600,,,,31.9,,47,84.7,99.7,,,60,35bar,7.5,Cr(AcAc)3,1.6,methylcyclohexane,25,MMAO-3A,400,30,8.9,10.1039/c5dt00801h
5,,C1=CC=C(OP(C2=CC=CC=C2)N(C2CCCCC2)P(C2=CC=CC=C2)C2=CC=CC=C2)C=C1,158200,,,,44.5,,37.8,91.5,99.1,,,60,35bar,7.5,Cr(AcAc)3,1.6,chlorobenzene,25,MMAO-3A,400,30,3.3,10.1039/c5dt00801h
,,C1=CC=C(OP(C2=CC=CC=C2)N(C2CCCCC2)P(C2=CC=CC=C2)C2=CC=CC=C2)C=C1,77100,,,,25.5,,55,79.8,98.6,,,40,35bar,7.5,Cr(AcAc)3,1.6,methylcyclohexane,25,MMAO-3A,400,30,15.7,10.1039/c5dt00801h
,,C1=CC=C(OP(C2=CC=CC=C2)N(C2CCCCC2)P(C2=CC=CC=C2)C2=CC=CC=C2)C=C1,58800,,,,32.5,,48.1,85.1,99.8,,,80,35bar,7.5,Cr(AcAc)3,1.6,methylcyclohexane,25,MMAO-3A,400,30,18.5,10.1039/c5dt00801h
,,C1=CC=C(OP(C2=CC=CC=C2)N(C2CCCCC2)P(C2=CC=CC=C2)C2=CC=CC=C2)C=C1,212100,,,,39.7,,40,89.9,98.8,,,40,35bar,7.5,Cr(AcAc)3,1.6,chlorobenzene,25,MMAO-3A,400,30,2.1,10.1039/c5dt00801h
,,C1=CC=C(OP(C2=CC=CC=C2)N(C2CCCCC2)P(C2=CC=CC=C2)C2=CC=CC=C2)C=C1,16300,,,,37.1,,39.9,78.3,96.9,,,20,35bar,7.5,Cr(AcAc)3,1.6,chlorobenzene,25,MMAO-3A,400,30,12.1,10.1039/c5dt00801h
,,C1=CC=C(OP(C2=CC=CC=C2)N(C2CCCCC2)P(C2=CC=CC=C2)C2=CC=CC=C2)C=C1,216600,,,,40.4,,41.7,84.8,98.4,,,40,35bar,3.5,Cr(AcAc)3,2,chlorobenzene,25,MMAO-3A,400,30,6.6,10.1039/c5dt00801h
,,C1=CC=C(OP(C2=CC=CC=C2)N(C2CCCCC2)P(C2=CC=CC=C2)C2=CC=CC=C2)C=C1,316700,,,,45.7,,39.4,91.3,99.1,,,40,35bar,3.5,Cr(AcAc)3,2,chlorobenzene,25,MMAO-3A,800,30,3.2,10.1039/c5dt00801h
1,,[H]N(C(C)C)P(C1=CC=CC=C1)N(C(C)C)P(C1=CC=CC=C1)C1=CC=CC=C1,19970,,,95.1,95.0049,3.4,0.1156,99.9,3.4,95.1205,,50,30bar,10,CrCl3(THF)3,1.75,Cyclohexane,200,AlEt3,70,30,1,10.1039/c5dt00801h
,,[H]N(C(C)C)P(C1=CC=CC=C1)N(C(C)C)P(C1=CC=CC=C1)C1=CC=CC=C1,22270,,,95.4,95.3046,3.3,0.1815,99.9,5.5,95.4861,,50,45bar,10,CrCl3(THF)3,1.75,Cyclohexane,200,AlEt3,70,30,0.9,10.1039/c5dt00801h
,,[H]N(C(C)C)P(C1=CC=CC=C1)N(C(C)C)P(C1=CC=CC=C1)C1=CC=CC=C1,24150,,,94.6,94.5054,3.3,0.1848,99.9,5.6,94.6902,,50,50bar,10,CrCl3(THF)3,1.75,Cyclohexane,200,AlEt3,70,30,1.6,10.1039/c5dt00801h
,,[H]N(C(C)C)P(C1=CC=CC=C1)N(C(C)C)P(C1=CC=CC=C1)C1=CC=CC=C1,44380,,,95.6,95.5044,2.6,0.13,99.9,5,95.6344,,60,50bar,10,CrCl3(THF)3,1.75,Cyclohexane,200,AlEt3,70,30,1.3,10.1039/c5dt00801h
,,[H]N(C(C)C)P(C1=CC=CC=C1)N(C(C)C)P(C1=CC=CC=C1)C1=CC=CC=C1,50260,,,95.4,95.3046,2.7,0.1242,99.9,4.6,95.4288,,60,50bar,10,CrCl3(THF)3,1.75,Cyclohexane,200,AlEt3,15,30,1.5,10.1039/c5dt00801h
,,[H]N(C(C)C)P(C1=CC=CC=C1)N(C(C)C)P(C1=CC=CC=C1)C1=CC=CC=C1,44380,,,95.6,95.5044,2.6,0.13,99.9,5,95.6344,,60,50bar,10,CrCl3(THF)3,1.75,Cyclohexane,200,AlEt3,70,30,1.3,10.1039/c5dt00801h
2,,[H]N(C1=NC=CC=C1)P(C1=CC=CC=C1)C1=CC=CC=C1,7630,,,1.5,1.4205,2,0.696,94.7,34.8,2.1165,,60,50bar,10,CrCl3(THF)3,1.75,Cyclohexane,200,AlEt3,70,30,85.7,10.1039/c5dt00801h
2,,[H]N(C1=NC=CC=C1)P(C1=CC=CC=C1)C1=CC=CC=C1,14320,,,7.6,4.6056,13.2,11.484,60.6,87,16.0896,,50,45bar,10,Cr(AcAc)3,1,Cyclohexane,200,MAO,500,30,52.4,10.1039/c5dt00801h
3,,C1=CC=C(P(NP(C2=CC=CC=C2)C2=CC=CC=C2)C2=CC=CC=C2)C=C1,2760,,,9.3,8.2026,8.2,4.3706,88.2,53.3,12.5732,,60,50bar,10,CrCl3(THF)3,1.75,Cyclohexane,200,AlEt3,70,30,64.9,10.1039/c5dt00801h
3,,C1=CC=C(P(NP(C2=CC=CC=C2)C2=CC=CC=C2)C2=CC=CC=C2)C=C1,4550,,,1.6,1.112,1.7,1.2903,69.5,75.9,2.4023,,40,50bar,10,CrCl3(THF)3,1.75,Cyclohexane,200,AlEt3,70,30,93.1,10.1039/c5dt00801h
3,,C1=CC=C(P(NP(C2=CC=CC=C2)C2=CC=CC=C2)C2=CC=CC=C2)C=C1,3710,,,12.9,11.9712,6.9,2.8635,92.8,41.5,14.8347,,60,50bar,10,CrCl3(THF)3,1.75,Cyclohexane,200,AlEt3,300,30,56.9,10.1039/c5dt00801h
4,,CNN(P(C1=CC=CC=C1)C1=CC=CC=C1)P(C1=CC=CC=C1)C1=CC=CC=C1,5970,,,3.5,3.213,8.7,8.004,91.8,92,11.217,,40,50bar,10,CrCl3(THF)3,1.75,Cyclohexane,200,AlEt3,70,30,83.5,10.1039/c5dt00801h
,,CNN(P(C1=CC=CC=C1)C1=CC=CC=C1)P(C1=CC=CC=C1)C1=CC=CC=C1,4590,,,11.1,10.0344,17.6,15.0832,90.4,85.7,25.1176,,60,50bar,10,CrCl3(THF)3,1.75,Cyclohexane,200,AlEt3,70,30,62.7,10.1039/c5dt00801h
,,CNN(P(C1=CC=CC=C1)C1=CC=CC=C1)P(C1=CC=CC=C1)C1=CC=CC=C1,4057,,,14.6,13.2422,15.9,12.1476,90.7,76.4,25.3898,,60,50bar,10,CrCl3(THF)3,1.75,Cyclohexane,200,AlEt3,70,30,46.9,10.1039/c5dt00801h
,,CNN(P(C1=CC=CC=C1)C1=CC=CC=C1)P(C1=CC=CC=C1)C1=CC=CC=C1,4380,,,8.3,7.719,10.9,8.6546,93,79.4,16.3736,,75,50bar,10,CrCl3(THF)3,1.75,Cyclohexane,200,AlEt3,300,30,52.8,10.1039/c5dt00801h
4,,CNN(P(C1=CC=CC=C1)C1=CC=CC=C1)P(C1=CC=CC=C1)C1=CC=CC=C1,4590,,,11.1,10.0344,17.6,15.0832,90.4,85.7,25.1176,,60,50bar,10,CrCl3(THF)3,1.75,Cyclohexane,200,AlEt3,70,30,62.7,10.1039/c5dt00801h
4,,CNN(P(C1=CC=CC=C1)C1=CC=CC=C1)P(C1=CC=CC=C1)C1=CC=CC=C1,38260,,,12.1,7.5504,62.6,60.3464,62.4,96.4,67.8968,,50,45bar,10,Cr(AcAc)3,1,Cyclohexane,200,MAO,500,30,6,10.1039/c5dt00801h
5,,C1=CC=C(P(C2=CC=CC=C2)N(NC2CCCCC2)P(C2=CC=CC=C2)C2=CC=CC=C2)C=C1,2455,,,18.7,17.4284,12.9,8.6559,93.2,67.1,26.0843,,60,50bar,10,CrCl3(THF)3,1.75,Cyclohexane,200,AlEt3,70,30,47.3,10.1039/c5dt00801h
5,,C1=CC=C(P(C2=CC=CC=C2)N(NC2CCCCC2)P(C2=CC=CC=C2)C2=CC=CC=C2)C=C1,17370,,,11.5,7.452,46.2,44.5368,64.8,96.4,51.9888,,50,45bar,10,Cr(AcAc)3,1,Cyclohexane,200,MAO,500,30,28.8,10.1039/c5dt00801h
6,,CC(C)NN(P(C1=CC=CC=C1)C1=CC=CC=C1)P(C1=CC=CC=C1)C1=CC=CC=C1,2310,,,18.6,18.3024,12.2,7.3566,98.4,60.3,25.659,,60,50bar,10,CrCl3(THF)3,1.75,Cyclohexane,200,AlEt3,70,30,50,10.1039/c5dt00801h
6,,CC(C)NN(P(C1=CC=CC=C1)C1=CC=CC=C1)P(C1=CC=CC=C1)C1=CC=CC=C1,20050,,,13,8.788,52.4,50.6184,67.6,96.6,59.4064,,50,45bar,10,Cr(AcAc)3,1,Cyclohexane,200,MAO,500,30,21.1,10.1039/c5dt00801h
7,,CC(C)(C)NN(P(C1=CC=CC=C1)C1=CC=CC=C1)P(C1=CC=CC=C1)C1=CC=CC=C1,2180,,,16.1,15.5365,11.2,8.2768,96.5,73.9,23.8133,,60,50bar,10,CrCl3(THF)3,1.75,Cyclohexane,200,AlEt3,70,30,61.6,10.1039/c5dt00801h
7,,CC(C)(C)NN(P(C1=CC=CC=C1)C1=CC=CC=C1)P(C1=CC=CC=C1)C1=CC=CC=C1,14820,,,13.5,11.6505,39.5,38.71,86.3,98,50.3605,,50,45bar,10,Cr(AcAc)3,1,Cyclohexane,200,MAO,500,30,40.2,10.1039/c5dt00801h
8,,C1=CC=C(NN(P(C2=CC=CC=C2)C2=CC=CC=C2)P(C2=CC=CC=C2)C2=CC=CC=C2)C=C1,1130,,,32.8,31.8816,13.4,8.9646,97.2,66.9,40.8462,,60,50bar,10,CrCl3(THF)3,1.75,Cyclohexane,200,AlEt3,70,30,33.9,10.1039/c5dt00801h
8,,C1=CC=C(NN(P(C2=CC=CC=C2)C2=CC=CC=C2)P(C2=CC=CC=C2)C2=CC=CC=C2)C=C1,8880,,,13.6,11.016,30.8,29.568,81,96,40.584,,50,45bar,10,Cr(AcAc)3,1,Cyclohexane,200,MAO,500,30,43.2,10.1039/c5dt00801h
9,,C1=CC=C(P(C2=CC=CC=C2)N(C2=NC=CC=C2)P(C2=CC=CC=C2)C2=CC=CC=C2)C=C1,3600,,,3.1,2.9264,4.1,1.8163,94.4,44.3,4.7427,,60,50bar,10,CrCl3(THF)3,1.75,Cyclohexane,200,AlEt3,70,30,69.5,10.1039/c5dt00801h
9,,C1=CC=C(P(C2=CC=CC=C2)N(C2=NC=CC=C2)P(C2=CC=CC=C2)C2=CC=CC=C2)C=C1,5870,,,11.3,6.2376,10,8.75,55.2,87.5,14.9876,,60,50bar,10,Cr(AcAc)3,1,Cyclohexane,200,MAO,500,30,62.2,10.1039/c5dt00801h
10,,C[Si](C)(C)OC1=C(N(P(C2=CC=CC=C2)C2=CC=CC=C2)P(C2=CC=CC=C2)C2=CC=CC=C2)C=CC=C1,-,,,Trace,,-,,Trace,-,0,,60,50bar,10,CrCl3(THF)3,1.75,Cyclohexane,50,AlEt3,70,30,-,10.1039/c5dt00801h
10,,C[Si](C)(C)OC1=C(N(P(C2=CC=CC=C2)C2=CC=CC=C2)P(C2=CC=CC=C2)C2=CC=CC=C2)C=CC=C1,37810,,,23.5,9.118,55.1,52.0695,38.8,94.5,61.1875,,50,45bar,10,Cr(AcAc)3,1,Cyclohexane,50,MAO,500,30,4.2,10.1039/c5dt00801h
11,,C[SiH](C)OCCN(P(C1=CC=CC=C1)C1=CC=CC=C1)P(C1=CC=CC=C1)C1=CC=CC=C1,-,,,Trace,,-,,Trace,-,0,,60,50bar,10,CrCl3(THF)3,1.75,Cyclohexane,50,AlEt3,70,30,-,10.1039/c5dt00801h
11,,C[SiH](C)OCCN(P(C1=CC=CC=C1)C1=CC=CC=C1)P(C1=CC=CC=C1)C1=CC=CC=C1,40530,,,16.7,5.9118,52.8,50.5296,35.4,95.7,56.4414,,50,45bar,10,Cr(AcAc)3,1,Cyclohexane,50,MAO,500,30,11.8,10.1039/c5dt00801h
12,,O=C(OCCN(C(C1=CC=CC=C1)C1=CC=CC=C1)C(C1=CC=CC=C1)C1=CC=CC=C1)C1=CC=CC=C1,-,,,Trace,,-,,Trace,-,0,,60,50bar,10,CrCl3(THF)3,1.75,Cyclohexane,50,AlEt3,70,30,-,10.1039/c5dt00801h
12,,O=C(OCCN(C(C1=CC=CC=C1)C1=CC=CC=C1)C(C1=CC=CC=C1)C1=CC=CC=C1)C1=CC=CC=C1,11350,,,15,6.165,41.7,40.032,41.1,96,46.197,,50,45bar,10,Cr(AcAc)3,1,Cyclohexane,50,MAO,500,30,22.5,10.1039/c5dt00801h
13,,CC(C)N(CCN(P(C1=CC=CC=C1)C1=CC=CC=C1)P(C1=CC=CC=C1)C1=CC=CC=C1)C(C)C,4280,,,28.8,28.3968,1.7,1.2818,98.6,75.4,29.6786,,60,50bar,10,CrCl3(THF)3,1.75,Cyclohexane,200,AlEt3,70,30,63.3,10.1039/c5dt00801h
13,,CC(C)N(CCN(P(C1=CC=CC=C1)C1=CC=CC=C1)P(C1=CC=CC=C1)C1=CC=CC=C1)C(C)C,425020,,,10.5,5.9955,58,55.738,57.1,96.1,61.7335,,50,45bar,10,Cr(AcAc)3,1,Cyclohexane,200,MAO,500,30,15.7,10.1039/c5dt00801h
14,,OCCP(C1=CC=CC=C1)C1=CC=CC=C1,3200,,,5.1,4.9164,5.1,1.5453,96.4,30.3,6.4617,,60,50bar,10,CrCl3(THF)3,1.75,Cyclohexane,200,AlEt3,70,30,72.1,10.1039/c5dt00801h
14,,OCCP(C1=CC=CC=C1)C1=CC=CC=C1,46140,,,12.8,9.3696,55.2,53.9304,73.2,97.7,63.3,,50,45bar,10,Cr(AcAc)3,2,Cyclohexane,200,MAO,500,30,22.1,10.1039/c5dt00801h
15,,OC1=C(P(C2=CC=CC=C2)C2=CC=CC=C2)C=CC=C1,3280,,,38.3,37.8404,1.6,1.2048,98.8,75.3,39.0452,,60,50bar,10,CrCl3(THF)3,1.75,Cyclohexane,200,AlEt3,70,30,58.7,10.1039/c5dt00801h
,,OC1=C(P(C2=CC=CC=C2)C2=CC=CC=C2)C=CC=C1,3280,,,38.3,37.8404,1.6,1.2048,98.8,75.3,39.0452,,60,50bar,10,CrCl3(THF)3,1.75,Cyclohexane,200,AlEt3,70,30,58.7,10.1039/c5dt00801h
,,OC1=C(P(C2=CC=CC=C2)C2=CC=CC=C2)C=CC=C1,2040,,,76.2,75.2856,2.5,1.85,98.8,74,77.1356,,60,50bar,10,CrCl3(THF)3,2.2,Cyclohexane,200,AlEt3,70,30,18.9,10.1039/c5dt00801h
,,OC1=C(P(C2=CC=CC=C2)C2=CC=CC=C2)C=CC=C1,22310,,,-,,-,,-,-,0,,50,45bar,10,Cr(AcAc)3,1,Cyclohexane,200,MAO,500,30,100,10.1039/c5dt00801h
,,OC1=C(P(C2=CC=CC=C2)C2=CC=CC=C2)C=CC=C1,10190,,,-,,-,,-,-,0,,50,45bar,10,Cr(AcAc)3,2,Cyclohexane,200,MAO,500,30,100,10.1039/c5dt00801h
15,,OC1=C(P(C2=CC=CC=C2)C2=CC=CC=C2)C=CC=C1,22310,,,-,,-,,-,-,0,,50,45bar,10,Cr(AcAc)3,1,Cyclohexane,200,MAO,500,30,100,10.1039/c5dt00801h
15,,OC1=C(P(C2=CC=CC=C2)C2=CC=CC=C2)C=CC=C1,10190,,,-,,-,,-,-,0,,50,45bar,10,Cr(AcAc)3,2,Cyclohexane,200,MAO,500,30,100,10.1039/c5dt00801h
16,,OC1=C(P(CCP(C2=CC=CC=C2)C2=CC=CC=C2)C2=CC=CC=C2)C=CC=C1,910,,,17.7,17.6823,1,0.5,99.9,50,18.1823,,60,50bar,10,CrCl3(THF)3,1.75,Cyclohexane,50,AlEt3,70,30,76.2,10.1039/c5dt00801h
16,,OC1=C(P(CCP(C2=CC=CC=C2)C2=CC=CC=C2)C2=CC=CC=C2)C=CC=C1,1460,,,1.3,1.04,0.8,0.6888,80,86.1,1.7288,,50,45bar,10,Cr(AcAc)3,1,Cyclohexane,50,MAO,500,30,93.8,10.1039/c5dt00801h
1,,CC(C)N(CP(C1=CC=CC=C1)C1=CC=CC=C1)CP(C1=CC=CC=C1)C1=CC=CC=C1,,2106,,88,86.24,4,3.24,98,81,89.48,,45,30bar,32,CrCl3(THF)3,1,toluene,80,MAO,300,30,,10.1002/chem.200900986
2,,CC(C)(C)N(CP(C1=CC=CC=C1)C1=CC=CC=C1)CP(C1=CC=CC=C1)C1=CC=CC=C1,,527,,67,60.97,20,17,91,85,77.97,,45,30bar,32,CrCl3(THF)3,1,toluene,80,MAO,300,30,,10.1002/chem.200900986
3,,C1=CC=C(N(CP(C2=CC=CC=C2)C2=CC=CC=C2)CP(C2=CC=CC=C2)C2=CC=CC=C2)C=C1,,2335,,90,88.2,4,3.48,98,87,91.68,,45,30bar,32,CrCl3(THF)3,1,toluene,80,MAO,300,30,,10.1002/chem.200900986
4,,CC(C)N(CP(C1CCCCC1)C1CCCCC1)CP(C1CCCCC1)C1CCCCC1,,4579,,97,92.15,1,0.99,95,99,93.14,,45,30bar,32,CrCl3(THF)3,1,toluene,80,MAO,300,30,,10.1002/chem.200900986
5,,CC(C)N(CP(C1CCCCC1)C1CCCCC1)CP(C1CCCCC1)C1CCCCC1,,4003,,90,82.8,2,1.98,92,99,84.78,,45,30bar,32,CrCl3(THF)3,1,toluene,80,MAO,300,30,,10.1002/chem.200900986
6,,C1=CC=C(N(CP(C2CCCCC2)C2CCCCC2)CP(C2CCCCC2)C2CCCCC2)C=C1,,5300,,99,96.03,1,0.99,97,99,97.02,,45,30bar,32,CrCl3(THF)3,1,toluene,80,MAO,300,30,,10.1002/chem.200900986
,,C1=CC=C(N(CP(C2CCCCC2)C2CCCCC2)CP(C2CCCCC2)C2CCCCC2)C=C1,,8535,,99,97.02,1,0.99,98,99,98.01,,70,30bar,32,CrCl3(THF)3,1,toluene,80,MAO,300,30,,10.1002/chem.200900986
,,C1=CC=C(N(CP(C2CCCCC2)C2CCCCC2)CP(C2CCCCC2)C2CCCCC2)C=C1,,4892,,98,96.04,1,0.99,98,99,97.03,,45,50bar,32,CrCl3(THF)3,1,toluene,80,MAO,300,30,,10.1002/chem.200900986
,,C1=CC=C(N(CP(C2CCCCC2)C2CCCCC2)CP(C2CCCCC2)C2CCCCC2)C=C1,,9783,,99,97.02,1,0.99,98,99,98.01,,70,30bar,32,CrCl3(THF)3,1,toluene,80,MAO,600,30,,10.1002/chem.200900986
7,,CC(C)N(CPC(C)(C)C)CPC(C)(C)C,,5127,,78,77.22,21,20.58,99,98,97.8,,45,30bar,32,CrCl3(THF)3,1,toluene,80,MAO,300,30,,10.1002/chem.200900986
1,,C1=CC=C(P(C2=CC=CC=C2)N(C2CCCC2)P(C2=CC=CC=C2)C2=CC=CC=C2)C=C1,33000,,,27.7,27.3953,50,49.35,98.9,98.7,76.7453,,50,1MPa,2.4,CrCl3(THF)3,1,methylcyclohexane,20,MMAO-3A,500,30,,10.1007/s00214-022-02887-5
2,,CCP(C1=CC=CC=C1)N(C1CCCC1)P(C1=CC=CC=C1)C1=CC=CC=C1,46000,,,37.6,36.5096,36,35.64,97.1,99,72.1496,,50,1MPa,2.4,CrCl3(THF)3,1,methylcyclohexane,20,MMAO-3A,500,30,,10.1007/s00214-022-02887-5
3,,CC(C)P(C1=CC=CC=C1)N(C1CCCC1)P(C1=CC=CC=C1)C1=CC=CC=C1,6000,,,65.2,64.0916,28.3,27.168,98.3,96,91.2596,,50,1MPa,2.4,CrCl3(THF)3,1,methylcyclohexane,20,MMAO-3A,500,30,,10.1007/s00214-022-02887-5
4,,CC(C)(C)P(C1=CC=CC=C1)N(C1CCCC1)P(C1=CC=CC=C1)C1=CC=CC=C1,3000,,,86.7,86.0931,-,,99.3,-,,,50,1MPa,2.4,CrCl3(THF)3,1,methylcyclohexane,20,MMAO-3A,500,30,,10.1007/s00214-022-02887-5
5,,CCP(C(C)C)N(C1CCCC1)P(C1=CC=CC=C1)C1=CC=CC=C1,1717000,,,17.4,17.052,72,70.992,98,98.6,88.044,,55,5MPa,0.4,CrCl3(THF)3,1,methylcyclohexane,200,MMAO-3A,700,30,,10.1007/s00214-022-02887-5
6,,CC(C)P(C(C)C)N(C1CCCC1)P(C1=CC=CC=C1)C1=CC=CC=C1,4490000,,,32.7,32.5692,51,50.745,99.6,99.5,83.3142,,55,5MPa,0.4,CrCl3(THF)3,1,methylcyclohexane,200,MMAO-3A,700,30,,10.1007/s00214-022-02887-5
7,,CC(C)(C)P(N(C1CCCC1)P(C1=CC=CC=C1)C1=CC=CC=C1)C(C)(C)C,1000,,,50.6,49.588,-,,98,-,,,50,1MPa,2.4,CrCl3(THF)3,1,methylcyclohexane,20,MMAO-3A,500,30,,10.1007/s00214-022-02887-5
8,,CCP(C1=CC=CC=C1)N(C1CCCC1)P(CC)C1=CC=CC=C1,17000,,,57.5,56.9825,33,32.076,99.1,97.2,89.0585,,50,1MPa,2.4,CrCl3(THF)3,1,methylcyclohexane,20,MMAO-3A,500,30,,10.1007/s00214-022-02887-5
9,,CC(C)P(C1=CC=CC=C1)N(C1CCCC1)P(C1=CC=CC=C1)C(C)C,14000,,,96.2,95.8152,-,,99.6,-,,,50,1MPa,2.4,CrCl3(THF)3,1,methylcyclohexane,20,MMAO-3A,500,30,,10.1007/s00214-022-02887-5
poss,,CC(C)(C)[Si]12O[Si]3(CCCN(P(C4=CC=CC=C4)C4=CC=CC=C4)P(C4=CC=CC=C4)C4=CC=CC=C4)O[Si]4(C(C)(C)C)O[Si](C(C)(C)C)(O1)O[Si]1(C(C)(C)C)O[Si](C(C)(C)C)(O2)O[Si](C(C)(C)C)(O3)O[Si](C(C)(C)C)(O4)O1,,434000,,18.6,5.6172,55.6,51.8192,30.2,93.2,57.4364,,45,30bar,0.5,CrCl3(THF)3,0.5,methylcyclohexane,20,MMAO-3A,500,15,,10.1016/j.apcata.2018.04.030
,,CC(C)(C)[Si]12O[Si]3(CCCN(P(C4=CC=CC=C4)C4=CC=CC=C4)P(C4=CC=CC=C4)C4=CC=CC=C4)O[Si]4(C(C)(C)C)O[Si](C(C)(C)C)(O1)O[Si]1(C(C)(C)C)O[Si](C(C)(C)C)(O2)O[Si](C(C)(C)C)(O3)O[Si](C(C)(C)C)(O4)O1,,1049000,,23.3,9.8326,63,60.165,42.2,95.5,69.9976,,45,30bar,0.5,CrCl3(THF)3,1,methylcyclohexane,20,MMAO-3A,500,15,,10.1016/j.apcata.2018.04.030
,,CC(C)(C)[Si]12O[Si]3(CCCN(P(C4=CC=CC=C4)C4=CC=CC=C4)P(C4=CC=CC=C4)C4=CC=CC=C4)O[Si]4(C(C)(C)C)O[Si](C(C)(C)C)(O1)O[Si]1(C(C)(C)C)O[Si](C(C)(C)C)(O2)O[Si](C(C)(C)C)(O3)O[Si](C(C)(C)C)(O4)O1,,995000,,21.3,7.2207,62,58.714,33.9,94.7,65.9347,,45,30bar,0.5,CrCl3(THF)3,1.5,methylcyclohexane,20,MMAO-3A,500,15,,10.1016/j.apcata.2018.04.030
,,CC(C)(C)[Si]12O[Si]3(CCCN(P(C4=CC=CC=C4)C4=CC=CC=C4)P(C4=CC=CC=C4)C4=CC=CC=C4)O[Si]4(C(C)(C)C)O[Si](C(C)(C)C)(O1)O[Si]1(C(C)(C)C)O[Si](C(C)(C)C)(O2)O[Si](C(C)(C)C)(O3)O[Si](C(C)(C)C)(O4)O1,,1250000,,21.2,8.374,64.6,62.5974,39.5,96.9,70.9714,,45,30bar,0.5,CrCl3(THF)3,1,n-pentane,20,MMAO-3A,500,15,,10.1016/j.apcata.2018.04.030
,,CC(C)(C)[Si]12O[Si]3(CCCN(P(C4=CC=CC=C4)C4=CC=CC=C4)P(C4=CC=CC=C4)C4=CC=CC=C4)O[Si]4(C(C)(C)C)O[Si](C(C)(C)C)(O1)O[Si]1(C(C)(C)C)O[Si](C(C)(C)C)(O2)O[Si](C(C)(C)C)(O3)O[Si](C(C)(C)C)(O4)O1,,889000,,20.6,7.6014,64.5,61.92,36.9,96,69.5214,,45,30bar,0.5,CrCl3(THF)3,1,n-hexane,20,MMAO-3A,500,15,,10.1016/j.apcata.2018.04.030
,,CC(C)(C)[Si]12O[Si]3(CCCN(P(C4=CC=CC=C4)C4=CC=CC=C4)P(C4=CC=CC=C4)C4=CC=CC=C4)O[Si]4(C(C)(C)C)O[Si](C(C)(C)C)(O1)O[Si]1(C(C)(C)C)O[Si](C(C)(C)C)(O2)O[Si](C(C)(C)C)(O3)O[Si](C(C)(C)C)(O4)O1,,1021000,,21.7,8.0724,64.7,61.7238,37.2,95.4,69.7962,,45,30bar,0.5,CrCl3(THF)3,1,cyclohexane,20,MMAO-3A,500,15,,10.1016/j.apcata.2018.04.030
,,CC(C)(C)[Si]12O[Si]3(CCCN(P(C4=CC=CC=C4)C4=CC=CC=C4)P(C4=CC=CC=C4)C4=CC=CC=C4)O[Si]4(C(C)(C)C)O[Si](C(C)(C)C)(O1)O[Si]1(C(C)(C)C)O[Si](C(C)(C)C)(O2)O[Si](C(C)(C)C)(O3)O[Si](C(C)(C)C)(O4)O1,,869000,,20.8,7.7584,63.9,61.0884,37.3,95.6,68.8468,,45,30bar,0.5,CrCl3(THF)3,1,n-heptane,20,MMAO-3A,500,15,,10.1016/j.apcata.2018.04.030
,,CC(C)(C)[Si]12O[Si]3(CCCN(P(C4=CC=CC=C4)C4=CC=CC=C4)P(C4=CC=CC=C4)C4=CC=CC=C4)O[Si]4(C(C)(C)C)O[Si](C(C)(C)C)(O1)O[Si]1(C(C)(C)C)O[Si](C(C)(C)C)(O2)O[Si](C(C)(C)C)(O3)O[Si](C(C)(C)C)(O4)O1,,997000,,24.8,11.7552,64.4,61.3732,47.4,95.3,73.1284,,60,30bar,0.5,CrCl3(THF)3,1.2,methylcyclohexane,20,MMAO-3A,500,15,,10.1016/j.apcata.2018.04.030
,,CC(C)(C)[Si]12O[Si]3(CCCN(P(C4=CC=CC=C4)C4=CC=CC=C4)P(C4=CC=CC=C4)C4=CC=CC=C4)O[Si]4(C(C)(C)C)O[Si](C(C)(C)C)(O1)O[Si]1(C(C)(C)C)O[Si](C(C)(C)C)(O2)O[Si](C(C)(C)C)(O3)O[Si](C(C)(C)C)(O4)O1,,1049000,,23.3,9.8326,63,60.165,42.2,95.5,69.9976,,45,30bar,0.5,CrCl3(THF)3,1.4,n-heptane,20,MMAO-3A,500,15,,10.1016/j.apcata.2018.04.030
,,CC(C)(C)[Si]12O[Si]3(CCCN(P(C4=CC=CC=C4)C4=CC=CC=C4)P(C4=CC=CC=C4)C4=CC=CC=C4)O[Si]4(C(C)(C)C)O[Si](C(C)(C)C)(O1)O[Si]1(C(C)(C)C)O[Si](C(C)(C)C)(O2)O[Si](C(C)(C)C)(O3)O[Si](C(C)(C)C)(O4)O1,,997000,,24.8,11.7552,64.4,61.3732,47.4,95.3,73.1284,,60,30bar,0.5,CrCl3(THF)3,1.6,methylcyclohexane,20,MMAO-3A,500,15,,10.1016/j.apcata.2018.04.030
,,CC(C)(C)[Si]12O[Si]3(CCCN(P(C4=CC=CC=C4)C4=CC=CC=C4)P(C4=CC=CC=C4)C4=CC=CC=C4)O[Si]4(C(C)(C)C)O[Si](C(C)(C)C)(O1)O[Si]1(C(C)(C)C)O[Si](C(C)(C)C)(O2)O[Si](C(C)(C)C)(O3)O[Si](C(C)(C)C)(O4)O1,,865000,,26.1,14.2506,63.9,61.6635,54.6,96.5,75.9141,,80,30bar,0.5,CrCl3(THF)3,1.8,n-heptane,20,MMAO-3A,500,15,,10.1016/j.apcata.2018.04.030
,,CC(C)(C)[Si]12O[Si]3(CCCN(P(C4=CC=CC=C4)C4=CC=CC=C4)P(C4=CC=CC=C4)C4=CC=CC=C4)O[Si]4(C(C)(C)C)O[Si](C(C)(C)C)(O1)O[Si]1(C(C)(C)C)O[Si](C(C)(C)C)(O2)O[Si](C(C)(C)C)(O3)O[Si](C(C)(C)C)(O4)O1,,632000,,30.7,19.6173,60,58.14,63.9,96.9,77.7573,,100,30bar,0.5,CrCl3(THF)3,0.2,methylcyclohexane,20,MMAO-3A,500,15,,10.1016/j.apcata.2018.04.030
,,CC(C)(C)[Si]12O[Si]3(CCCN(P(C4=CC=CC=C4)C4=CC=CC=C4)P(C4=CC=CC=C4)C4=CC=CC=C4)O[Si]4(C(C)(C)C)O[Si](C(C)(C)C)(O1)O[Si]1(C(C)(C)C)O[Si](C(C)(C)C)(O2)O[Si](C(C)(C)C)(O3)O[Si](C(C)(C)C)(O4)O1,,513000,,34.2,24.282,57.6,55.5264,71,96.4,79.8084,,120,30bar,0.5,CrCl3(THF)3,0.22,n-heptane,20,MMAO-3A,500,15,,10.1016/j.apcata.2018.04.030
,,CC(C)(C)[Si]12O[Si]3(CCCN(P(C4=CC=CC=C4)C4=CC=CC=C4)P(C4=CC=CC=C4)C4=CC=CC=C4)O[Si]4(C(C)(C)C)O[Si](C(C)(C)C)(O1)O[Si]1(C(C)(C)C)O[Si](C(C)(C)C)(O2)O[Si](C(C)(C)C)(O3)O[Si](C(C)(C)C)(O4)O1,,316000,,40.7,32.56,48.6,46.7532,80,96.2,79.3132,,140,30bar,0.5,CrCl3(THF)3,0.24,methylcyclohexane,20,MMAO-3A,500,15,,10.1016/j.apcata.2018.04.030
2,,CCCCN(P(C1=CC=CC=C1)C1=CC=CC=C1)P(C1=CC=CC=C1)C1=CC=CC=C1,,125000,,20.2,9.2718,69.8,67.8456,45.9,97.2,77.1174,,45,30bar,0.5,CrCl3(THF)3,1,n-pentane,20,MMAO-3A,500,15,,10.1016/j.apcata.2018.04.030
,,CCCCN(P(C1=CC=CC=C1)C1=CC=CC=C1)P(C1=CC=CC=C1)C1=CC=CC=C1,,161000,,19.2,9.8496,69.3,66.5973,51.3,96.1,76.4469,,45,30bar,0.5,CrCl3(THF)3,1,n-hexane,20,MMAO-3A,500,15,,10.1016/j.apcata.2018.04.030
,,CCCCN(P(C1=CC=CC=C1)C1=CC=CC=C1)P(C1=CC=CC=C1)C1=CC=CC=C1,,214000,,11.5,3.5075,71.5,68.497,30.5,95.8,72.0045,,45,30bar,0.5,CrCl3(THF)3,1,cyclohexane,20,MMAO-3A,500,15,,10.1016/j.apcata.2018.04.030
,,CCCCN(P(C1=CC=CC=C1)C1=CC=CC=C1)P(C1=CC=CC=C1)C1=CC=CC=C1,,228000,,11.5,3.8525,73.6,70.7296,33.5,96.1,74.5821,,45,30bar,0.5,CrCl3(THF)3,1,n-heptane,20,MMAO-3A,500,15,,10.1016/j.apcata.2018.04.030
,,CCCCN(P(C1=CC=CC=C1)C1=CC=CC=C1)P(C1=CC=CC=C1)C1=CC=CC=C1,,446000,,13.1,4.4802,70.8,68.322,34.2,96.5,72.8022,,45,30bar,0.5,CrCl3(THF)3,1,methylcyclohexane,20,MMAO-3A,500,15,,10.1016/j.apcata.2018.04.030
,,CCCCN(P(C1=CC=CC=C1)C1=CC=CC=C1)P(C1=CC=CC=C1)C1=CC=CC=C1,,575000,,23,11.891,68.6,66.542,51.7,97,78.433,,60,30bar,0.5,CrCl3(THF)3,1,methylcyclohexane,20,MMAO-3A,500,15,,10.1016/j.apcata.2018.04.030
,,CCCCN(P(C1=CC=CC=C1)C1=CC=CC=C1)P(C1=CC=CC=C1)C1=CC=CC=C1,,446000,,13.1,4.4802,70.8,68.322,34.2,96.5,72.8022,,,30bar,0.5,CrCl3(THF)3,1,methylcyclohexane,20,MMAO-3A,500,15,,10.1016/j.apcata.2018.04.030
,,CCCCN(P(C1=CC=CC=C1)C1=CC=CC=C1)P(C1=CC=CC=C1)C1=CC=CC=C1,,575000,,23,11.891,68.6,66.542,51.7,97,78.433,,,30bar,0.5,CrCl3(THF)3,1,methylcyclohexane,20,MMAO-3A,500,15,,10.1016/j.apcata.2018.04.030
,,CCCCN(P(C1=CC=CC=C1)C1=CC=CC=C1)P(C1=CC=CC=C1)C1=CC=CC=C1,,396000,,24.5,13.9895,66.8,65.0632,57.1,97.4,79.0527,,,30bar,0.5,CrCl3(THF)3,1,methylcyclohexane,20,MMAO-3A,500,15,,10.1016/j.apcata.2018.04.030
,,CCCCN(P(C1=CC=CC=C1)C1=CC=CC=C1)P(C1=CC=CC=C1)C1=CC=CC=C1,,239000,,29,19.604,61.8,60.0696,67.6,97.2,79.6736,,,30bar,0.5,CrCl3(THF)3,1,methylcyclohexane,20,MMAO-3A,500,15,,10.1016/j.apcata.2018.04.030
,,CCCCN(P(C1=CC=CC=C1)C1=CC=CC=C1)P(C1=CC=CC=C1)C1=CC=CC=C1,,218000,,35.5,27.5125,56.3,54.3295,77.5,96.5,81.842,,,30bar,0.5,CrCl3(THF)3,1,methylcyclohexane,20,MMAO-3A,500,15,,10.1016/j.apcata.2018.04.030
,,CCCCN(P(C1=CC=CC=C1)C1=CC=CC=C1)P(C1=CC=CC=C1)C1=CC=CC=C1,,128000,,36.8,30.176,48.3,46.368,82,96,76.544,,,30bar,0.5,CrCl3(THF)3,1,methylcyclohexane,20,MMAO-3A,500,15,,10.1016/j.apcata.2018.04.030
3,,CC1=C(P(C2=CC=CC=C2)N(CCC[Si]23O[Si]4(C(C)(C)C)O[Si]5(C(C)(C)C)O[Si](C(C)(C)C)(O2)O[Si]2(C(C)(C)C)O[Si](C(C)(C)C)(O3)O[Si](C(C)(C)C)(O4)O[Si](C(C)(C)C)(O5)O2)P(C2=CC=CC=C2)C2=CC=CC=C2)C=CC=C1,,1254000,,41.6,27.248,50.5,49.4395,65.5,97.9,76.6875,,60,30bar,0.5,CrCl3(THF)3,1,methylcyclohexane,20,MMAO-3A,500,15,,10.1016/j.apcata.2018.04.030
4,,CC(C)(C)[Si]12O[Si]3(CCCN(P(C4=CC=CC=C4)C4=CC=CC=C4)P(C4=CC=CC=C4)C4=CC=CC=C4)O[Si]4(C(C)(C)C)O[Si](C(C)(C)C)(O1)O[Si]1(C(C)(C)C)O[Si](C(C)(C)C)(O2)O[Si](C(C)(C)C)(O3)O[Si](C(C)(C)C)(O4)O1,,606000,,23.9,11.2091,65.7,63.2691,46.9,96.3,74.4782,,60,30bar,0.5,CrCl3(THF)3,1,methylcyclohexane,20,MMAO-3A,500,15,,10.1016/j.apcata.2018.04.030
5,,CC(C)(C)[Si]12O[Si]3(CCCN(P(C4=CC=CC=C4)C4=CC=CC=C4)P(C4=CC=CC=C4)C4=CC=CC=C4)O[Si]4(C(C)(C)C)O[Si](C(C)(C)C)(O1)O[Si]1(C(C)(C)C)O[Si](C(C)(C)C)(O2)O[Si](C(C)(C)C)(O3)O[Si](C(C)(C)C)(O4)O1,,892000,,29.6,17.5528,60.1,57.9965,59.3,96.5,75.5493,,60,30bar,0.5,CrCl3(THF)3,1,methylcyclohexane,20,MMAO-3A,500,15,,10.1016/j.apcata.2018.04.030
6,,CCC1=C(P(C2=CC=CC=C2)N(CCC[Si]23O[Si]4(C(C)(C)C)O[Si]5(C(C)(C)C)O[Si](C(C)(C)C)(O2)O[Si]2(C(C)(C)C)O[Si](C(C)(C)C)(O3)O[Si](C(C)(C)C)(O4)O[Si](C(C)(C)C)(O5)O2)P(C2=CC=CC=C2)C2=CC=CC=C2)C=CC=C1,,1977000,,60,59.94,1.5,1.398,99.9,93.2,61.338,,60,30bar,0.5,CrCl3(THF)3,1,methylcyclohexane,20,MMAO-3A,500,15,,10.1016/j.apcata.2018.04.030
7,,CCC1=CC=CC(P(C2=CC=CC=C2)N(CCC[Si]23O[Si]4(C(C)(C)C)O[Si]5(C(C)(C)C)O[Si](C(C)(C)C)(O2)O[Si]2(C(C)(C)C)O[Si](C(C)(C)C)(O3)O[Si](C(C)(C)C)(O4)O[Si](C(C)(C)C)(O5)O2)P(C2=CC=CC=C2)C2=CC=CC=C2)=C1,,579000,,29.1,16.6452,60.4,58.1652,57.2,96.3,74.8104,,60,30bar,0.5,CrCl3(THF)3,1,methylcyclohexane,20,MMAO-3A,500,15,,10.1016/j.apcata.2018.04.030
8,,CCC1=CC=C(P(C2=CC=CC=C2)N(CCC[Si]23O[Si]4(C(C)(C)C)O[Si]5(C(C)(C)C)O[Si](C(C)(C)C)(O2)O[Si]2(C(C)(C)C)O[Si](C(C)(C)C)(O3)O[Si](C(C)(C)C)(O4)O[Si](C(C)(C)C)(O5)O2)P(C2=CC=CC=C2)C2=CC=CC=C2)C=C1,,717000,,32.2,20.9622,57.4,55.4484,65.1,96.6,76.4106,,60,30bar,0.5,CrCl3(THF)3,1,methylcyclohexane,20,MMAO-3A,500,15,,10.1016/j.apcata.2018.04.030
9,,CC(C)(C)[Si]12O[Si]3(CCCN(P(C4=CC=CC=C4)C4=CC=CC=C4)P(C4=CC=CC=C4)C4=C(F)C=CC=C4)O[Si]4(C(C)(C)C)O[Si](C(C)(C)C)(O1)O[Si]1(C(C)(C)C)O[Si](C(C)(C)C)(O2)O[Si](C(C)(C)C)(O3)O[Si](C(C)(C)C)(O4)O1,,1745000,,27.7,19.5008,63.6,62.3916,70.4,98.1,81.8924,,60,30bar,0.5,CrCl3(THF)3,1,methylcyclohexane,20,MMAO-3A,500,15,,10.1016/j.apcata.2018.04.030
,,CC(C)(C)[Si]12O[Si]3(CCCN(P(C4=CC=CC=C4)C4=CC=CC=C4)P(C4=CC=CC=C4)C4=C(F)C=CC=C4)O[Si]4(C(C)(C)C)O[Si](C(C)(C)C)(O1)O[Si]1(C(C)(C)C)O[Si](C(C)(C)C)(O2)O[Si](C(C)(C)C)(O3)O[Si](C(C)(C)C)(O4)O1,,1841000,,22.7,13.3476,65.9,64.7138,58.8,98.2,78.0614,,45,30bar,0.5,CrCl3(THF)3,1,n-pentane,20,MMAO-3A,500,15,,10.1016/j.apcata.2018.04.030
,,CC(C)(C)[Si]12O[Si]3(CCCN(P(C4=CC=CC=C4)C4=CC=CC=C4)P(C4=CC=CC=C4)C4=C(F)C=CC=C4)O[Si]4(C(C)(C)C)O[Si](C(C)(C)C)(O1)O[Si]1(C(C)(C)C)O[Si](C(C)(C)C)(O2)O[Si](C(C)(C)C)(O3)O[Si](C(C)(C)C)(O4)O1,,1793000,,25.1,15.7628,64.2,62.916,62.8,98,78.6788,,45,30bar,0.5,CrCl3(THF)3,1,methylcyclohexane,20,MMAO-3A,500,15,,10.1016/j.apcata.2018.04.030
,,CC(C)(C)[Si]12O[Si]3(CCCN(P(C4=CC=CC=C4)C4=CC=CC=C4)P(C4=CC=CC=C4)C4=C(F)C=CC=C4)O[Si]4(C(C)(C)C)O[Si](C(C)(C)C)(O1)O[Si]1(C(C)(C)C)O[Si](C(C)(C)C)(O2)O[Si](C(C)(C)C)(O3)O[Si](C(C)(C)C)(O4)O1,,1745000,,27.7,19.5008,63.6,62.3916,70.4,98.1,81.8924,,60,30bar,0.5,CrCl3(THF)3,1,methylcyclohexane,20,MMAO-3A,500,15,,10.1016/j.apcata.2018.04.030
,,CC(C)(C)[Si]12O[Si]3(CCCN(P(C4=CC=CC=C4)C4=CC=CC=C4)P(C4=CC=CC=C4)C4=C(F)C=CC=C4)O[Si]4(C(C)(C)C)O[Si](C(C)(C)C)(O1)O[Si]1(C(C)(C)C)O[Si](C(C)(C)C)(O2)O[Si](C(C)(C)C)(O3)O[Si](C(C)(C)C)(O4)O1,,1638000,,34.4,27.6232,54.9,53.9667,80.3,98.3,81.5899,,80,30bar,0.5,CrCl3(THF)3,1,methylcyclohexane,20,MMAO-3A,500,15,,10.1016/j.apcata.2018.04.030
,,CC(C)(C)[Si]12O[Si]3(CCCN(P(C4=CC=CC=C4)C4=CC=CC=C4)P(C4=CC=CC=C4)C4=C(F)C=CC=C4)O[Si]4(C(C)(C)C)O[Si](C(C)(C)C)(O1)O[Si]1(C(C)(C)C)O[Si](C(C)(C)C)(O2)O[Si](C(C)(C)C)(O3)O[Si](C(C)(C)C)(O4)O1,,1619000,,42.7,37.3625,43.8,43.143,87.5,98.5,80.5055,,100,30bar,0.5,CrCl3(THF)3,1,methylcyclohexane,20,MMAO-3A,500,15,,10.1016/j.apcata.2018.04.030
,,CC(C)(C)[Si]12O[Si]3(CCCN(P(C4=CC=CC=C4)C4=CC=CC=C4)P(C4=CC=CC=C4)C4=C(F)C=CC=C4)O[Si]4(C(C)(C)C)O[Si](C(C)(C)C)(O1)O[Si]1(C(C)(C)C)O[Si](C(C)(C)C)(O2)O[Si](C(C)(C)C)(O3)O[Si](C(C)(C)C)(O4)O1,,1617000,,46.7,41.6097,42.4,41.8912,89.1,98.8,83.5009,,120,30bar,0.5,CrCl3(THF)3,1,methylcyclohexane,20,MMAO-3A,500,15,,10.1016/j.apcata.2018.04.030
,,CC(C)(C)[Si]12O[Si]3(CCCN(P(C4=CC=CC=C4)C4=CC=CC=C4)P(C4=CC=CC=C4)C4=C(F)C=CC=C4)O[Si]4(C(C)(C)C)O[Si](C(C)(C)C)(O1)O[Si]1(C(C)(C)C)O[Si](C(C)(C)C)(O2)O[Si](C(C)(C)C)(O3)O[Si](C(C)(C)C)(O4)O1,,1464000,,47.3,42.2389,44.9,44.3163,89.3,98.7,86.5552,,140,30bar,0.5,CrCl3(THF)3,1,methylcyclohexane,20,MMAO-3A,500,15,,10.1016/j.apcata.2018.04.030
10,,CC(C)(C)[Si]12O[Si]3(CCCN(P(C4=CC=CC=C4)C4=CC=CC=C4)P(C4=CC=CC=C4)C4=CC(F)=CC=C4)O[Si]4(C(C)(C)C)O[Si](C(C)(C)C)(O1)O[Si]1(C(C)(C)C)O[Si](C(C)(C)C)(O2)O[Si](C(C)(C)C)(O3)O[Si](C(C)(C)C)(O4)O1,,799000,,25.7,11.5393,63.3,60.5148,44.9,95.6,72.0541,,60,30bar,0.5,CrCl3(THF)3,1,methylcyclohexane,20,MMAO-3A,500,15,,10.1016/j.apcata.2018.04.030
11,,CC(C)(C)[Si]12O[Si]3(CCCN(P(C4=CC=CC=C4)C4=CC=CC=C4)P(C4=CC=CC=C4)C4=CC=CC=C4)O[Si]4(C(C)(C)C)O[Si](C(C)(C)C)(O1)O[Si]1(C(C)(C)C)O[Si](C(C)(C)C)(O2)O[Si](C(C)(C)C)(O3)O[Si](C(C)(C)C)(O4)O1,,809000,,25.6,11.4176,63.9,61.2162,44.6,95.8,72.6338,,60,30bar,0.5,CrCl3(THF)3,1,methylcyclohexane,20,MMAO-3A,500,15,,10.1016/j.apcata.2018.04.030
12,,CC(C)(C)[Si]12O[Si]3(CCCN(P(C4=CC=CC=C4)C4=CC=CC=C4)P(C4=CC=CC=C4)C4=C(C(F)(F)F)C=CC=C4)O[Si]4(C(C)(C)C)O[Si](C(C)(C)C)(O1)O[Si]1(C(C)(C)C)O[Si](C(C)(C)C)(O2)O[Si](C(C)(C)C)(O3)O[Si](C(C)(C)C)(O4)O1,,730000,,54.4,35.8496,38.8,37.6748,65.9,97.1,73.5244,,60,30bar,0.5,CrCl3(THF)3,1,methylcyclohexane,20,MMAO-3A,500,15,,10.1016/j.apcata.2018.04.030
13,,CC(C)(C)[Si]12O[Si]3(CCCN(P(C4=CC=CC=C4)C4=CC=CC=C4)P(C4=CC=CC=C4)C4=CC(C(F)(F)F)=CC=C4)O[Si]4(C(C)(C)C)O[Si](C(C)(C)C)(O1)O[Si]1(C(C)(C)C)O[Si](C(C)(C)C)(O2)O[Si](C(C)(C)C)(O3)O[Si](C(C)(C)C)(O4)O1,,437000,,27.2,14.0896,60.7,58.0899,51.8,95.7,72.1795,,60,30bar,0.5,CrCl3(THF)3,1,methylcyclohexane,20,MMAO-3A,500,15,,10.1016/j.apcata.2018.04.030
14,,CC(C)(C)[Si]12O[Si]3(CCCN(P(C4=CC=CC=C4)C4=CC=CC=C4)P(C4=CC=CC=C4)C4=CC=C(C(F)(F)F)C=C4)O[Si]4(C(C)(C)C)O[Si](C(C)(C)C)(O1)O[Si]1(C(C)(C)C)O[Si](C(C)(C)C)(O2)O[Si](C(C)(C)C)(O3)O[Si](C(C)(C)C)(O4)O1,,562000,,27.8,15.0676,62.5,60.1875,54.2,96.3,75.2551,,60,30bar,0.5,CrCl3(THF)3,1,methylcyclohexane,20,MMAO-3A,500,15,,10.1016/j.apcata.2018.04.030
15,,CC(C)(C)[Si]12O[Si]3(CCCN(P(C4=CC=CC=C4)C4=CC=CC=C4)P(C4=CC=CC=C4)C4=C(OC(F)F)C=CC=C4)O[Si]4(C(C)(C)C)O[Si](C(C)(C)C)(O1)O[Si]1(C(C)(C)C)O[Si](C(C)(C)C)(O2)O[Si](C(C)(C)C)(O3)O[Si](C(C)(C)C)(O4)O1,,2275000,,37.2,25.2216,56.8,54.9256,67.8,96.7,80.1472,,60,30bar,0.5,CrCl3(THF)3,1,methylcyclohexane,20,MMAO-3A,500,15,,10.1016/j.apcata.2018.04.030
,,CC(C)(C)[Si]12O[Si]3(CCCN(P(C4=CC=CC=C4)C4=CC=CC=C4)P(C4=CC=CC=C4)C4=C(OC(F)F)C=CC=C4)O[Si]4(C(C)(C)C)O[Si](C(C)(C)C)(O1)O[Si]1(C(C)(C)C)O[Si](C(C)(C)C)(O2)O[Si](C(C)(C)C)(O3)O[Si](C(C)(C)C)(O4)O1,,2275000,,32.6,17.8648,59.2,57.9568,54.8,97.9,75.8216,,45,30bar,0.5,CrCl3(THF)3,1,n-pentane,20,MMAO-3A,500,15,,10.1016/j.apcata.2018.04.030
,,CC(C)(C)[Si]12O[Si]3(CCCN(P(C4=CC=CC=C4)C4=CC=CC=C4)P(C4=CC=CC=C4)C4=C(OC(F)F)C=CC=C4)O[Si]4(C(C)(C)C)O[Si](C(C)(C)C)(O1)O[Si]1(C(C)(C)C)O[Si](C(C)(C)C)(O2)O[Si](C(C)(C)C)(O3)O[Si](C(C)(C)C)(O4)O1,,2287000,,35.5,20.7675,56.8,55.6072,58.5,97.9,76.3747,,45,30bar,0.5,CrCl3(THF)3,1,methylcyclohexane,20,MMAO-3A,500,15,,10.1016/j.apcata.2018.04.030
,,CC(C)(C)[Si]12O[Si]3(CCCN(P(C4=CC=CC=C4)C4=CC=CC=C4)P(C4=CC=CC=C4)C4=C(OC(F)F)C=CC=C4)O[Si]4(C(C)(C)C)O[Si](C(C)(C)C)(O1)O[Si]1(C(C)(C)C)O[Si](C(C)(C)C)(O2)O[Si](C(C)(C)C)(O3)O[Si](C(C)(C)C)(O4)O1,,2275000,,37.2,25.2216,56.8,54.9256,67.8,96.7,80.1472,,60,30bar,0.5,CrCl3(THF)3,1,methylcyclohexane,20,MMAO-3A,500,15,,10.1016/j.apcata.2018.04.030
,,CC(C)(C)[Si]12O[Si]3(CCCN(P(C4=CC=CC=C4)C4=CC=CC=C4)P(C4=CC=CC=C4)C4=C(OC(F)F)C=CC=C4)O[Si]4(C(C)(C)C)O[Si](C(C)(C)C)(O1)O[Si]1(C(C)(C)C)O[Si](C(C)(C)C)(O2)O[Si](C(C)(C)C)(O3)O[Si](C(C)(C)C)(O4)O1,,2030000,,46.9,38.3173,46.1,45.1319,81.7,97.9,83.4492,,80,30bar,0.5,CrCl3(THF)3,1,methylcyclohexane,20,MMAO-3A,500,15,,10.1016/j.apcata.2018.04.030
,,CC(C)(C)[Si]12O[Si]3(CCCN(P(C4=CC=CC=C4)C4=CC=CC=C4)P(C4=CC=CC=C4)C4=C(OC(F)F)C=CC=C4)O[Si]4(C(C)(C)C)O[Si](C(C)(C)C)(O1)O[Si]1(C(C)(C)C)O[Si](C(C)(C)C)(O2)O[Si](C(C)(C)C)(O3)O[Si](C(C)(C)C)(O4)O1,,1595000,,51.2,43.4176,42.5,41.565,84.8,97.8,84.9826,,100,30bar,0.5,CrCl3(THF)3,1,methylcyclohexane,20,MMAO-3A,500,15,,10.1016/j.apcata.2018.04.030
,,CC(C)(C)[Si]12O[Si]3(CCCN(P(C4=CC=CC=C4)C4=CC=CC=C4)P(C4=CC=CC=C4)C4=C(OC(F)F)C=CC=C4)O[Si]4(C(C)(C)C)O[Si](C(C)(C)C)(O1)O[Si]1(C(C)(C)C)O[Si](C(C)(C)C)(O2)O[Si](C(C)(C)C)(O3)O[Si](C(C)(C)C)(O4)O1,,1371000,,56.2,49.9618,37,36.223,88.9,97.9,86.1848,,120,30bar,0.5,CrCl3(THF)3,1,methylcyclohexane,20,MMAO-3A,500,15,,10.1016/j.apcata.2018.04.030
,,CC(C)(C)[Si]12O[Si]3(CCCN(P(C4=CC=CC=C4)C4=CC=CC=C4)P(C4=CC=CC=C4)C4=C(OC(F)F)C=CC=C4)O[Si]4(C(C)(C)C)O[Si](C(C)(C)C)(O1)O[Si]1(C(C)(C)C)O[Si](C(C)(C)C)(O2)O[Si](C(C)(C)C)(O3)O[Si](C(C)(C)C)(O4)O1,,636000,,62.3,57.5652,32.3,31.5248,92.4,97.6,89.09,,140,30bar,0.5,CrCl3(THF)3,1,methylcyclohexane,20,MMAO-3A,500,15,,10.1016/j.apcata.2018.04.030
1,,CC(C)N(P(C1=CC=CC=C1)C1=CC=CC=C1)P1C2=CC=CC=C2OC2=C1C=CC=C2,102000,,,20.1,12.6027,60.8,60.5568,62.7,99.6,73.1595,,60,35bar,2.5,Cr(AcAc)3,1.2,methylcyclohexane,30,MMAO-3A,600,30,10.1,10.1016/j.ica.2017.05.042
,,CC(C)N(P(C1=CC=CC=C1)C1=CC=CC=C1)P1C2=CC=CC=C2OC2=C1C=CC=C2,81500,,,13.2,7.7484,66.9,66.7662,58.7,99.8,74.5146,,60,35bar,2.5,CrCl3(THF)3,1.2,methylcyclohexane,30,MMAO-3A,600,30,5.2,10.1016/j.ica.2017.05.042
,,CC(C)N(P(C1=CC=CC=C1)C1=CC=CC=C1)P1C2=CC=CC=C2OC2=C1C=CC=C2,147700,,,29.1,23.6001,53.7,53.5926,81.1,99.8,77.1927,,80,35bar,2.5,Cr(AcAc)3,1.2,methylcyclohexane,30,MMAO-3A,600,30,4.6,10.1016/j.ica.2017.05.042
2,,C1=CC=C(P(C2=CC=CC=C2)N(C2CCCCC2)P2C3=CC=CC=C3OC3=C2C=CC=C3)C=C1,232300,,,21.7,18.6403,60.8,60.6784,85.9,99.8,79.3187,,60,35bar,2.5,Cr(AcAc)3,1.2,methylcyclohexane,30,MMAO-3A,600,30,6.6,10.1016/j.ica.2017.05.042
,,C1=CC=C(P(C2=CC=CC=C2)N(C2CCCCC2)P2C3=CC=CC=C3OC3=C2C=CC=C3)C=C1,102300,,,15.7,9.8439,63.9,63.7722,62.7,99.8,73.6161,,60,35bar,2.5,CrCl3(THF)3,1.2,methylcyclohexane,30,MMAO-3A,600,30,2.4,10.1016/j.ica.2017.05.042
,,C1=CC=C(P(C2=CC=CC=C2)N(C2CCCCC2)P2C3=CC=CC=C3OC3=C2C=CC=C3)C=C1,54100,,,10.4,2.1632,36,35.424,20.8,98.4,37.5872,,60,35bar,2.5,Cr(AcAc)3,1.2,toluene,30,MMAO-3A,600,30,12,10.1016/j.ica.2017.05.042
,,C1=CC=C(P(C2=CC=CC=C2)N(C2CCCCC2)P2C3=CC=CC=C3OC3=C2C=CC=C3)C=C1,282200,,,28.7,25.5717,54.5,54.391,89.1,99.8,79.9627,,80,35bar,2.5,Cr(AcAc)3,1.2,methylcyclohexane,30,MMAO-3A,600,30,6.6,10.1016/j.ica.2017.05.042
,,C1=CC=C(P(C2=CC=CC=C2)N(C2CCCCC2)P2C3=CC=CC=C3OC3=C2C=CC=C3)C=C1,101500,,,15.6,10.1712,64,63.808,65.2,99.7,73.9792,,60,25bar,2.5,Cr(AcAc)3,1.2,methylcyclohexane,30,MMAO-3A,600,30,4.5,10.1016/j.ica.2017.05.042
,,C1=CC=C(P(C2=CC=CC=C2)N(C2CCCCC2)P2C3=CC=CC=C3OC3=C2C=CC=C3)C=C1,75500,,,15.3,9.9603,64.3,64.0428,65.1,99.6,74.0031,,60,35bar,2.5,Cr(AcAc)3,1.2,methylcyclohexane,30,MMAO-3A,400,30,10.9,10.1016/j.ica.2017.05.042
,,C1=CC=C(P(C2=CC=CC=C2)N(C2CCCCC2)P2C3=CC=CC=C3OC3=C2C=CC=C3)C=C1,235300,,,21.1,16.9433,59.9,59.7802,80.3,99.8,76.7235,,60,35bar,2.5,Cr(AcAc)3,1.2,methylcyclohexane,30,MMAO-3A,800,30,3.8,10.1016/j.ica.2017.05.042
3,,CC(C)N(P1C2=C(C=CC=C2)OC2=C1C=CC=C2)P1C2=C(C=CC=C2)OC2=C1C=CC=C2,32900,,,17.7,7.6995,53.6,53.0104,43.5,98.9,60.7099,,60,35bar,2.5,Cr(AcAc)3,1.2,methylcyclohexane,30,MMAO-3A,600,30,1.2,10.1016/j.ica.2017.05.042
4,,C1=CC2=C(C=C1)P(NP1C3=C(C=CC=C3)OC3=C1C=CC=C3)C1=C(C=CC=C1)O2,27600,,,10.6,2.491,44.4,44.2224,23.5,99.6,46.7134,,60,35bar,2.5,Cr(AcAc)3,1.2,methylcyclohexane,30,MMAO-3A,600,30,11.1,10.1016/j.ica.2017.05.042
1,,CC1=CC=C(C/C(=N\C2=C(C)C=CC=C2C)NP2CCCC2)C=C1,267000,,,38,35.948,54.1,53.0721,94.6,98.1,89,,70,60bar,5,CrCl3(THF),1,Cyclohexane,200,MMAO,700,80,2.4,10.1016/j.jcat.2020.10.021
1,,CC1=CC=C(C/C(=N\C2=C(C)C=CC=C2C)NP2CCCC2)C=C1,31000,,,14.3,12.9558,43.6,42.7716,90.6,98.1,55.7,,40,47bar,5,CrCl3(THF),1,Cyclohexane,200,MMAO,700,150,34.2,10.1016/j.jcat.2020.10.021
,,CC1=CC=C(C/C(=N\C2=C(C)C=CC=C2C)NP2CCCC2)C=C1,21000,,,11.7,10.5768,37.8,37.1952,90.4,98.4,47.8,,40,60bar,5,CrCl3(THF),1,Cyclohexane,200,MMAO,700,150,43.6,10.1016/j.jcat.2020.10.021
,,CC1=CC=C(C/C(=N\C2=C(C)C=CC=C2C)NP2CCCC2)C=C1,267000,,,38,35.948,54.1,53.0721,94.6,98.1,89,,70,60bar,5,CrCl3(THF),1,Cyclohexane,200,MMAO,700,80,2.4,10.1016/j.jcat.2020.10.021
,,CC1=CC=C(C/C(=N\C2=C(C)C=CC=C2C)NP2CCCC2)C=C1,104000,,,53.6,51.9384,40.8,39.9024,96.9,97.8,91.8,,90,60bar,5,CrCl3(THF),1,Cyclohexane,200,MMAO,700,150,1.9,10.1016/j.jcat.2020.10.021
2,,CC1=CC=C(C/C(=N\C2=C(C)C=CC=C2C)NP2C3=C(C=C(C)C(C)=C3)C3=C2C=C(C)C(C)=C3)C=C1,546000,,,48.3,46.0782,45.9,45.0279,95.4,98.1,91.1,,70,60bar,5,CrCl3(THF),1,Cyclohexane,200,MMAO,700,50,0.5,10.1016/j.jcat.2020.10.021
,,CC1=CC=C(C/C(=N\C2=C(C)C=CC=C2C)NP2C3=C(C=C(C)C(C)=C3)C3=C2C=C(C)C(C)=C3)C=C1,504000,,,45.7,43.415,47.3,46.354,95,98,89.8,,70,60bar,5,CrCl3(MeCN),1,Cyclohexane,200,MMAO,700,50,0.8,10.1016/j.jcat.2020.10.021
2,,CC1=CC=C(C/C(=N\C2=C(C)C=CC=C2C)NP2C3=C(C=C(C)C(C)=C3)C3=C2C=C(C)C(C)=C3)C=C1,185000,,,31.2,28.7664,45.9,44.523,92.2,97,73.3,,40,47bar,5,CrCl3(THF),1,Cyclohexane,200,MMAO,700,50,15.3,10.1016/j.jcat.2020.10.021
,,CC1=CC=C(C/C(=N\C2=C(C)C=CC=C2C)NP2C3=C(C=C(C)C(C)=C3)C3=C2C=C(C)C(C)=C3)C=C1,106000,,,38.9,36.2159,40.8,39.7392,93.1,97.4,76,,40,60bar,5,CrCl3(THF),1,Cyclohexane,200,MMAO,700,295,12.7,10.1016/j.jcat.2020.10.021
,,CC1=CC=C(C/C(=N\C2=C(C)C=CC=C2C)NP2C3=C(C=C(C)C(C)=C3)C3=C2C=C(C)C(C)=C3)C=C1,173000,,,31.4,29.1392,54.1,53.0721,92.8,98.1,82.2,,50,60bar,5,CrCl3(THF),1,Cyclohexane,200,MMAO,700,70,7.8,10.1016/j.jcat.2020.10.021
,,CC1=CC=C(C/C(=N\C2=C(C)C=CC=C2C)NP2C3=C(C=C(C)C(C)=C3)C3=C2C=C(C)C(C)=C3)C=C1,298000,,,35.8,33.3656,53.1,51.9849,93.2,97.9,85.4,,55,60bar,5,CrCl3(THF),1,Cyclohexane,200,MMAO,700,60,3.7,10.1016/j.jcat.2020.10.021
,,CC1=CC=C(C/C(=N\C2=C(C)C=CC=C2C)NP2C3=C(C=C(C)C(C)=C3)C3=C2C=C(C)C(C)=C3)C=C1,546000,,,48.3,46.0782,45.9,45.0279,95.4,98.1,91.1,,70,60bar,5,CrCl3(THF),1,Cyclohexane,200,MMAO,700,50,0.5,10.1016/j.jcat.2020.10.021
,,CC1=CC=C(C/C(=N\C2=C(C)C=CC=C2C)NP2C3=C(C=C(C)C(C)=C3)C3=C2C=C(C)C(C)=C3)C=C1,425000,,,63.1,61.3963,33,32.472,97.3,98.4,93.9,,90,60bar,5,CrCl3(THF),1,Cyclohexane,200,MMAO,700,25,0.7,10.1016/j.jcat.2020.10.021
3,,CC1=CC=C(C/C(=N\C2=C(C)C=CC=C2C)NP2C3=C(C=CC=C3)C3=C2C=CC=C3)C=C1,408000,,,51.3,48.0168,41.4,40.365,93.6,97.5,88.4,,70,60bar,5,CrCl3(THF),1,Cyclohexane,200,MMAO,700,50,2.4,10.1016/j.jcat.2020.10.021
4,,CC1=CC=C(C/C(=N\C2=C(C)C=CC=C2C)NP2C3=C(C4=C(C=CC=C4)C=C3)C3=C2C=CC2=C3C=CC=C2)C=C1,235000,,,48.3,45.5952,41.8,40.9222,94.4,97.9,86.5,,70,60bar,5,CrCl3(THF),1,Cyclohexane,200,MMAO,700,50,6.2,10.1016/j.jcat.2020.10.021
5,,CC1=CC=C(C/C(=N\C2=C(C)C=CC=C2C)NP2C(C)=C(C)C(C)=C2C)C=C1,1481,,,57.1,55.5583,37.4,36.9138,97.3,98.7,92.5,,70,60bar,3.2,CrCl3(MeCN),1,Cyclohexane,200,MMAO,700,27,1.8,10.1016/j.jcat.2020.10.021
5,,CC1=CC=C(C/C(=N\C2=C(C)C=CC=C2C)NP2C(C)=C(C)C(C)=C2C)C=C1,213000,,,29.8,27.714,57,56.031,93,98.3,83.8,,40,60bar,3.2,CrCl3(MeCN),1,Cyclohexane,200,MMAO,700,30,7.9,10.1016/j.jcat.2020.10.021
,,CC1=CC=C(C/C(=N\C2=C(C)C=CC=C2C)NP2C(C)=C(C)C(C)=C2C)C=C1,1481000,,,57.1,55.5583,37.4,36.9138,97.3,98.7,92.5,,70,60bar,3.2,CrCl3(MeCN),1,Cyclohexane,200,MMAO,700,27,1.8,10.1016/j.jcat.2020.10.021
,,CC1=CC=C(C/C(=N\C2=C(C)C=CC=C2C)NP2C(C)=C(C)C(C)=C2C)C=C1,1896000,,,64.9,63.4722,30,29.61,97.8,98.7,93.1,,80,60bar,3.2,CrCl3(MeCN),1,Cyclohexane,200,MMAO,700,20,2,10.1016/j.jcat.2020.10.021
,,CC1=CC=C(C/C(=N\C2=C(C)C=CC=C2C)NP2C(C)=C(C)C(C)=C2C)C=C1,681000,,,70.9,69.9783,18.7,18.4943,98.7,98.9,88.5,,100,60bar,3.2,CrCl3(MeCN),1,Cyclohexane,200,MMAO,700,20,8.7,10.1016/j.jcat.2020.10.021
6,,CC1=CC=C(C/C(=N\C2=C(C)C=CC=C2C)NP(C2=CC=CC=C2)C2=CC=CC=C2)C=C1,548000,,,69.8,68.3342,26.4,26.2416,97.9,99.4,94.6,,70,60bar,5,CrCl3(MeCN),1,Cyclohexane,200,MMAO,700,20,2.1,10.1016/j.jcat.2020.10.021
7,,CC(C)N(P(C1=CC=CC=C1)C1=CC=CC=C1)P(C1=CC=CC=C1)C1=CC=CC=C1,1325000,,,34.6,29.0294,60.7,56.2689,83.9,92.7,85.3,,70,60bar,5,CrCl3(THF),1,Cyclohexane,200,MMAO,700,20,0.2,10.1016/j.jcat.2020.10.021
7,,CC(C)N(P(C1=CC=CC=C1)C1=CC=CC=C1)P(C1=CC=CC=C1)C1=CC=CC=C1,637000,,,14,8.624,72.7,69.4285,61.6,95.5,78.1,,40,60bar,5,CrCl3(THF),1,Cyclohexane,200,MMAO,700,45,1.5,10.1016/j.jcat.2020.10.021
,,CC(C)N(P(C1=CC=CC=C1)C1=CC=CC=C1)P(C1=CC=CC=C1)C1=CC=CC=C1,1325000,,,34.6,29.0294,60.7,56.2689,83.9,92.7,85.3,,70,60bar,5,CrCl3(THF),1,Cyclohexane,200,MMAO,700,20,0.2,10.1016/j.jcat.2020.10.021
,,CC(C)N(P(C1=CC=CC=C1)C1=CC=CC=C1)P(C1=CC=CC=C1)C1=CC=CC=C1,392000,,,39.2,35.2016,55.1,52.0695,89.8,94.5,87.3,,90,60bar,5,CrCl3(THF),1,Cyclohexane,200,MMAO,700,30,2.3,10.1016/j.jcat.2020.10.021
1,,CC(C)N(P(C1=CC=CC=C1)C1=CC=CC=C1)P(C1=CC=CC=C1)C1=CC=CC=C1,784600,,,17,10.1,74.1,72.6,59.4,98,82.7,7.1,30,30bar,20,CrCl3(THF)3,2,toluene,100,MAO,600,60,,10.1016/j.molcata.2013.05.015
,,CC(C)N(P(C1=CC=CC=C1)C1=CC=CC=C1)P(C1=CC=CC=C1)C1=CC=CC=C1,227080,,,28.4,22.9,62.2,60.5,80.6,97.3,83.4,16.3,60,30bar,20,CrCl3(THF)3,2,toluene,100,MAO,600,60,,10.1016/j.molcata.2013.05.015
,,CC(C)N(P(C1=CC=CC=C1)C1=CC=CC=C1)P(C1=CC=CC=C1)C1=CC=CC=C1,161000,,,28.6,24.4,37.6,35.1,85.3,93.4,59.5,31.1,80,30bar,20,CrCl3(THF)3,2,toluene,100,MAO,600,60,,10.1016/j.molcata.2013.05.015
,,CC(C)N(P(C1=CC=CC=C1)C1=CC=CC=C1)P(C1=CC=CC=C1)C1=CC=CC=C1,297885,,,20.2,18.9,18.6,18.6,93.6,>99,37.5,58.2,90,30bar,20,CrCl3(THF)3,2,toluene,100,MAO,600,60,,10.1016/j.molcata.2013.05.015
,,CC(C)N(P(C1=CC=CC=C1)C1=CC=CC=C1)P(C1=CC=CC=C1)C1=CC=CC=C1,1991353,,,20,14.1,72.4,70.4,70.5,97.2,84.5,3.6,30,30bar,20,Cr(AcAc)3,2,toluene,100,MAO,600,60,,10.1016/j.molcata.2013.05.015
,,CC(C)N(P(C1=CC=CC=C1)C1=CC=CC=C1)P(C1=CC=CC=C1)C1=CC=CC=C1,299582,,,28.3,22.8,58.2,57,80.6,97.9,79.8,12.3,60,30bar,20,Cr(AcAc)3,2,toluene,100,MAO,600,60,,10.1016/j.molcata.2013.05.015
,,CC(C)N(P(C1=CC=CC=C1)C1=CC=CC=C1)P(C1=CC=CC=C1)C1=CC=CC=C1,615407,,,29.8,27.6,28.9,28.8,92.6,99.7,56.4,38.9,80,30bar,20,Cr(AcAc)3,2,toluene,100,MAO,600,60,,10.1016/j.molcata.2013.05.015
,,CC(C)N(P(C1=CC=CC=C1)C1=CC=CC=C1)P(C1=CC=CC=C1)C1=CC=CC=C1,461855,,,29.9,28.3,22.3,22.3,94.6,>99,50.6,49.7,90,30bar,20,Cr(AcAc)3,2,toluene,100,MAO,600,60,,10.1016/j.molcata.2013.05.015
2,,CN(C)N(P(C1=CC=CC=C1)C1=CC=CC=C1)P(C1=CC=CC=C1)C1=CC=CC=C1,324000,,,1-Butene 16.8 1-decene 12.1,31.1,,22.4,,,,28.5,30,30bar,20,CrCl3(THF)3,2,toluene,100,MAO,600,60,,10.1016/j.molcata.2013.05.015
,,CN(C)N(P(C1=CC=CC=C1)C1=CC=CC=C1)P(C1=CC=CC=C1)C1=CC=CC=C1,705000,,,1-Butene 14.2 1-decene 15.5,24.7,,20.8,,,,7,60,30bar,20,CrCl3(THF)3,2,toluene,100,MAO,600,60,,10.1016/j.molcata.2013.05.015
3,,CN(C)CCN(P(C1=CC=CC=C1)C1=CC=CC=C1)P(C1=CC=CC=C1)C1=CC=CC=C1,436000,,,20.8,8.4,52.4,48.5,40.3,92.6,56.9,45.9,30,30bar,20,CrCl3(THF)3,2,toluene,100,MAO,600,60,,10.1016/j.molcata.2013.05.015
,,CN(C)CCN(P(C1=CC=CC=C1)C1=CC=CC=C1)P(C1=CC=CC=C1)C1=CC=CC=C1,652620,,,23.3,14.5,46.3,43.4,62.2,93.7,57.9,70.9,60,30bar,20,CrCl3(THF)3,2,toluene,100,MAO,600,60,,10.1016/j.molcata.2013.05.015
4,,CC(C)N(CCN(P(C1=CC=CC=C1)C1=CC=CC=C1)P(C1=CC=CC=C1)C1=CC=CC=C1)C(C)C,675000,,,16.9,6.4,58.4,54.6,37.9,93.5,61,30.5,30,30bar,20,CrCl3(THF)3,2,toluene,100,MAO,600,60,,10.1016/j.molcata.2013.05.015
,,CC(C)N(CCN(P(C1=CC=CC=C1)C1=CC=CC=C1)P(C1=CC=CC=C1)C1=CC=CC=C1)C(C)C,800200,,,23.7,12.2,64.8,62.2,51.5,96,74.4,18.1,60,30bar,20,CrCl3(THF)3,2,toluene,100,MAO,600,60,,10.1016/j.molcata.2013.05.015
,,CC(C)N(CCN(P(C1=CC=CC=C1)C1=CC=CC=C1)P(C1=CC=CC=C1)C1=CC=CC=C1)C(C)C,660000,,,30,20.3,56.4,54.3,67.7,96.3,74.6,33.3,80,30bar,20,CrCl3(THF)3,2,toluene,100,MAO,600,60,,10.1016/j.molcata.2013.05.015
,,CC(C)N(CCN(P(C1=CC=CC=C1)C1=CC=CC=C1)P(C1=CC=CC=C1)C1=CC=CC=C1)C(C)C,485309,,,34.2,26.8,44.6,43.2,78.4,96.9,70,25.6,90,30bar,20,CrCl3(THF)3,2,toluene,100,MAO,600,60,,10.1016/j.molcata.2013.05.015
,,CC(C)N(CCN(P(C1=CC=CC=C1)C1=CC=CC=C1)P(C1=CC=CC=C1)C1=CC=CC=C1)C(C)C,498069,,,23.5,11.8,56.8,53.7,50.2,94.5,65.5,51.2,30,30bar,20,Cr(AcAc)3,2,toluene,100,MAO,600,60,,10.1016/j.molcata.2013.05.015
,,CC(C)N(CCN(P(C1=CC=CC=C1)C1=CC=CC=C1)P(C1=CC=CC=C1)C1=CC=CC=C1)C(C)C,532135,,,25.5,12.7,66.1,63.4,49.8,95.9,76.1,3.3,60,30bar,20,Cr(AcAc)3,2,toluene,100,MAO,600,60,,10.1016/j.molcata.2013.05.015
,,CC(C)N(CCN(P(C1=CC=CC=C1)C1=CC=CC=C1)P(C1=CC=CC=C1)C1=CC=CC=C1)C(C)C,873674,,,27.6,21.3,42.6,41.9,77.2,98.4,63.2,27.5,80,30bar,20,Cr(AcAc)3,2,toluene,100,MAO,600,60,,10.1016/j.molcata.2013.05.015
,,CC(C)N(CCN(P(C1=CC=CC=C1)C1=CC=CC=C1)P(C1=CC=CC=C1)C1=CC=CC=C1)C(C)C,757526,,,27.6,23.7,29.5,29.2,85.9,99,52.9,37,90,30bar,20,Cr(AcAc)3,2,toluene,100,MAO,600,60,,10.1016/j.molcata.2013.05.015
5,,CCCCN(CCCC)CCN(P(C1=CC=CC=C1)C1=CC=CC=C1)P(C1=CC=CC=C1)C1=CC=CC=C1,1643900,,,21.2,11.3,46.8,43.5,53.3,92.9,54.8,15.9,30,30bar,20,CrCl3(THF)3,2,toluene,100,MAO,600,60,,10.1016/j.molcata.2013.05.015
,,CCCCN(CCCC)CCN(P(C1=CC=CC=C1)C1=CC=CC=C1)P(C1=CC=CC=C1)C1=CC=CC=C1,717200,,,24.3,14.2,53.4,50.4,58.4,94.4,64.6,48.8,60,30bar,20,CrCl3(THF)3,2,toluene,100,MAO,600,60,,10.1016/j.molcata.2013.05.015
6,,CN(C)CCCN(P(C1=CC=CC=C1)C1=CC=CC=C1)P(C1=CC=CC=C1)C1=CC=CC=C1,560900,,,17.9,7.4,55.6,50.8,41.3,91.4,58.2,44.2,30,30bar,20,CrCl3(THF)3,2,toluene,100,MAO,600,60,,10.1016/j.molcata.2013.05.015
,,CN(C)CCCN(P(C1=CC=CC=C1)C1=CC=CC=C1)P(C1=CC=CC=C1)C1=CC=CC=C1,559650,,,21.9,13.4,64.6,60.7,61.2,94,74.1,15.7,60,30bar,20,CrCl3(THF)3,2,toluene,100,MAO,600,60,,10.1016/j.molcata.2013.05.015
,,CN(C)CCCN(P(C1=CC=CC=C1)C1=CC=CC=C1)P(C1=CC=CC=C1)C1=CC=CC=C1,582500,,,28.6,19.4,55.3,53.2,67.8,96.2,72.6,20.6,80,30bar,20,CrCl3(THF)3,2,toluene,100,MAO,600,60,,10.1016/j.molcata.2013.05.015
,,CN(C)CCCN(P(C1=CC=CC=C1)C1=CC=CC=C1)P(C1=CC=CC=C1)C1=CC=CC=C1,801323,,,26.9,22.7,29.9,29.5,84.4,98.7,52.2,41.2,90,30bar,20,CrCl3(THF)3,2,toluene,100,MAO,600,60,,10.1016/j.molcata.2013.05.015
7,,CCN(CC)CCCN(P(C1=CC=CC=C1)C1=CC=CC=C1)P(C1=CC=CC=C1)C1=CC=CC=C1,352821,,,25.4,11.8,51.8,50.1,46.5,96.7,61.9,15.2,30,30bar,20,CrCl3(THF)3,2,toluene,100,MAO,600,60,,10.1016/j.molcata.2013.05.015
,,CCN(CC)CCCN(P(C1=CC=CC=C1)C1=CC=CC=C1)P(C1=CC=CC=C1)C1=CC=CC=C1,405026,,,26.6,14.8,62.4,59.4,55.6,95.2,74.2,7.4,60,30bar,20,CrCl3(THF)3,2,toluene,100,MAO,600,60,,10.1016/j.molcata.2013.05.015
8,,CN(C)CCCCN(P(C1=CC=CC=C1)C1=CC=CC=C1)P(C1=CC=CC=C1)C1=CC=CC=C1,270951,,,,,,,,,,95.2,30,30bar,20,CrCl3(THF)3,2,toluene,100,MAO,600,60,,10.1016/j.molcata.2013.05.015
,,CN(C)CCCCN(P(C1=CC=CC=C1)C1=CC=CC=C1)P(C1=CC=CC=C1)C1=CC=CC=C1,326791,,,,,,,,,,96.3,60,30bar,20,CrCl3(THF)3,2,toluene,100,MAO,600,60,,10.1016/j.molcata.2013.05.015
1,,C[Si](C)(CP(C1=CC=CC=C1)C1=CC=CC=C1)C(C1CCCC1)P(C1=CC=CC=C1)C1=CC=CC=C1,925,,,54.63,52.652394,41.54,,96.38,,,,45,1MPa,1.2,CrCl3(THF)3,1,methylcyclohexane,20,"n(DMAO)/n(AlEt3), 4:1",500,30,1.23,10.1021/acscatal.8b02698
1,,C[Si](C)(CP(C1=CC=CC=C1)C1=CC=CC=C1)C(C1CCCC1)P(C1=CC=CC=C1)C1=CC=CC=C1,2096,,,60.67,58.880235,26.63,,97.05,,,,30,1MPa,4.8,CrCl3(THF)3,1,methylcyclohexane,20,"n(DMAO)/n(AlEt3), 4:1",500,30,0.39,10.1021/acscatal.8b02698
,,C[Si](C)(CP(C1=CC=CC=C1)C1=CC=CC=C1)C(C1CCCC1)P(C1=CC=CC=C1)C1=CC=CC=C1,3308,,,63.19,62.703437,11.51,,99.23,,,,45,1MPa,4.8,CrCl3(THF)3,1,methylcyclohexane,20,"n(DMAO)/n(AlEt3), 4:1",500,30,0.45,10.1021/acscatal.8b02698
,,C[Si](C)(CP(C1=CC=CC=C1)C1=CC=CC=C1)C(C1CCCC1)P(C1=CC=CC=C1)C1=CC=CC=C1,3500,,,63.67,63.41532,6.55,,99.6,,,,60,1MPa,4.8,CrCl3(THF)3,1,methylcyclohexane,20,"n(DMAO)/n(AlEt3), 4:1",500,30,0.26,10.1021/acscatal.8b02698
,,C[Si](C)(CP(C1=CC=CC=C1)C1=CC=CC=C1)C(C1CCCC1)P(C1=CC=CC=C1)C1=CC=CC=C1,4423,,,45.73,45.451047,7.77,,99.39,,,,75,1MPa,4.8,CrCl3(THF)3,1,methylcyclohexane,20,"n(DMAO)/n(AlEt3), 4:1",500,30,0.3,10.1021/acscatal.8b02698
,,C[Si](C)(CP(C1=CC=CC=C1)C1=CC=CC=C1)C(C1CCCC1)P(C1=CC=CC=C1)C1=CC=CC=C1,925,,,54.63,52.652394,41.54,,96.38,,,,45,1MPa,1.2,CrCl3(THF)3,1,methylcyclohexane,20,"n(DMAO)/n(AlEt3), 4:1",500,30,1.23,10.1021/acscatal.8b02698
,,C[Si](C)(CP(C1=CC=CC=C1)C1=CC=CC=C1)C(C1CCCC1)P(C1=CC=CC=C1)C1=CC=CC=C1,1233,,,70.33,68.635047,20.98,,97.59,,,,45,1MPa,2.4,CrCl3(THF)3,1,methylcyclohexane,20,"n(DMAO)/n(AlEt3), 4:1",500,30,1.59,10.1021/acscatal.8b02698
,,C[Si](C)(CP(C1=CC=CC=C1)C1=CC=CC=C1)C(C1CCCC1)P(C1=CC=CC=C1)C1=CC=CC=C1,3308,,,63.19,62.703437,11.51,,99.23,,,,45,1MPa,4.8,CrCl3(THF)3,1,methylcyclohexane,20,"n(DMAO)/n(AlEt3), 4:1",500,30,0.45,10.1021/acscatal.8b02698
,,C[Si](C)(CP(C1=CC=CC=C1)C1=CC=CC=C1)C(C1CCCC1)P(C1=CC=CC=C1)C1=CC=CC=C1,496,,,83.93,82.989984,9.93,,98.88,,,,45,1MPa,9.6,CrCl3(THF)3,1,methylcyclohexane,20,"n(DMAO)/n(AlEt3), 4:1",500,30,0.58,10.1021/acscatal.8b02698
1,,C[Si](C)(CP(C1=CC=CC=C1)C1=CC=CC=C1)C(C1CCCC1)P(C1=CC=CC=C1)C1=CC=CC=C1,296,,,57.95,56.29263,37.15,,97.14,,,,45,1MPa,4.8,CrCl3(THF)3,1,methylcyclohexane,20,"n(DMAO)/n(AlEt3), 4:1",100,30,1.51,10.1021/acscatal.8b02698
,,C[Si](C)(CP(C1=CC=CC=C1)C1=CC=CC=C1)C(C1CCCC1)P(C1=CC=CC=C1)C1=CC=CC=C1,2538,,,60.3,59.84172,8.29,,99.24,,,,45,1MPa,4.8,CrCl3(THF)3,1,methylcyclohexane,20,"n(DMAO)/n(AlEt3), 4:1",300,30,1.2,10.1021/acscatal.8b02698
,,C[Si](C)(CP(C1=CC=CC=C1)C1=CC=CC=C1)C(C1CCCC1)P(C1=CC=CC=C1)C1=CC=CC=C1,3308,,,63.19,62.703437,11.51,,99.23,,,,45,1MPa,4.8,CrCl3(THF)3,1,methylcyclohexane,20,"n(DMAO)/n(AlEt3), 4:1",500,30,0.45,10.1021/acscatal.8b02698
,,C[Si](C)(CP(C1=CC=CC=C1)C1=CC=CC=C1)C(C1CCCC1)P(C1=CC=CC=C1)C1=CC=CC=C1,2577,,,66.01,65.508324,9.3,,99.24,,,,45,1MPa,4.8,CrCl3(THF)3,1,methylcyclohexane,20,"n(DMAO)/n(AlEt3), 4:1",700,30,0.5,10.1021/acscatal.8b02698
2,,CC(C)C1=CC=CC(C(C)C)=C1C(P(C1=CC=CC=C1)C1=CC=CC=C1)[Si](C)(C)CP(C1=CC=CC=C1)C1=CC=CC=C1,842,,,50.97,47.356227,46.1,,92.91,,,,45,1MPa,1.2,CrCl3(THF)3,1,methylcyclohexane,20,"n(DMAO)/n(AlEt3), 4:1",500,30,1.97,10.1021/acscatal.8b02698
2,,CC(C)C1=CC=CC(C(C)C)=C1C(P(C1=CC=CC=C1)C1=CC=CC=C1)[Si](C)(C)CP(C1=CC=CC=C1)C1=CC=CC=C1,215,,,67.88,66.14906,30.32,,97.45,,,,30,1MPa,4.8,CrCl3(THF)3,1,methylcyclohexane,20,"n(DMAO)/n(AlEt3), 4:1",500,30,1.59,10.1021/acscatal.8b02698
,,CC(C)C1=CC=CC(C(C)C)=C1C(P(C1=CC=CC=C1)C1=CC=CC=C1)[Si](C)(C)CP(C1=CC=CC=C1)C1=CC=CC=C1,250,,,51.73,45.305134,44.96,,87.58,,,,45,1MPa,4.8,CrCl3(THF)3,1,methylcyclohexane,20,"n(DMAO)/n(AlEt3), 4:1",500,30,0.73,10.1021/acscatal.8b02698
,,CC(C)C1=CC=CC(C(C)C)=C1C(P(C1=CC=CC=C1)C1=CC=CC=C1)[Si](C)(C)CP(C1=CC=CC=C1)C1=CC=CC=C1,492,,,85.34,84.068434,13.91,,98.51,,,,60,1MPa,4.8,CrCl3(THF)3,1,methylcyclohexane,20,"n(DMAO)/n(AlEt3), 4:1",500,30,0.74,10.1021/acscatal.8b02698
,,CC(C)C1=CC=CC(C(C)C)=C1C(P(C1=CC=CC=C1)C1=CC=CC=C1)[Si](C)(C)CP(C1=CC=CC=C1)C1=CC=CC=C1,860,,,84.87,83.715768,14.37,,98.64,,,,75,1MPa,4.8,CrCl3(THF)3,1,methylcyclohexane,20,"n(DMAO)/n(AlEt3), 4:1",500,30,1.04,10.1021/acscatal.8b02698
,,CC(C)C1=CC=CC(C(C)C)=C1C(P(C1=CC=CC=C1)C1=CC=CC=C1)[Si](C)(C)CP(C1=CC=CC=C1)C1=CC=CC=C1,842,,,50.97,47.356227,46.1,,92.91,,,,45,1MPa,1.2,CrCl3(THF)3,1,methylcyclohexane,20,"n(DMAO)/n(AlEt3), 4:1",500,30,1.97,10.1021/acscatal.8b02698
,,CC(C)C1=CC=CC(C(C)C)=C1C(P(C1=CC=CC=C1)C1=CC=CC=C1)[Si](C)(C)CP(C1=CC=CC=C1)C1=CC=CC=C1,450,,,62.12,58.5481,35.13,,94.25,,,,45,1MPa,2.4,CrCl3(THF)3,1,methylcyclohexane,20,"n(DMAO)/n(AlEt3), 4:1",500,30,2.03,10.1021/acscatal.8b02698
,,CC(C)C1=CC=CC(C(C)C)=C1C(P(C1=CC=CC=C1)C1=CC=CC=C1)[Si](C)(C)CP(C1=CC=CC=C1)C1=CC=CC=C1,250,,,51.73,45.305134,44.96,,87.58,,,,45,1MPa,4.8,CrCl3(THF)3,1,methylcyclohexane,20,"n(DMAO)/n(AlEt3), 4:1",500,30,0.73,10.1021/acscatal.8b02698
,,CC(C)C1=CC=CC(C(C)C)=C1C(P(C1=CC=CC=C1)C1=CC=CC=C1)[Si](C)(C)CP(C1=CC=CC=C1)C1=CC=CC=C1,113,,,73.8,70.9956,23.16,,96.2,,,,45,1MPa,9.6,CrCl3(THF)3,1,methylcyclohexane,20,"n(DMAO)/n(AlEt3), 4:1",500,30,0.99,10.1021/acscatal.8b02698
2,,CC(C)C1=CC=CC(C(C)C)=C1C(P(C1=CC=CC=C1)C1=CC=CC=C1)[Si](C)(C)CP(C1=CC=CC=C1)C1=CC=CC=C1,281,,,45.28,42.40472,52.72,,93.65,,,,45,1MPa,4.8,CrCl3(THF)3,1,methylcyclohexane,20,"n(DMAO)/n(AlEt3), 4:1",100,30,2.35,10.1021/acscatal.8b02698
,,CC(C)C1=CC=CC(C(C)C)=C1C(P(C1=CC=CC=C1)C1=CC=CC=C1)[Si](C)(C)CP(C1=CC=CC=C1)C1=CC=CC=C1,185,,,68.15,64.899245,30.76,,95.23,,,,45,1MPa,4.8,CrCl3(THF)3,1,methylcyclohexane,20,"n(DMAO)/n(AlEt3), 4:1",300,30,1.23,10.1021/acscatal.8b02698
,,CC(C)C1=CC=CC(C(C)C)=C1C(P(C1=CC=CC=C1)C1=CC=CC=C1)[Si](C)(C)CP(C1=CC=CC=C1)C1=CC=CC=C1,250,,,51.73,45.305134,44.96,,87.58,,,,45,1MPa,4.8,CrCl3(THF)3,1,methylcyclohexane,20,"n(DMAO)/n(AlEt3), 4:1",500,30,0.73,10.1021/acscatal.8b02698
,,CC(C)C1=CC=CC(C(C)C)=C1C(P(C1=CC=CC=C1)C1=CC=CC=C1)[Si](C)(C)CP(C1=CC=CC=C1)C1=CC=CC=C1,473,,,50.62,46.41854,48.16,,91.7,,,,45,1MPa,4.8,CrCl3(THF)3,1,methylcyclohexane,20,"n(DMAO)/n(AlEt3), 4:1",700,30,0.48,10.1021/acscatal.8b02698
3,,CC(C)C(P(C1=CC=CC=C1)C1=CC=CC=C1)[Si](C)(C)CP(C1=CC=CC=C1)C1=CC=CC=C1,7461,,,33.96,29.015424,69.16,,85.44,,,,45,1MPa,1.2,CrCl3(THF)3,1,methylcyclohexane,20,"n(DMAO)/n(AlEt3), 4:1",500,30,0.67,10.1021/acscatal.8b02698
3,,CC(C)C(P(C1=CC=CC=C1)C1=CC=CC=C1)[Si](C)(C)CP(C1=CC=CC=C1)C1=CC=CC=C1,1381,,,23.09,17.75621,74,,76.9,,,,30,1MPa,2.4,CrCl3(THF)3,1,methylcyclohexane,20,"n(DMAO)/n(AlEt3), 4:1",500,30,0.35,10.1021/acscatal.8b02698
,,CC(C)C(P(C1=CC=CC=C1)C1=CC=CC=C1)[Si](C)(C)CP(C1=CC=CC=C1)C1=CC=CC=C1,7461,,,30.4,25.4144,69.16,,83.6,,,,45,1MPa,2.4,CrCl3(THF)3,1,methylcyclohexane,20,"n(DMAO)/n(AlEt3), 4:1",500,30,0.67,10.1021/acscatal.8b02698
,,CC(C)C(P(C1=CC=CC=C1)C1=CC=CC=C1)[Si](C)(C)CP(C1=CC=CC=C1)C1=CC=CC=C1,3538,,,37.94,34.096678,61.68,,89.87,,,,60,1MPa,2.4,CrCl3(THF)3,1,methylcyclohexane,20,"n(DMAO)/n(AlEt3), 4:1",500,30,0.27,10.1021/acscatal.8b02698
,,CC(C)C(P(C1=CC=CC=C1)C1=CC=CC=C1)[Si](C)(C)CP(C1=CC=CC=C1)C1=CC=CC=C1,2981,,,49,45.5896,50.52,,93.04,,,,75,1MPa,2.4,CrCl3(THF)3,1,methylcyclohexane,20,"n(DMAO)/n(AlEt3), 4:1",500,30,0.2,10.1021/acscatal.8b02698
,,CC(C)C(P(C1=CC=CC=C1)C1=CC=CC=C1)[Si](C)(C)CP(C1=CC=CC=C1)C1=CC=CC=C1,2173,,,42.34,38.745334,55.25,,91.51,,,,45,1MPa,0.6,CrCl3(THF)3,1,methylcyclohexane,20,"n(DMAO)/n(AlEt3), 4:1",500,30,0.97,10.1021/acscatal.8b02698
,,CC(C)C(P(C1=CC=CC=C1)C1=CC=CC=C1)[Si](C)(C)CP(C1=CC=CC=C1)C1=CC=CC=C1,5231,,,33.96,29.015424,65.43,,85.44,,,,45,1MPa,1.2,CrCl3(THF)3,1,methylcyclohexane,20,"n(DMAO)/n(AlEt3), 4:1",500,30,0.79,10.1021/acscatal.8b02698
,,CC(C)C(P(C1=CC=CC=C1)C1=CC=CC=C1)[Si](C)(C)CP(C1=CC=CC=C1)C1=CC=CC=C1,7461,,,30.4,25.4144,69.16,,83.6,,,,45,1MPa,2.4,CrCl3(THF)3,1,methylcyclohexane,20,"n(DMAO)/n(AlEt3), 4:1",500,30,0.67,10.1021/acscatal.8b02698
,,CC(C)C(P(C1=CC=CC=C1)C1=CC=CC=C1)[Si](C)(C)CP(C1=CC=CC=C1)C1=CC=CC=C1,7211,,,32.27,27.148751,67.2,,84.13,,,,45,1MPa,4.8,CrCl3(THF)3,1,methylcyclohexane,20,"n(DMAO)/n(AlEt3), 4:1",500,30,0.53,10.1021/acscatal.8b02698
,,CC(C)C(P(C1=CC=CC=C1)C1=CC=CC=C1)[Si](C)(C)CP(C1=CC=CC=C1)C1=CC=CC=C1,2019,,,30.31,25.181548,68.69,,83.08,,,,45,1MPa,9.6,CrCl3(THF)3,1,methylcyclohexane,20,"n(DMAO)/n(AlEt3), 4:1",500,30,0.49,10.1021/acscatal.8b02698
3,,CC(C)C(P(C1=CC=CC=C1)C1=CC=CC=C1)[Si](C)(C)CP(C1=CC=CC=C1)C1=CC=CC=C1,58,,,40.82,35.444006,55.33,,86.83,,,,45,1MPa,2.4,CrCl3(THF)3,1,methylcyclohexane,20,"n(DMAO)/n(AlEt3), 4:1",100,30,0.05,10.1021/acscatal.8b02698
,,CC(C)C(P(C1=CC=CC=C1)C1=CC=CC=C1)[Si](C)(C)CP(C1=CC=CC=C1)C1=CC=CC=C1,740,,,43.39,39.051,53.95,,90,,,,45,1MPa,2.4,CrCl3(THF)3,1,methylcyclohexane,20,"n(DMAO)/n(AlEt3), 4:1",300,30,0.65,10.1021/acscatal.8b02698
,,CC(C)C(P(C1=CC=CC=C1)C1=CC=CC=C1)[Si](C)(C)CP(C1=CC=CC=C1)C1=CC=CC=C1,7461,,,30.4,25.4144,69.16,,83.6,,,,45,1MPa,2.4,CrCl3(THF)3,1,methylcyclohexane,20,"n(DMAO)/n(AlEt3), 4:1",500,30,0.67,10.1021/acscatal.8b02698
,,CC(C)C(P(C1=CC=CC=C1)C1=CC=CC=C1)[Si](C)(C)CP(C1=CC=CC=C1)C1=CC=CC=C1,13385,,,28.58,23.304132,71.1,,81.54,,,,45,1MPa,2.4,CrCl3(THF)3,1,methylcyclohexane,20,"n(DMAO)/n(AlEt3), 4:1",700,30,0.23,10.1021/acscatal.8b02698
,,CC(C)C(P(C1=CC=CC=C1)C1=CC=CC=C1)[Si](C)(C)CP(C1=CC=CC=C1)C1=CC=CC=C1,13077,,,23.13,18.395289,76.55,,79.53,,,,45,1MPa,2.4,CrCl3(THF)3,1,methylcyclohexane,20,"n(DMAO)/n(AlEt3), 4:1",1000,30,0.2,10.1021/acscatal.8b02698
,,CC(C)C(P(C1=CC=CC=C1)C1=CC=CC=C1)[Si](C)(C)CP(C1=CC=CC=C1)C1=CC=CC=C1,8269,,,19.97,15.884138,79.62,,79.54,,,,45,1MPa,1.2,CrCl3(THF)3,1,methylcyclohexane,20,"n(DMAO)/n(AlEt3), 4:1",2000,30,0.29,10.1021/acscatal.8b02698
,,CC(C)C(P(C1=CC=CC=C1)C1=CC=CC=C1)[Si](C)(C)CP(C1=CC=CC=C1)C1=CC=CC=C1,10173,,,18.65,14.03972,81.06,,75.28,,,,45,1MPa,0.6,CrCl3(THF)3,1,methylcyclohexane,20,"n(DMAO)/n(AlEt3), 4:1",4000,30,0.11,10.1021/acscatal.8b02698
,,CC(C)C(P(C1=CC=CC=C1)C1=CC=CC=C1)[Si](C)(C)CP(C1=CC=CC=C1)C1=CC=CC=C1,76731,,,18.21,13.954323,71.22,,76.63,,,,15,4MPa,2.4,CrCl3(THF)3,1,methylcyclohexane,20,"n(DMAO)/n(AlEt3), 4:1",500,30,3.09,10.1021/acscatal.8b02698
,,CC(C)C(P(C1=CC=CC=C1)C1=CC=CC=C1)[Si](C)(C)CP(C1=CC=CC=C1)C1=CC=CC=C1,70577,,,17.89,13.444335,71.96,,75.15,,,,15,3MPa,2.4,CrCl3(THF)3,1,methylcyclohexane,20,"n(DMAO)/n(AlEt3), 4:1",500,30,1.05,10.1021/acscatal.8b02698
,,CC(C)C(P(C1=CC=CC=C1)C1=CC=CC=C1)[Si](C)(C)CP(C1=CC=CC=C1)C1=CC=CC=C1,59615,,,18.51,13.706655,70.54,,74.05,,,,15,4MPa,0.6,CrCl3(THF)3,1,methylcyclohexane,20,"n(DMAO)/n(AlEt3), 4:1",1000,30,3.31,10.1021/acscatal.8b02698
,,CC(C)C(P(C1=CC=CC=C1)C1=CC=CC=C1)[Si](C)(C)CP(C1=CC=CC=C1)C1=CC=CC=C1,43461,,,15.87,9.893358,83.27,,62.34,,,,15,4MPa,0.3,CrCl3(THF)3,1,methylcyclohexane,20,"n(DMAO)/n(AlEt3), 4:1",2000,30,0.51,10.1021/acscatal.8b02698
,,CC(C)C(P(C1=CC=CC=C1)C1=CC=CC=C1)[Si](C)(C)CP(C1=CC=CC=C1)C1=CC=CC=C1,8846,,,17.38,10.136016,81.03,,58.32,,,,15,3MPa,0.3,CrCl3(THF)3,1,methylcyclohexane,20,"n(DMAO)/n(AlEt3), 4:1",2000,30,0.2,10.1021/acscatal.8b02698
,,CC(C)C(P(C1=CC=CC=C1)C1=CC=CC=C1)[Si](C)(C)CP(C1=CC=CC=C1)C1=CC=CC=C1,7711,,,17.88,11.909868,79.92,,66.61,,,,15,4MPa,0.1,CrCl3(THF)3,1,methylcyclohexane,20,"n(DMAO)/n(AlEt3), 4:1",6000,30,0.1,10.1021/acscatal.8b02698
4,,C[Si](C)(CP(C1=CC=CC=C1)C1=CC=CC=C1)N(C1CCCC1)[Si](C)(C)CP(C1=CC=CC=C1)C1=CC=CC=C1,619,,,84.84,79.596888,8.39,,93.82,,,,45,1MPa,4.8,CrCl3(THF)3,1,methylcyclohexane,21,"n(DMAO)/n(AlEt3), 4:1",500,30,0.18,10.1021/acscatal.8b02698
,,C[Si](C)(CP(C1=CC=CC=C1)C1=CC=CC=C1)N(C1CCCC1)[Si](C)(C)CP(C1=CC=CC=C1)C1=CC=CC=C1,644,,,77.57,71.108419,16.28,,91.67,,,,45,1MPa,2.4,CrCl3(THF)3,1,methylcyclohexane,21,"n(DMAO)/n(AlEt3), 4:1",500,30,0.2,10.1021/acscatal.8b02698
,,C[Si](C)(CP(C1=CC=CC=C1)C1=CC=CC=C1)N(C1CCCC1)[Si](C)(C)CP(C1=CC=CC=C1)C1=CC=CC=C1,475,,,56.9,48.70071,36.56,,85.59,,,,45,1MPa,1.2,CrCl3(THF)3,1,methylcyclohexane,21,"n(DMAO)/n(AlEt3), 4:1",500,30,0.26,10.1021/acscatal.8b02698
,,C[Si](C)(CP(C1=CC=CC=C1)C1=CC=CC=C1)N(C1CCCC1)[Si](C)(C)CP(C1=CC=CC=C1)C1=CC=CC=C1,577,,,77.85,75.77919,21.09,,97.34,,,,60,1MPa,2.4,CrCl3(THF)3,1,methylcyclohexane,21,"n(DMAO)/n(AlEt3), 4:1",500,30,0.35,10.1021/acscatal.8b02698
,,C[Si](C)(CP(C1=CC=CC=C1)C1=CC=CC=C1)N(C1CCCC1)[Si](C)(C)CP(C1=CC=CC=C1)C1=CC=CC=C1,913,,,88.19,86.620218,11.06,,98.22,,,,45,1MPa,2.4,CrCl3(THF)3,1,methylcyclohexane,21,"n(DMAO)/n(AlEt3), 4:1",700,30,0.55,10.1021/acscatal.8b02698
,,C[Si](C)(CP(C1=CC=CC=C1)C1=CC=CC=C1)N(C1CCCC1)[Si](C)(C)CP(C1=CC=CC=C1)C1=CC=CC=C1,315,,,74.5,70.96125,22.88,,95.25,,,,45,1MPa,2.4,CrCl3(THF)3,1,methylcyclohexane,21,"n(DMAO)/n(AlEt3),3：2",500,30,0.34,10.1021/acscatal.8b02698
,,C[Si](C)(CP(C1=CC=CC=C1)C1=CC=CC=C1)N(C1CCCC1)[Si](C)(C)CP(C1=CC=CC=C1)C1=CC=CC=C1,308,,,74.81,69.04963,20.56,,92.3,,,,45,1MPa,2.4,CrCl3(THF)3,1,methylcyclohexane,21,"n(DMAO)/n(AlEt3), 2：3",500,30,0.14,10.1021/acscatal.8b02698
5,,C[Si](C)(CP(C1=CC=CC=C1)C1=CC=CC=C1)N(C1CCCC1)[Si](C)(C)CP(C1=CC=CC=C1)C1=CC=CC=C1,111,,,85.3,82.21214,13.1,,96.38,,,,45,1MPa,4.8,CrCl3(THF)3,1,methylcyclohexane,21,"n(DMAO)/n(AlEt3),3：3",500,30,0.35,10.1021/acscatal.8b02698
,,C[Si](C)(CP(C1=CC=CC=C1)C1=CC=CC=C1)N(C1CCCC1)[Si](C)(C)CP(C1=CC=CC=C1)C1=CC=CC=C1,261,,,87.44,83.339064,11.57,,95.31,,,,45,1MPa,2.4,CrCl3(THF)3,1,methylcyclohexane,21,"n(DMAO)/n(AlEt3), 2：4",500,30,0.43,10.1021/acscatal.8b02698
,,C[Si](C)(CP(C1=CC=CC=C1)C1=CC=CC=C1)N(C1CCCC1)[Si](C)(C)CP(C1=CC=CC=C1)C1=CC=CC=C1,354,,,77.99,72.600891,20.99,,93.09,,,,45,1MPa,1.2,CrCl3(THF)3,1,methylcyclohexane,21,"n(DMAO)/n(AlEt3),3：4",500,30,0.48,10.1021/acscatal.8b02698
,,C[Si](C)(CP(C1=CC=CC=C1)C1=CC=CC=C1)N(C1CCCC1)[Si](C)(C)CP(C1=CC=CC=C1)C1=CC=CC=C1,125,,,79.82,72.07746,18.34,,90.3,,,,60,1MPa,2.4,CrCl3(THF)3,1,methylcyclohexane,21,"n(DMAO)/n(AlEt3), 2：5",500,30,0.09,10.1021/acscatal.8b02698
,,C[Si](C)(CP(C1=CC=CC=C1)C1=CC=CC=C1)N(C1CCCC1)[Si](C)(C)CP(C1=CC=CC=C1)C1=CC=CC=C1,456,,,91.44,85.304376,7.85,,93.29,,,,45,1MPa,2.4,CrCl3(THF)3,1,methylcyclohexane,21,"n(DMAO)/n(AlEt3),3：5",700,30,0.21,10.1021/acscatal.8b02698
,,C[Si](C)(CP(C1=CC=CC=C1)C1=CC=CC=C1)N(C1CCCC1)[Si](C)(C)CP(C1=CC=CC=C1)C1=CC=CC=C1,142,,,80.99,67.821026,17.72,,83.74,,,,45,1MPa,2.4,CrCl3(THF)3,1,CH2Cl2,21,"n(DMAO)/n(AlEt3), 2：6",500,30,0.13,10.1021/acscatal.8b02698
,,C[Si](C)(CP(C1=CC=CC=C1)C1=CC=CC=C1)N(C1CCCC1)[Si](C)(C)CP(C1=CC=CC=C1)C1=CC=CC=C1,140,,,82.77,70.627641,15.13,,85.33,,,,45,1MPa,2.4,CrCl3(THF)3,1,toluene,21,"n(DMAO)/n(AlEt3),3：6",500,30,0.12,10.1021/acscatal.8b02698
,,C[Si](C)(CP(C1=CC=CC=C1)C1=CC=CC=C1)N(C1CCCC1)[Si](C)(C)CP(C1=CC=CC=C1)C1=CC=CC=C1,158,,,66.65,56.312585,,,84.49,,,,45,1MPa,2.4,CrCl3(THF)3,1,toluene,21,"n(DMAO)/n(AlEt3), 2：7",500,30,0.35,10.1021/acscatal.8b02698
1,,C1=CC=C(P(C2=CC=CC=C2)N2C=CC=C2)C=C1,3711,,,40.4,,58,,,,,,60,30bar,10,CrCl3(THF)3,1,methylcyclohexane,100,MAO,7500,30,73,10.1021/cs4004968
,,C1=CC=C(P(C2=CC=CC=C2)N2C=CC=C2)C=C1,2038,,,23.8,,51.4,,,,,,60,30bar,10,CrCl2(THF)2,1,methylcyclohexane,100,MAO,7500,30,72,10.1021/cs4004968
,,C1=CC=C(P(C2=CC=CC=C2)N2C=CC=C2)C=C1,10345,,,37,,58.3,,,,,,60,30bar,10,Cr(AcAc)3,1,methylcyclohexane,100,MAO,7500,30,11,10.1021/cs4004968
,,C1=CC=C(P(C2=CC=CC=C2)N2C=CC=C2)C=C1,14903,,,37.2,,56.6,,,,,,60,30bar,10,Cr(EH)3,1,methylcyclohexane,100,MAO,7500,30,17,10.1021/cs4004968
,,C1=CC=C(P(C2=CC=CC=C2)N2C=CC=C2)C=C1,10345,,,37,,58.3,,,,,,60,30bar,10,Cr(AcAc)3,1,methylcyclohexane,100,MAO,500,30,,10.1021/cs4004968
,,C1=CC=C(P(C2=CC=CC=C2)N2C=CC=C2)C=C1,22576,,,67.4,,30.9,,,,,,60,30bar,10,Cr(AcAc)3,1,methylcyclohexane,100,DMAO,500,30,,10.1021/cs4004968
,,C1=CC=C(P(C2=CC=CC=C2)N2C=CC=C2)C=C1,31267,,,79.8,,18.8,,,,,,60,30bar,10,Cr(AcAc)3,1,methylcyclohexane,100,DMAO/TMA,550,30,,10.1021/cs4004968
,,C1=CC=C(P(C2=CC=CC=C2)N2C=CC=C2)C=C1,10634,,,40.2,,55.3,,,,,,60,30bar,10,Cr(AcAc)3,1,methylcyclohexane,100,DMAO,500,30,,10.1021/cs4004968
,,C1=CC=C(P(C2=CC=CC=C2)N2C=CC=C2)C=C1,35633,,,71,,28.4,,,,,,60,30bar,10,Cr(AcAc)3,1,methylcyclohexane,100,DMAO,500,30,,10.1021/cs4004968
,,C1=CC=C(P(C2=CC=CC=C2)N2C=CC=C2)C=C1,13653,,,49.9,,49.2,,,,,,60,30bar,10,Cr(AcAc)3,1,methylcyclohexane,100,DMAO,500,30,,10.1021/cs4004968
,,C1=CC=C(P(C2=CC=CC=C2)N2C=CC=C2)C=C1,3172,,,58.3,,38.6,,,,,,60,30bar,10,Cr(AcAc)3,1,methylcyclohexane,100,DMAO,500,30,,10.1021/cs4004968
,,C1=CC=C(P(C2=CC=CC=C2)N2C=CC=C2)C=C1,10345,,,37,,58.3,,,,,,60,30bar,10,Cr(AcAc)3,1,methylcyclohexane,100,MAO,500,30,11,10.1021/cs4004968
,,C1=CC=C(P(C2=CC=CC=C2)N2C=CC=C2)C=C1,10672,,,90.8,,4.6,,,,,,60,30bar,30,Cr(AcAc)3,1,methylcyclohexane,100,MMAO,500,30,7,10.1021/cs4004968
,,C1=CC=C(P(C2=CC=CC=C2)N2C=CC=C2)C=C1,6672,,,79.9,,12.5,,,,,,60,30bar,30,Cr(AcAc)3,1,methylcyclohexane,100,DMAO/TIBA,600,30,30,10.1021/cs4004968
,,C1=CC=C(P(C2=CC=CC=C2)N2C=CC=C2)C=C1,-,,,-,,-,,,,,,60,30bar,10,Cr(AcAc)3,1,methylcyclohexane,100,DMAO/DEAC,600,30,-,10.1021/cs4004968
,,C1=CC=C(P(C2=CC=CC=C2)N2C=CC=C2)C=C1,7865,,,29.2,,66.1,,,,,,40,30bar,10,Cr(AcAc)3,1,methylcyclohexane,100,MAO,500,30,28,10.1021/cs4004968
,,C1=CC=C(P(C2=CC=CC=C2)N2C=CC=C2)C=C1,5499,,,36.4,,60.9,,,,,,60,20bar,10,Cr(AcAc)3,1,methylcyclohexane,100,MAO,500,30,23,10.1021/cs4004968
,,C1=CC=C(P(C2=CC=CC=C2)N2C=CC=C2)C=C1,25306,,,28.1,,70.5,,,,,,60,50bar,10,Cr(AcAc)3,1,methylcyclohexane,100,MAO,500,30,9,10.1021/cs4004968
,,C1=CC=C(P(C2=CC=CC=C2)N2C=CC=C2)C=C1,17633,,,36.3,,60.5,,,,,,60,30bar,5,Cr(AcAc)3,1,methylcyclohexane,100,MAO,500,30,10,10.1021/cs4004968
,,C1=CC=C(P(C2=CC=CC=C2)N2C=CC=C2)C=C1,8134,,,39.8,,57.2,,,,,,60,30bar,20,Cr(AcAc)3,1,methylcyclohexane,100,MAO,500,30,13,10.1021/cs4004968
,,C1=CC=C(P(C2=CC=CC=C2)N2C=CC=C2)C=C1,6942,,,39.5,,56.4,,,,,,60,30bar,30,Cr(AcAc)3,1,methylcyclohexane,100,MAO,500,30,8,10.1021/cs4004968
,,C1=CC=C(P(C2=CC=CC=C2)N2C=CC=C2)C=C1,22576,,,45.3,,52.9,,,,,,60,30bar,10,Cr(AcAc)3,2,methylcyclohexane,100,MAO,500,30,8,10.1021/cs4004968
,,C1=CC=C(P(C2=CC=CC=C2)N2C=CC=C2)C=C1,17710,,,47.8,,47.2,,,,,,60,30bar,10,Cr(AcAc)3,3,methylcyclohexane,100,MAO,500,30,21,10.1021/cs4004968
,,C1=CC=C(P(C2=CC=CC=C2)N2C=CC=C2)C=C1,41421,,,41.5,,57.1,,,,,,60,50bar,10,Cr(AcAc)3,2,methylcyclohexane,100,MAO,500,30,4,10.1021/cs4004968
,,C1=CC=C(P(C2=CC=CC=C2)N2C=CC=C2)C=C1,16307,,,22.8,,73.7,,,,,,40,50bar,10,Cr(AcAc)3,1,methylcyclohexane,100,MAO,500,30,15,10.1021/cs4004968
,,C1=CC=C(P(C2=CC=CC=C2)N2C=CC=C2)C=C1,-,,,-,,-,,,,,,60,30bar,10,Cr(AcAc)3,1,methylcyclohexane,100,MAO,500,30,100,10.1021/cs4004968
,,CC(C)NP(NP(C1=CC=CC=C1)C1=CC=CC=C1)C1=CC=CC=C1,51,,,64,53.76,9,4.5,84,50,58.26,,65,30bar,200,Cr(CO)6,1,toluene,20,TEA,100,180,1,10.1039/c0dt00440e
,,CC(C)NP(NP(C1=CC=CC=C1)C1=CC=CC=C1)C1=CC=CC=C1,289,,,86,84.28,2,1.5,98,75,85.78,,65,30bar,200,Cr(CO)6,1,toluene,20,TEA,100,30,0.8,10.1039/c0dt00440e
,,CC(C)NP(NP(C1=CC=CC=C1)C1=CC=CC=C1)C1=CC=CC=C1,221,,,54.7,49.777,6,3.3,91,55,53.077,,65,30bar,200,Cr(CO)3(CH3CN3),1,toluene,20,TEA,100,120,0.6,10.1039/c0dt00440e
,,CC(C)NP(NP(C1=CC=CC=C1)C1=CC=CC=C1)C1=CC=CC=C1,279,,,55.6,51.152,7.6,5.168,92,68,56.32,,65,30bar,200,Cr(CO)3(CH3CN3),1,toluene,20,TEA,100,30,1.2,10.1039/c0dt00440e
1,,C1=CC=C(P(C2=CC=CC=C2)N(C2CC2)P(C2=CC=CC=C2)C2=CC=CC=C2)C=C1,,464396,,19.5,8.6385,62.5,60.3125,44.3,96.5,68.951,1.8,60,45bar,5,Cr(AcAc)3,1.5,methylcyclohexane,100,MMAO-3A,270,35,,10.1016/j.jcat.2006.10.020
2,,C1=CC=C(P(C2=CC=CC=C2)N(C2CCC2)P(C2=CC=CC=C2)C2=CC=CC=C2)C=C1,,390650,,19.2,9.1776,61.2,59.364,47.8,97,68.5416,1.3,60,45bar,5,Cr(AcAc)3,1.5,methylcyclohexane,100,MMAO-3A,270,41,,10.1016/j.jcat.2006.10.020
3,,C1=CC=C(P(NP(C2=CC=CC=C2)C2=CC=CC=C2)C2=CC=CC=C2)C=C1,,544629,,18.6,11.8854,63.7,62.4897,63.9,98.1,74.3751,2,60,45bar,5,Cr(AcAc)3,1.5,methylcyclohexane,100,MMAO-3A,270,28,,10.1016/j.jcat.2006.10.020
4,,C1=CC=C(P(C2=CC=CC=C2)N(C2CCCCC2)P(C2=CC=CC=C2)C2=CC=CC=C2)C=C1,,725280,,18.7,13.8193,67.2,66.528,73.9,99,80.3473,0.9,60,45bar,5,Cr(AcAc)3,1.5,methylcyclohexane,100,MMAO-3A,270,25,,10.1016/j.jcat.2006.10.020
4,,C1=CC=C(P(C2=CC=CC=C2)N(C2CCCCC2)P(C2=CC=CC=C2)C2=CC=CC=C2)C=C1,,2146787,,19.4,14.55,68.3,67.617,75,99,82.167,0.8,60,45bar,5,Cr(AcAc)3,0.5,Cyclohexane,100,MMAO-3A,450,16.5,,10.1016/j.jcat.2006.10.020
5,,C1=CC=C(P(C2=CC=CC=C2)N(C2CCCCCC2)P(C2=CC=CC=C2)C2=CC=CC=C2)C=C1,,737536,,19.8,14.7114,68.1,67.419,74.3,99,82.1304,1.2,60,45bar,5,Cr(AcAc)3,1.5,methylcyclohexane,100,MMAO-3A,270,22,,10.1016/j.jcat.2006.10.020
6,,C1=CC=C(P(C2=CC=CC=C2)N(C2CCCCCCCCCCC2)P(C2=CC=CC=C2)C2=CC=CC=C2)C=C1,,757720,,22.6,19.1196,66.4,66.0016,84.6,99.4,85.1212,0.9,60,45bar,5,Cr(AcAc)3,1.5,methylcyclohexane,100,MMAO-3A,270,25,,10.1016/j.jcat.2006.10.020
7,,CC1CCCCC1N(P(C1=CC=CC=C1)C1=CC=CC=C1)P(C1=CC=CC=C1)C1=CC=CC=C1,,2279200,,26.6,22.7164,63.7,63.3815,85.4,99.5,86.0979,0.7,60,45bar,5,Cr(AcAc)3,0.5,Cyclohexane,100,MMAO-3A,270,15,,10.1016/j.jcat.2006.10.020
8,,CCC1CCCCC1N(P(C1=CC=CC=C1)C1=CC=CC=C1)P(C1=CC=CC=C1)C1=CC=CC=C1,,2191555,,26.5,23.3995,64.5,64.242,88.3,99.6,87.6415,0.3,60,45bar,5,Cr(AcAc)3,0.5,Cyclohexane,100,MMAO-3A,270,13.5,,10.1016/j.jcat.2006.10.020
9,,CC(C)C1CCCCC1N(P(C1=CC=CC=C1)C1=CC=CC=C1)P(C1=CC=CC=C1)C1=CC=CC=C1,,1878413,,29.6,27.4984,59.8,59.5608,92.9,99.6,87.0592,1.3,60,45bar,5,Cr(AcAc)3,0.5,Cyclohexane,100,MMAO-3A,450,18,,10.1016/j.jcat.2006.10.020
10,,CC1CCCC(C)C1N(P(C1=CC=CC=C1)C1=CC=CC=C1)P(C1=CC=CC=C1)C1=CC=CC=C1,,2134983,,43,41.022,48.7,48.5539,95.4,99.7,89.5759,0.3,60,45bar,5,Cr(AcAc)3,0.5,Cyclohexane,100,MMAO-3A,270,13,,10.1016/j.jcat.2006.10.020
11,,C1=CC=C(P(C2=CC=CC=C2)N(C2CCCC3=C2C=CC=C3)P(C2=CC=CC=C2)C2=CC=CC=C2)C=C1,,666800,,31.3,27.6379,60.8,60.4352,88.3,99.4,88.0731,1.2,60,45bar,5,Cr(AcAc)3,0.5,Cyclohexane,100,MMAO-3A,270,30,,10.1016/j.jcat.2006.10.020
12,,C1=CC=C(P(C2=CC=CC=C2)N(CC2CCCCC2)P(C2=CC=CC=C2)C2=CC=CC=C2)C=C1,,479818,,19.8,9.0684,63.9,62.1747,45.8,97.3,71.2431,1.6,60,45bar,5,Cr(AcAc)3,1.5,methylcyclohexane,100,MMAO-3A,270,33,,10.1016/j.jcat.2006.10.020
13,,CC(C1CCCCC1)N(P(C1=CC=CC=C1)C1=CC=CC=C1)P(C1=CC=CC=C1)C1=CC=CC=C1,,167386,,25.4,21.971,63.3,62.9202,86.5,99.4,84.8912,1.9,60,45bar,5,Cr(AcAc)3,1.5,methylcyclohexane,100,MMAO-3A,270,92,,10.1016/j.jcat.2006.10.020
14,,CC1C(N(P(C2=CC=CC=C2)C2=CC=CC=C2)P(C2=CC=CC=C2)C2=CC=CC=C2)C[C@@H]2C[C@H]1C2(C)C,,614662,,27.1,24.1461,62.8,62.486,89.1,99.5,86.6321,0.8,60,45bar,5,Cr(AcAc)3,1.5,methylcyclohexane,100,MMAO-3A,270,26,,10.1016/j.jcat.2006.10.020
15,,C1=CC=C(P(C2=CC=CC=C2)N(C2C[C@@H]3CC[C@H]2C3)P(C2=CC=CC=C2)C2=CC=CC=C2)C=C1,,845001,,22.8,16.074,65.3,64.5164,70.5,98.8,80.5904,3,60,45bar,5,Cr(AcAc)3,1.5,methylcyclohexane,100,MMAO-3A,270,20,,10.1016/j.jcat.2006.10.020
1,,C1=CC=C(N(P(C2=CC=CC=C2)C2=CC=CC=C2)P(C2=CC=CC=C2)C2=CC=CC=C2)C=C1,33462,,,,14.68,,68.54,,,83.22,,60,3MPa,,Cr(AcAc)3,,Cyclohexane,200,MAO,300,60,3.3,10.1016/j.molcata.2007.10.009
2,,CC1=C(N(P(C2=CC=CC=C2)C2=CC=CC=C2)P(C2=CC=CC=C2)C2=CC=CC=C2)C=CC=C1,27308,,,,23.71,,56.9,,,80.61,,60,3MPa,,Cr(AcAc)3,,Cyclohexane,200,MAO,300,60,4.8,10.1016/j.molcata.2007.10.009
3,,CC1=CC=CC(N(P(C2=CC=CC=C2)C2=CC=CC=C2)P(C2=CC=CC=C2)C2=CC=CC=C2)=C1,51154,,,,17.22,,66.48,,,83.7,,60,3MPa,,Cr(AcAc)3,,Cyclohexane,200,MAO,300,60,2.9,10.1016/j.molcata.2007.10.009
4,,C1=CC=C(N(P(C2=CC=CC=C2)C2=CC=CC=C2)P(C2=CC=CC=C2)C2=CC=CC=C2)C=C1,40192,,,,15.35,,69.25,,,84.6,,60,3MPa,,Cr(AcAc)3,,Cyclohexane,200,MAO,300,60,2.1,10.1016/j.molcata.2007.10.009
5,,CCC1=C(N(P(C2=CC=CC=C2)C2=CC=CC=C2)P(C2=CC=CC=C2)C2=CC=CC=C2)C=CC=C1,23461,,,,29.41,,53.6,,,83.01,,60,3MPa,,Cr(AcAc)3,,Cyclohexane,200,MAO,300,60,6.1,10.1016/j.molcata.2007.10.009
6,,CC(C)C1=C(N(P(C2=CC=CC=C2)C2=CC=CC=C2)P(C2=CC=CC=C2)C2=CC=CC=C2)C=CC=C1,21346,,,,30.3,,43.25,,,73.55,,60,3MPa,,Cr(AcAc)3,,Cyclohexane,200,MAO,300,60,9.3,10.1016/j.molcata.2007.10.009
7,,CC(C)C1=CC=CC(C(C)C)=C1N(P(C1=CC=CC=C1)C1=CC=CC=C1)P(C1=CC=CC=C1)C1=CC=CC=C1,9231,,,,40.66,,16.94,,,57.6,,60,3MPa,,Cr(AcAc)3,,Cyclohexane,200,MAO,300,60,12.5,10.1016/j.molcata.2007.10.009
8,,CCC1=CC=CC(N(P(C2=CC=CC=C2)C2=CC=CC=C2)P(C2=CC=CC=C2)C2=CC=CC=C2)=C1,68077,,,,14.25,,71.19,,,85.44,,60,3MPa,,Cr(AcAc)3,,Cyclohexane,200,MAO,300,60,3.1,10.1016/j.molcata.2007.10.009
9,,CC1=CC(C)=CC(N(P(C2=CC=CC=C2)C2=CC=CC=C2)P(C2=CC=CC=C2)C2=CC=CC=C2)=C1,95769,,,,13.16,,70.97,,,86.13,,60,3MPa,,Cr(AcAc)3,,Cyclohexane,200,MAO,300,60,1.5,10.1016/j.molcata.2007.10.009
1,,CC(C)/C(=C/P(C1=CC=CC=C1)C(C)C)P(C1=CC=CC=C1)C1=CC=CC=C1,1895000,,,,22,,61.5,67.6,98.9,83.5,,60,40bar,0.5,CrCl3(THF)3,1,methylcyclohexane,45,MMAO-3A,1000,20,0.08,10.1021/acs.organomet.4c00217
2,,CCC(CC)/C(=C/P(C1=CC=CC=C1)C(C)C)P(C1=CC=CC=C1)C1=CC=CC=C1,2536000,,,,24.5,,60,74,99.1,84.5,,60,40bar,0.5,CrCl3(THF)3,1,methylcyclohexane,45,MMAO-3A,1000,20,0.04,10.1021/acs.organomet.4c00217
,,CCC(CC)/C(=C/P(C1=CC=CC=C1)C(C)C)P(C1=CC=CC=C1)C1=CC=CC=C1,254000,,,,4.5,,67.3,23.7,97.6,71.8,,20,40bar,0.5,CrCl3(THF)3,1,methylcyclohexane,45,MMAO-3A,1000,20,9.02,10.1021/acs.organomet.4c00217
,,CCC(CC)/C(=C/P(C1=CC=CC=C1)C(C)C)P(C1=CC=CC=C1)C1=CC=CC=C1,1047000,,,,13.8,,70.1,58,98.7,83.9,,40,40bar,0.5,CrCl3(THF)3,1,methylcyclohexane,45,MMAO-3A,1000,20,0.4,10.1021/acs.organomet.4c00217
,,CCC(CC)/C(=C/P(C1=CC=CC=C1)C(C)C)P(C1=CC=CC=C1)C1=CC=CC=C1,2772000,,,,35.2,,51.6,84.2,99.6,86.8,,80,40bar,0.5,CrCl3(THF)3,1,methylcyclohexane,45,MMAO-3A,1000,20,0.03,10.1021/acs.organomet.4c00217
,,CCC(CC)/C(=C/P(C1=CC=CC=C1)C(C)C)P(C1=CC=CC=C1)C1=CC=CC=C1,2213000,,,,43,,44.9,89,99.7,87.9,,100,40bar,0.5,CrCl3(THF)3,1,methylcyclohexane,45,MMAO-3A,1000,20,0.08,10.1021/acs.organomet.4c00217
,,CCC(CC)/C(=C/P(C1=CC=CC=C1)C(C)C)P(C1=CC=CC=C1)C1=CC=CC=C1,252000,,,,33.5,,54.5,77.9,99.3,88,,60,10bar,0.5,CrCl3(THF)3,1,methylcyclohexane,45,MMAO-3A,1000,20,0.13,10.1021/acs.organomet.4c00217
,,CCC(CC)/C(=C/P(C1=CC=CC=C1)C(C)C)P(C1=CC=CC=C1)C1=CC=CC=C1,806000,,,,24.1,,60.6,71.1,99.1,84.7,,60,20bar,0.5,CrCl3(THF)3,1,methylcyclohexane,45,MMAO-3A,1000,20,0.11,10.1021/acs.organomet.4c00217
,,CCC(CC)/C(=C/P(C1=CC=CC=C1)C(C)C)P(C1=CC=CC=C1)C1=CC=CC=C1,1234000,,,,20,,64.9,67.9,99,84.9,,60,30bar,0.5,CrCl3(THF)3,1,methylcyclohexane,45,MMAO-3A,1000,20,0.12,10.1021/acs.organomet.4c00217
3,,CC(C)P(/C=C\P(C1=CC=CC=C1)C1=CC=CC=C1)C1=CC=CC=C1,3229000,,,,20.7,,61.5,70.2,99,82.2,,60,40bar,0.5,CrCl3(THF)3,1,methylcyclohexane,45,MMAO-3A,1000,20,0.02,10.1021/acs.organomet.4c00217
4,,CC(C)P(/C=C(\P(C1=CC=CC=C1)C1=CC=CC=C1)C(C)(C)C)C1=CC=CC=C1,4172000,,,,39.5,,43.3,89.8,99.7,82.8,,60,40bar,0.5,CrCl3(THF)3,1,methylcyclohexane,45,MMAO-3A,1000,20,0.02,10.1021/acs.organomet.4c00217
5,,CC(C)P(/C=C(/C1=CC=CC=C1)P(C1=CC=CC=C1)C1=CC=CC=C1)C1=CC=CC=C1,1721000,,,,22.7,,57.7,59.9,98.6,80.4,,60,40bar,0.5,CrCl3(THF)3,1,methylcyclohexane,45,MMAO-3A,1000,20,0.15,10.1021/acs.organomet.4c00217
6,,CC(C)/C(=C/P(C1=CC=CC=C1)C1CCCCC1)P(C1=CC=CC=C1)C1=CC=CC=C1,3662000,,,,28.7,,56.1,78.6,99.2,84.8,,60,40bar,0.5,CrCl3(THF)3,1,methylcyclohexane,45,MMAO-3A,1000,20,0.02,10.1021/acs.organomet.4c00217
7,,CCC(CC)/C(=C/P(C1=CC=CC=C1)C1CCCCC1)P(C1=CC=CC=C1)C1=CC=CC=C1,3994000,,,,29.3,,53.7,85.2,99.6,83.1,,60,40bar,0.5,CrCl3(THF)3,1,methylcyclohexane,45,MMAO-3A,1000,20,0.02,10.1021/acs.organomet.4c00217
8,,C1=CC=C(P(C2=CC=CC=C2)/C(=C\P(C2=CC=CC=C2)C2CCCCC2)C2CCCCC2)C=C1,2953000,,,,20.8,,61.3,70.4,99,82.1,,60,40bar,0.5,CrCl3(THF)3,1,methylcyclohexane,45,MMAO-3A,1000,20,0.02,10.1021/acs.organomet.4c00217
9,,C1=CC=C(/C(=C/P(C2=CC=CC=C2)C2CCCCC2)P(C2=CC=CC=C2)C2=CC=CC=C2)C=C1,2113000,,,,23.7,,57.7,62.6,98.5,81.4,,60,40bar,0.5,CrCl3(THF)3,1,methylcyclohexane,45,MMAO-3A,1000,20,0.09,10.1021/acs.organomet.4c00217
10,,CCP(/C=C(/C1CCCCC1)P(C1=CC=CC=C1)C1=CC=CC=C1)C1=CC=CC=C1,1305000,,,,14.9,,54.5,41.4,95.6,69.4,,60,40bar,0.5,CrCl3(THF)3,1,methylcyclohexane,45,MMAO-3A,1000,20,0.25,10.1021/acs.organomet.4c00217
11,,CCP(/C=C(\P(C1=CC=CC=C1)C1=CC=CC=C1)C(C)(C)C)C1=CC=CC=C1,2071000,,,,23.1,,52.1,55.3,96.9,75.2,,60,40bar,0.5,CrCl3(THF)3,1,methylcyclohexane,45,MMAO-3A,1000,20,0.08,10.1021/acs.organomet.4c00217
12,,CCCCCP(/C=C(/C1CCCCC1)P(C1=CC=CC=C1)C1=CC=CC=C1)C1=CC=CC=C1,1162000,,,,13.3,,56.8,39,95.6,69.9,,60,40bar,0.5,CrCl3(THF)3,1,methylcyclohexane,45,MMAO-3A,1000,20,0.28,10.1021/acs.organomet.4c00217
13,,CC(C)CCP(/C=C(/C1CCCCC1)P(C1=CC=CC=C1)C1=CC=CC=C1)C1=CC=CC=C1,1268000,,,,14.3,,56.8,42.5,96.1,71.1,,60,40bar,0.5,CrCl3(THF)3,1,methylcyclohexane,45,MMAO-3A,1000,20,0.55,10.1021/acs.organomet.4c00217
14,,CCCCP(/C=C(/C1CCCCC1)P(C1=CC=CC=C1)C1=CC=CC=C1)C1=CC=CC=C1,3020000,,,,39.1,,44.2,80.6,99,83.3,,60,40bar,0.5,CrCl3(THF)3,1,methylcyclohexane,45,MMAO-3A,1000,20,0.02,10.1021/acs.organomet.4c00217
1,,CC1=C(/N=C(\C2=CC=CC=C2)P(C2=CC=CC=C2)C2=CC=CC=C2)C=CC=C1,84000,84000,,50.8,33.6296,34.4,31.9576,66.2,92.9,65.6,,60,45bar,1.25,Cr(2-EH)3,1,methylcyclohexane,100,MMAO-3A+ZnEt2,600,60,72.2,10.1021/acs.organomet.4c00217
2,,CC(C)C1=CC=CC(C(C)C)=C1/N=C(\C1=CC=CC=C1)P(C1=CC=CC=C1)C1=CC=CC=C1,133000,133000,,32.4,28.3176,54,51.408,87.4,95.2,79.7,,60,45bar,1.25,Cr(2-EH)3,1,methylcyclohexane,100,MMAO-3A+ZnEt2,600,60,74.5,10.1021/acs.organomet.4c00217
3,,COC1=CC=CC=C1P(C1=CC=CC=C1OC)/C(=N/C1=CC=CC=C1)C1=CC=CC=C1,87000,93000,,54.1,51.936,38.5,35.266,96,91.6,87.2,,60,45bar,1.25,Cr(2-EH)3,1,methylcyclohexane,100,MMAO-3A+ZnEt2,600,64,84.4,10.1021/acs.organomet.4c00217
4,,COC1=CC=CC=C1P(C1=CC=CC=C1OC)/C(=N/C1=C(C(C)C)C=CC=C1C(C)C)C1=CC=CC=C1,68000,191000,,57.4,56.539,40.1,39.699,98.5,99,96.2,,60,45bar,1.25,Cr(2-EH)3,1,methylcyclohexane,100,MMAO-3A+ZnEt2,600,168,60.2,10.1021/acs.organomet.4c00217
5,,CC1=CC=C(/N=C(\C2=CC=CC=C2)P(C(C)C)C(C)C)C=C1,491000,1639000,,36.4,35.6356,61.2,61.0776,97.9,99.8,96.7,,60,40bar,1.25,Cr(2-EH)3,1,methylcyclohexane,100,MMAO-3A+ZnEt2,600,200,9.8,10.1021/acs.organomet.4c00217
6,,CC(C)C1=CC=CC(C(C)C)=C1/N=C(\C1=CC=CC=C1)P(C(C)C)C(C)C,2799000,2950000,,83.8,83.5486,12.6,12.5874,99.7,99.9,96.2,,60,40bar,1.25,Cr(2-EH)3,1,methylcyclohexane,100,MMAO-3A+ZnEt2,600,64,1.6,10.1021/acs.organomet.4c00217
6,,CC(C)C1=CC=CC(C(C)C)=C1/N=C(\C1=CC=CC=C1)P(C(C)C)C(C)C,1964000,2874000,,81.9,81.5724,15.2,15.1696,99.6,99.8,96.7,,60,40bar,1.25,Cr(2-EH)3,1,methylcyclohexane,100,MMAO-3A,500,88,3.6,10.1021/acs.organomet.4c00217
7,,CC1=CC=C(/N=C(\C2=CC=CC=C2)P(C(C)(C)C)C(C)(C)C)C=C1,672000,1562000,,94,93.906,3,2.988,99.9,99.6,97,,60,40bar,1.25,Cr(2-EH)3,1,methylcyclohexane,100,MMAO-3A+ZnEt2,600,139,6.5,10.1021/acs.organomet.4c00217
8,,CC(C)C1=CC=CC(C(C)C)=C1/N=C(\C1=CC=CC=C1)P(C(C)(C)C)C(C)(C)C,797000,2293000,,97.3,97.2027,0.6,0.588,99.9,98,97.9,,60,40bar,1.25,Cr(2-EH)3,1,methylcyclohexane,100,MMAO-3A+ZnEt2,600,173,16.4,10.1021/acs.organomet.4c00217
1,,C[Si](C)(P(C1=CC=CC=C1)C1=CC=CC=C1)P(C1=CC=CC=C1)C1=CC=CC=C1,17000,,,63.65,17.064565,11.13,7.947933,26.81,71.41,25.012498,,45,1.0 MPa,200,Cr(THF)3Cl3,2,methylcyclohexane,1000,n(DMAO)/n(AlEt3) = 4:1.,500,30,,10.1002/cctc.201600941
2,,C[Si](C)(CP(C1=CC=CC=C1)C1=CC=CC=C1)P(C1=CC=CC=C1)C1=CC=CC=C1,126000,,,40.08,25.823544,53.14,49.930344,64.43,93.96,75.753888,,45,1.0 MPa,200,Cr(THF)3Cl3,2,methylcyclohexane,1000,n(DMAO)/n(AlEt3) = 4:1.,500,30,,10.1002/cctc.201600941
3,,C[Si](C)(CP(C1=CC=CC=C1)C1=CC=CC=C1)CP(C1=CC=CC=C1)C1=CC=CC=C1,364000,,,33.51,26.245032,64.43,61.227829,78.32,95.03,87.472861,,45,1.0 MPa,200,Cr(THF)3Cl3,2,methylcyclohexane,1000,n(DMAO)/n(AlEt3) = 4:1.,500,30,,10.1002/cctc.201600941
,,C[Si](C)(CP(C1=CC=CC=C1)C1=CC=CC=C1)CP(C1=CC=CC=C1)C1=CC=CC=C1,11300,,,10.3,3.98713,86.4,,38.71,>99.00,,,0,1.0 MPa,200,Cr(THF)3Cl3,2,methylcyclohexane,1000,n(DMAO)/n(AlEt3) = 4:1.,500,30,,10.1002/cctc.201600941
,,C[Si](C)(CP(C1=CC=CC=C1)C1=CC=CC=C1)CP(C1=CC=CC=C1)C1=CC=CC=C1,155000,,,21.87,12.912048,76.29,,59.04,> 99.00,,,30,1.0 MPa,200,Cr(THF)3Cl3,2,methylcyclohexane,1000,n(DMAO)/n(AlEt3) = 4:1.,500,30,,10.1002/cctc.201600941
,,C[Si](C)(CP(C1=CC=CC=C1)C1=CC=CC=C1)CP(C1=CC=CC=C1)C1=CC=CC=C1,364000,,,33.51,26.245032,64.22,61.028266,78.32,95.03,87.273298,,45,1.0 MPa,200,Cr(THF)3Cl3,2,methylcyclohexane,1000,n(DMAO)/n(AlEt3) = 4:1.,500,30,,10.1002/cctc.201600941
,,C[Si](C)(CP(C1=CC=CC=C1)C1=CC=CC=C1)CP(C1=CC=CC=C1)C1=CC=CC=C1,400000,,,44.71,40.632448,42.68,41.76238,90.88,97.85,82.394828,,60,1.0 MPa,200,Cr(THF)3Cl3,2,methylcyclohexane,1000,n(DMAO)/n(AlEt3) = 4:1.,500,30,,10.1002/cctc.201600941
,,C[Si](C)(CP(C1=CC=CC=C1)C1=CC=CC=C1)CP(C1=CC=CC=C1)C1=CC=CC=C1,634000,,,40.9,38.33148,22.98,21.238116,93.72,92.42,59.569596,,75,1.0 MPa,200,Cr(THF)3Cl3,2,methylcyclohexane,1000,n(DMAO)/n(AlEt3) = 4:1.,500,30,,10.1002/cctc.201600941
,,C[Si](C)(CP(C1=CC=CC=C1)C1=CC=CC=C1)CP(C1=CC=CC=C1)C1=CC=CC=C1,2370000,,,55.44,52.063704,18.78,15.955488,93.91,84.96,68.019192,,90,1.0 MPa,200,Cr(THF)3Cl3,2,methylcyclohexane,1000,n(DMAO)/n(AlEt3) = 4:1.,500,30,,10.1002/cctc.201600941
,,C[Si](C)(CP(C1=CC=CC=C1)C1=CC=CC=C1)CP(C1=CC=CC=C1)C1=CC=CC=C1,180000,,,26.95,20.46583,69.96,58.69644,75.94,83.9,79.16227,,45,2.0 MPa,200,Cr(THF)3Cl3,2,methylcyclohexane,1000,n(DMAO)/n(AlEt3) = 4:1.,500,30,,10.1002/cctc.201600941
,,C[Si](C)(CP(C1=CC=CC=C1)C1=CC=CC=C1)CP(C1=CC=CC=C1)C1=CC=CC=C1,338000,,,24.86,17.991182,73,63.8458,72.37,87.46,81.836982,,45,4.0 MPa,200,Cr(THF)3Cl3,2,methylcyclohexane,1000,n(DMAO)/n(AlEt3) = 4:1.,500,30,,10.1002/cctc.201600941
,,C[Si](C)(CP(C1=CC=CC=C1)C1=CC=CC=C1)CP(C1=CC=CC=C1)C1=CC=CC=C1,4210000,,,20.45,11.867135,78.44,76.24368,58.03,97.2,88.110815,,45,4.0 MPa,12,Cr(THF)3Cl3,2,methylcyclohexane,1000,n(DMAO)/n(AlEt3) = 4:1.,500,30,,10.1002/cctc.201600941
4,,C[Si](C1CCCCC1)(P(C1=CC=CC=C1)C1=CC=CC=C1)P(C1=CC=CC=C1)C1=CC=CC=C1,433000,,,40.95,33.11217,57.19,,80.86,>99,,,45,1.0 MPa,200,Cr(THF)3Cl3,2,methylcyclohexane,1000,n(DMAO)/n(AlEt3) = 4:1.,500,30,,10.1002/cctc.201600941
5,,C1=CC=C([SiH](P(C2=CC=CC=C2)C2=CC=CC=C2)P(C2=CC=CC=C2)C2=CC=CC=C2)C=C1,160000,,,37.72,29.391424,58.94,56.099092,77.92,95.18,85.490516,,45,1.0 MPa,200,Cr(THF)3Cl3,2,methylcyclohexane,1000,n(DMAO)/n(AlEt3) = 4:1.,500,30,,10.1002/cctc.201600941
6,,C1=CC=C(P(C2=CC=CC=C2)[Si](C2=CC=CC=C2)(C2=CC=CC=C2)P(C2=CC=CC=C2)C2=CC=CC=C2)C=C1,115000,,,41.05,33.821095,55.38,53.009736,82.39,95.72,86.830831,,45,1.0 MPa,200,Cr(THF)3Cl3,2,methylcyclohexane,1000,n(DMAO)/n(AlEt3) = 4:1.,500,30,,10.1002/cctc.201600941
7,,C[Si](I)(P(C1=CC=CC=C1)C1=CC=CC=C1)P(C1=CC=CC=C1)C1=CC=CC=C1,76000,,,51.93,36.470439,42.76,38.201784,70.23,89.34,74.672223,,45,1.0 MPa,200,Cr(THF)3Cl3,2,methylcyclohexane,1000,n(DMAO)/n(AlEt3) = 4:1.,500,30,,10.1002/cctc.201600941
1a,,CN(P(C1=CC=CC=C1)C1=CC=CC=C1)P(C1=CC=CC=C1)C1=CC=CC=C1,800000,,,,5.2,,53.3,,,58.5,,60,45bar,2.5,Cr(AcAc)3,1,methylcyclohexane,100,MAO,960,,,10.1002/cplu.202000553
1b,,CCCCN(P(C1=CC=CC=C1)C1=CC=CC=C1)P(C1=CC=CC=C1)C1=CC=CC=C1,1000000,,,,6.7,,61,,,67.7,,60,45bar,2.5,Cr(AcAc)3,1,methylcyclohexane,100,MAO,960,,,10.1002/cplu.202000553
2,,CC(C)CN(P(C1=CC=CC=C1)C1=CC=CC=C1)P(C1=CC=CC=C1)C1=CC=CC=C1,1100000,,,,8.6,,65.1,,,73.7,,60,45bar,2.5,Cr(AcAc)3,1,methylcyclohexane,100,MAO,960,,,10.1002/cplu.202000553
3,,CC(C)N(P(C1=CC=CC=C1)C1=CC=CC=C1)P(C1=CC=CC=C1)C1=CC=CC=C1,1500000,,,,14.1,,68.9,,,83,,60,45bar,2.5,Cr(AcAc)3,1,methylcyclohexane,100,MAO,960,,,10.1002/cplu.202000553
4,,C1=CC=C(P(C2=CC=CC=C2)N(C2C3CC4CC(C3)CC2C4)P(C2=CC=CC=C2)C2=CC=CC=C2)C=C1,2500000,,,,25.1,,61,,,86.1,,60,45bar,2.5,Cr(AcAc)3,1,methylcyclohexane,100,MAO,960,,,10.1002/cplu.202000553
5,,CC(C)C(C)N(P(C1=CC=CC=C1)C1=CC=CC=C1)P(C1=CC=CC=C1)C1=CC=CC=C1,3800000,,,,18.9,,67,,,85.9,,60,45bar,2.5,Cr(AcAc)3,1,methylcyclohexane,100,MAO,960,,,10.1002/cplu.202000553
6,,CC(C)(C)N(P(C1=CC=CC=C1)C1=CC=CC=C1)P(C1=CC=CC=C1)C1=CC=CC=C1,1100000,,,,30.4,,57.8,,,88.2,,60,45bar,2.5,Cr(AcAc)3,1,methylcyclohexane,100,MAO,960,,,10.1002/cplu.202000553
7,,CC1(CN(P(C2=CC=CC=C2)C2=CC=CC=C2)P(C2=CC=CC=C2)C2=CC=CC=C2)CC1,1500000,,,,24.7,,63.6,,,88.3,,60,45bar,2.5,Cr(AcAc)3,1,methylcyclohexane,100,MAO,960,,,10.1002/cplu.202000553
8,,CC(C)(C)CN(P(C1=CC=CC=C1)C1=CC=CC=C1)P(C1=CC=CC=C1)C1=CC=CC=C1,1000000,,,,40.6,,47.5,,,88.1,,60,45bar,2.5,Cr(AcAc)3,1,methylcyclohexane,100,MAO,960,,,10.1002/cplu.202000553
9,,CC1=C(P(C2=CC=CC=C2)N(CC(C)C)P(C2=CC=CC=C2)C2=CC=CC=C2)C=CC=C1,1200000,,,,17.3,,60.4,,,77.7,,60,45bar,2.5,Cr(AcAc)3,1,methylcyclohexane,100,MAO,960,,,10.1002/cplu.202000553
10,,CC1=C(P(C2=C(C)C=CC=C2)N(CC(C)C)P(C2=CC=CC=C2)C2=CC=CC=C2)C=CC=C1,5000000,,,,27.5,,61.4,,,88.9,,60,45bar,2.5,Cr(AcAc)3,1,methylcyclohexane,100,MAO,960,,,10.1002/cplu.202000553
11,,CC1=CC=CC=C1P(C1=CC=CC=C1)N(CC(C)C)P(C1=CC=CC=C1)C1=C(C)C=CC=C1,3200000,,,,34.7,,52.7,,,87.4,,60,45bar,2.5,Cr(AcAc)3,1,methylcyclohexane,100,MAO,960,,,10.1002/cplu.202000553
12,,CCC1=C(P(C2=C(CC)C=CC=C2)N(CC(C)C)P(C2=CC=CC=C2)C2=CC=CC=C2)C=CC=C1,4700000,,,,31.8,,57.5,,,89.3,,60,45bar,2.5,Cr(AcAc)3,1,methylcyclohexane,100,MAO,960,,,10.1002/cplu.202000553
13,,CCC1=C(P(C2=CC=CC=C2)N(CC(C)C)P(C2=CC=CC=C2)C2=CC=CC=C2)C=CC=C1,2800000,,,,32.1,,52.1,,,84.2,,60,45bar,2.5,Cr(AcAc)3,1,methylcyclohexane,100,MAO,960,,,10.1002/cplu.202000553
14,,CCC1=CC=CC=C1P(C1=CC=CC=C1)N(CC1CCCCC1)P(C1=CC=CC=C1)C1=CC=CC=C1,3700000,,,,33.5,,56.3,,,89.8,,60,45bar,2.5,Cr(AcAc)3,1,methylcyclohexane,100,MAO,960,,,10.1002/cplu.202000553
15,,CCC1=CC=CC=C1P(C1=CC=CC=C1)N(C)P(C1=CC=CC=C1)C1=CC=CC=C1,3700000,,,,30.3,,58,,,88.3,,60,45bar,2.5,Cr(AcAc)3,1,methylcyclohexane,100,MAO,960,,,10.1002/cplu.202000553
16,,CC(C)C1=CC=CC=C1P(C1=CC=CC=C1C(C)C)N(CC1CC1)P(C1=CC=CC=C1)C1=CC=CC=C1,3100000,,,,25.7,,57.5,,,83.2,,60,45bar,2.5,Cr(AcAc)3,1,methylcyclohexane,100,MAO,960,,,10.1002/cplu.202000553
17,,CC1=CC=CC=C1P(C1=CC=CC=C1C)N(C(C)C(C)C)P(C1=CC=CC=C1)C1=CC=CC=C1,4300000,,,,42.6,,43.6,,,86.2,,60,45bar,2.5,Cr(AcAc)3,1,methylcyclohexane,100,MAO,960,,,10.1002/cplu.202000553
18,,CC1=CC=CC=C1P(C1=CC=CC=C1)N(C(C)C)P(C1=CC=CC=C1)C1=CC=CC=C1,3000000,,,,28.4,,56.8,,,85.2,,60,45bar,2.5,Cr(AcAc)3,1,methylcyclohexane,100,MAO,960,,,10.1002/cplu.202000553
19,,CC1=C(P(C2=C(C)C=CC=C2)N(C(C)C)P(C2=CC=CC=C2)C2=CC=CC=C2)C=CC=C1,4500000,,,,38.7,,49.4,,,88.1,,60,45bar,2.5,Cr(AcAc)3,1,methylcyclohexane,100,MAO,960,,,10.1002/cplu.202000553
20,,CCC1=C(P(C2=C(CC)C=CC=C2)N(C(C)C)P(C2=CC=CC=C2)C2=CC=CC=C2)C=CC=C1,4300000,,,,27.2,,58.4,,,85.6,,60,45bar,2.5,Cr(AcAc)3,1,methylcyclohexane,100,MAO,960,,,10.1002/cplu.202000553
21,,CCC1=CC=CC=C1P(C1=CC=CC=C1)N(C(C)C)P(C1=CC=CC=C1)C1=C(CC)C=CC=C1,3300000,,,,62.3,,26.8,,,89.1,,60,45bar,2.5,Cr(AcAc)3,1,methylcyclohexane,100,MAO,960,,,10.1002/cplu.202000553
22,,CC1=CC=CC=C1P(C1=CC=CC=C1C)N(C1CC1)P(C1=CC=CC=C1)C1=CC=CC=C1,3300000,,,,26.9,,60.5,,,87.4,,60,45bar,2.5,Cr(AcAc)3,1,methylcyclohexane,100,MAO,960,,,10.1002/cplu.202000553
1,,CN(P(C1=CC=CC=C1)C1=CC=CC=C1)P(C1=CC=CC=C1)C1=CC=CC=C1,,,54(kg/gCr h),24.8,9.7712,59,55.519,39.4,94.1,65.2902,,65,30bar,33,CrCl3(THF)3,2,toluene,100,MMAO-3A,300,,1.4,10.1039/c5dt04394h
,,CN(P(C1=CC=CC=C1)C1=CC=CC=C1)P(C1=CC=CC=C1)C1=CC=CC=C1,,,964(kg/gCr h),16.4,5.4776,54,51.786,33.4,95.9,57.2636,,60,45bar,2.5,Cr(AcAc)3,1.2,methylcyclohexane,100,MMAO-3A,300,,4.9,10.1039/c5dt04394h
2,,CC(C)N(P(C1=CC=CC=C1)C1=CC=CC=C1)P(C1=CC=CC=C1)C1=CC=CC=C1,,,24(kg/gCr h),32.7,28.2855,60.6,60.1152,86.5,99.2,88.4007,,65,30bar,33,CrCl3(THF)3,2,toluene,100,MMAO-3A,300,,0.3,10.1039/c5dt04394h
,,CC(C)N(P(C1=CC=CC=C1)C1=CC=CC=C1)P(C1=CC=CC=C1)C1=CC=CC=C1,,,544(kg/gCr h),16.9,11.8807,68.3,67.4804,70.3,98.8,79.3611,,45,45bar,33,Cr(AcAc)3,2,toluene,100,MMAO-3A,300,,1.1,10.1039/c5dt04394h
,,CC(C)N(P(C1=CC=CC=C1)C1=CC=CC=C1)P(C1=CC=CC=C1)C1=CC=CC=C1,,,1104(kg/gCr h),16.8,12.684,69.5,68.805,75.5,99,81.489,,60,45bar,2.5,Cr(AcAc)3,1.2,methylcyclohexane,100,MMAO-3A,300,,0.9,10.1039/c5dt04394h
3,,CCP(CC)N(C)P(CC)CC,,,8(kg/gCr h),16.8,10.8528,45.2,44.0248,64.6,97.4,54.8776,,45,45bar,33,Cr(AcAc)3,2,toluene,100,MMAO-3A,300,,13.6,10.1039/c5dt04394h
1,,CC(C)NP(C1=CC=CC=C1)N(C(C)C)P(C1=CC=CC=C1)C1=CC=CC=C1,44900,,,92.5,91.575,0.4,,99,,,,50,30bar,300,Cr(AcAc)3,1.3,,1000,AlEt3,25,60,0.3,10.1002/cctc.201300324
2,,C1=CC=C(P(NC2CCCCC2)N(C2CCCCC2)P(C2=CC=CC=C2)C2=CC=CC=C2)C=C1,44500,,,93.1,92.169,0.4,,99,,,,50,30bar,300,Cr(AcAc)3,1.3,,1000,AlEt3,25,60,0.1,10.1002/cctc.201300324
3,,CC(C)N(P(NC1CCCCC1)C1=CC=CC=C1)P(C1=CC=CC=C1)C1=CC=CC=C1,42000,,,92.1,91.0869,0.4,,98.9,,,,50,30bar,300,Cr(AcAc)3,1.3,,1000,AlEt3,25,60,0.1,10.1002/cctc.201300324
4,,CC(C)NP(C1=CC=CC=C1)N(C1CCCCC1)P(C1=CC=CC=C1)C1=CC=CC=C1,38000,,,92.4,91.476,0.4,,99,,,,50,30bar,300,Cr(AcAc)3,1.3,,1000,AlEt3,25,60,0.1,10.1002/cctc.201300324
5,,CCO[Si](CCCNP(C1=CC=CC=C1)N(C(C)C)P(C1=CC=CC=C1)C1=CC=CC=C1)(OCC)OCC,42100,,,87.3,86.3397,0.8,,98.9,,,,50,30bar,300,Cr(AcAc)3,1.3,,1000,AlEt3,25,60,0.1,10.1002/cctc.201300324
6,,CCCCCCN(P(NC(C)C)C1=CC=CC=C1)P(C1=CC=CC=C1)C1=CC=CC=C1,21700,,,86.8,85.6716,1.8,,98.7,,,,50,30bar,300,Cr(AcAc)3,1.3,,1000,AlEt3,25,60,0.4,10.1002/cctc.201300324
7,,CC(C)NP(C1=CC=CC=C1)N(C(C)C)P1OCCO1,3100,,,88.3,85.4744,2.7,,96.8,,,,50,30bar,1000,Cr(AcAc)3,1.3,,1000,AlEt3,25,60,4.5,10.1002/cctc.201300324
8,,CCNP(C1=CC=CC=C1)N(C(C)C)P(C1=CC=CC=C1)C1=CC=CC=C1,36200,,,86.8,85.7584,0.9,,98.8,,,,50,30bar,300,Cr(AcAc)3,1.3,,1000,AlEt3,25,60,0.2,10.1002/cctc.201300324
9,,CC(C)NP(C)N(C(C)C)P(C1=CC=CC=C1)C1=CC=CC=C1,14200,,,88.6,86.6508,1.4,,97.8,,,,50,30bar,1000,Cr(AcAc)3,1.3,,1000,AlEt3,25,60,0.6,10.1002/cctc.201300324
10,,CC(C)NP(C1=CC=CC=C1)N(C(C)C)P(C1CCCC1)C1CCCC1,3200,,,62.3,59.4342,13.1,,95.4,,,,50,30bar,1000,Cr(AcAc)3,1.3,,1000,AlEt3,25,60,3.9,10.1002/cctc.201300324
11,,CNP(C1=CC=CC=C1)N(C(C)C)P(C1=CC=CC=C1)C1=CC=CC=C1,34100,,,85.9,84.7833,1.1,,98.7,,,,50,30bar,300,Cr(AcAc)3,1.3,,1000,AlEt3,25,60,0.3,10.1002/cctc.201300324
1,,CC1=CC=CC(C)=C1/N=C(\CP(C1=CC=CC=C1)C1=CC=CC=C1)C1=CC=CC=C1,15000,,,,17.2,,33.5,26.4,95.9,,,60,40bar,2,CrCl3(THF)3,1,methylcyclohexane,30,MMAO-3A,800,30,29.7,10.1021/acsomega.3c03356
2,,CC1=CC(C)=C(/N=C(\CP(C(C)C)C(C)C)C2=CC=CC=C2)C(C)=C1,48000,,,,89.7,,3.4,97.6,88,,,60,40bar,2,CrCl3(THF)3,1,methylcyclohexane,30,MMAO-3A,800,30,8.5,10.1021/acsomega.3c03356
3,,CC1=CC=CC=C1/N=C(\CP(C1CCCCC1)C1CCCCC1)C1=CC=CC=C1,243000,,,,74.5,,10.3,85.4,95.8,,,60,40bar,2,CrCl3(THF)3,1,methylcyclohexane,30,MMAO-3A,800,30,1.3,10.1021/acsomega.3c03356
3,,CC1=CC=CC=C1/N=C(\CP(C1CCCCC1)C1CCCCC1)C1=CC=CC=C1,243000,,,,74.5,,10.3,85.4,95.8,,,60,40bar,2,CrCl3(THF)3,1,methylcyclohexane,30,MMAO-3A,800,30,1.3,10.1021/acsomega.3c03356
,,CC1=CC=CC=C1/N=C(\CP(C1CCCCC1)C1CCCCC1)C1=CC=CC=C1,287000,,,,79.3,,7.4,87.7,98.1,,,60,40bar,2,CrCl3(THF)3,1,methylcyclohexane,30,MMAO-3A,1000,30,1.4,10.1021/acsomega.3c03356
,,CC1=CC=CC=C1/N=C(\CP(C1CCCCC1)C1CCCCC1)C1=CC=CC=C1,215000,,,,74.3,,10.9,85.5,93.9,,,60,40bar,2,CrCl3(THF)3,1,methylcyclohexane,30,MMAO-3A,600,30,1.1,10.1021/acsomega.3c03356
,,CC1=CC=CC=C1/N=C(\CP(C1CCCCC1)C1CCCCC1)C1=CC=CC=C1,167000,,,,59.1,,14.6,69.7,93.4,,,40,40bar,2,CrCl3(THF)3,1,methylcyclohexane,30,MMAO-3A,800,30,1.5,10.1021/acsomega.3c03356
,,CC1=CC=CC=C1/N=C(\CP(C1CCCCC1)C1CCCCC1)C1=CC=CC=C1,196000,,,,80.7,,6.1,88.7,97,,,80,40bar,2,CrCl3(THF)3,1,methylcyclohexane,30,MMAO-3A,800,30,2.7,10.1021/acsomega.3c03356
,,CC1=CC=CC=C1/N=C(\CP(C1CCCCC1)C1CCCCC1)C1=CC=CC=C1,139000,,,,72.8,,8.1,81.2,94.3,,,60,20bar,2,CrCl3(THF)3,1,methylcyclohexane,30,MMAO-3A,800,30,1.5,10.1021/acsomega.3c03356
,,CC1=CC=CC=C1/N=C(\CP(C1CCCCC1)C1CCCCC1)C1=CC=CC=C1,84000,,,,72.6,,3.6,77.7,87,,,60,10bar,2,CrCl3(THF)3,1,methylcyclohexane,30,MMAO-3A,800,30,2.7,10.1021/acsomega.3c03356
4,,CC1=CC(C)=C(/N=C(\CP(C2CCCCC2)C2CCCCC2)C2=CC=CC=C2)C(C)=C1,282000,,,,90.4,,2.1,95.1,96,,,60,40bar,2,CrCl3(THF)3,1,methylcyclohexane,30,MMAO-3A,800,30,1.2,10.1021/acsomega.3c03356
,,CC1=CC(C)=C(/N=C(\CP(C2CCCCC2)C2CCCCC2)C2=CC=CC=C2)C(C)=C1,325000,,,,90.7,,1.5,93.2,92.6,,,60,40bar,2,CrCl3(THF)3,1,methylcyclohexane,30,MMAO-3A,1000,30,0.8,10.1021/acsomega.3c03356
,,CC1=CC(C)=C(/N=C(\CP(C2CCCCC2)C2CCCCC2)C2=CC=CC=C2)C(C)=C1,256000,,,,92.5,,1.4,94.3,94.1,,,60,40bar,2,CrCl3(THF)3,1,methylcyclohexane,30,MMAO-3A,600,30,1.3,10.1021/acsomega.3c03356
,,CC1=CC(C)=C(/N=C(\CP(C2CCCCC2)C2CCCCC2)C2=CC=CC=C2)C(C)=C1,169000,,,,88.1,,2.3,95.5,93.5,,,40,40bar,2,CrCl3(THF)3,1,methylcyclohexane,30,MMAO-3A,800,30,4.1,10.1021/acsomega.3c03356
,,CC1=CC(C)=C(/N=C(\CP(C2CCCCC2)C2CCCCC2)C2=CC=CC=C2)C(C)=C1,272000,,,,92.3,,1,95.7,92.2,,,80,40bar,2,CrCl3(THF)3,1,methylcyclohexane,30,MMAO-3A,800,30,1.8,10.1021/acsomega.3c03356
,,CC1=CC(C)=C(/N=C(\CP(C2CCCCC2)C2CCCCC2)C2=CC=CC=C2)C(C)=C1,149000,,,,80.2,,1.2,84.1,80.6,,,60,20bar,2,CrCl3(THF)3,1,methylcyclohexane,30,MMAO-3A,800,30,0.7,10.1021/acsomega.3c03356
,,CC1=CC(C)=C(/N=C(\CP(C2CCCCC2)C2CCCCC2)C2=CC=CC=C2)C(C)=C1,95000,,,,71.5,,0.5,74.7,55.7,,,60,10bar,2,CrCl3(THF)3,1,methylcyclohexane,30,MMAO-3A,800,30,2.1,10.1021/acsomega.3c03356
5,,CCC1=C(/N=C(\CP(C2CCCCC2)C2CCCCC2)C2=CC=CC=C2)C(C)=CC=C1,307000,,,,92.6,,1.3,96.1,93.6,,,60,40bar,2,CrCl3(THF)3,1,methylcyclohexane,30,MMAO-3A,800,30,1.1,10.1021/acsomega.3c03356
6,,CCC1=CC=CC(CC)=C1/N=C(\CP(C1CCCCC1)C1CCCCC1)C1=CC=CC=C1,181000,,,,90.6,,1.6,93.3,91.7,,,60,40bar,2,CrCl3(THF)3,1,methylcyclohexane,30,MMAO-3A,800,30,3.6,10.1021/acsomega.3c03356
,,CC(C)N(P(C1=CC=CC=C1)C1=CC=CC=C1)P(C1=CC=CC=C1)C1=CC=CC=C1,85000,,,21.4,16.4566,71.6,70.6692,76.9,98.7,87.1258,,60,40bar,5,Cr(CO)4,1,methylcyclohexane,90,AIEt3,400,30,1.2,10.1021/om0701975
,,CC(C)N(P(C1=CC=CC=C1)C1=CC=CC=C1)P(C1=CC=CC=C1)C1=CC=CC=C1,10600,,,24.8,20.7824,67.2,65.2512,83.8,97.1,86.0336,,60,40bar,5,Cr(CO)4,1,methylcyclohexane,90,AIEt3,50,30,1.8,10.1021/om0701975
,,CC(C)N(P(C1=CC=CC=C1)C1=CC=CC=C1)P(C1=CC=CC=C1)C1=CC=CC=C1,83900,,,20.4,15.7284,72.8,71.9264,77.1,98.8,87.6548,,60,40bar,5,Cr(CO)4,1,methylcyclohexane,90,AIEt3,100,30,0.2,10.1021/om0701975
,,CC(C)N(P(C1=CC=CC=C1)C1=CC=CC=C1)P(C1=CC=CC=C1)C1=CC=CC=C1,139800,,,21.4,16.8632,70.7,69.993,78.8,99,86.8562,,60,40bar,5,Cr(CO)4,1,methylcyclohexane,90,AIEt3,200,30,1.1,10.1021/om0701975
,,CC(C)N(P(C1=CC=CC=C1)C1=CC=CC=C1)P(C1=CC=CC=C1)C1=CC=CC=C1,126300,,,21.4,16.7134,72.4,71.676,78.1,99,88.3894,,60,40bar,5,Cr(CO)4,1,methylcyclohexane,90,AIEt,400,30,0.23,10.1021/om0701975
,,CC(C)N(P(C1=CC=CC=C1)C1=CC=CC=C1)P(C1=CC=CC=C1)C1=CC=CC=C1,28400,,,21.2,16.748,70.2,70.2,79,100,86.948,,60,40bar,5,Cr(CO)4,1,methylcyclohexane,90,iBu3Al,400,30,2.4,10.1021/om0701975
,,CC(C)N(P(C1=CC=CC=C1)C1=CC=CC=C1)P(C1=CC=CC=C1)C1=CC=CC=C1,67200,,,21.7,16.6005,72.7,71.973,76.5,99,88.5735,,60,40bar,5,Cr(CO)4,1,methylcyclohexane,90,iBu3Al,100,30,0.8,10.1021/om0701975
,,CCCCCCCCCCSCCSCCSCCCCCCCCCC,,6330,,71.8,71.3692,,,99.4,,,,80,40bar,10,CrCl3(THF)3,1,toluene,100,MMAO,300,30,1,10.1039/b716078j
,,CCCCCCCCCCSCCOCCSCCCCCCCCCC,,4590,,-,,,,-,,,,80,40bar,30,CrCl3(THF)3,1,methylcyclohexane,80,MMAO,300,30,-,10.1039/b716078j
,,CCCCSCC(C)(CSCCCC)CSCCCC,,62178,,-,,,,-,,,,80,40bar,30,CrCl3(THF)3,1,methylcyclohexane,80,MMAO,300,30,-,10.1039/b716078j
,,CCCCCCCCCCSCC(C)(CSCCCCCCCCCC)CSCCCCCCCCCC,,17654,,-,,,,-,,,,80,40bar,30,CrCl3(THF)3,1,methylcyclohexane,80,MMAO,300,30,-,10.1039/b716078j
,,CCCCCCCCCCN1CCNCCNCC1,,11608,,15.7,14.5696,,,92.8,,,,90,40bar,10,CrCl3(THF)3,1,toluene,100,MMAO,300,30,8.4,10.1039/b716078j
,,CCCCCCCCCCN1CCN(CCCCCCCCCC)CCN(CCCCCCCCCC)CC1,,6336,,14.9,13.3504,,,89.6,,,,90,40bar,10,CrCl3(THF)3,1,toluene,100,MMAO,300,30,10.6,10.1039/b716078j
a,,[H]N1C=CC=C1/C=N/CCNC1=CC=CC=C1,,,47000h-1,16.2,14.4018,4.6,3.3994,88.9,73.9,17.8012,,80,20bar,10,CrCl3(THF)3,1,toluene,40,MAO,300,15,4.4,10.1039/c5dt02025e
a,,[H]N1C=CC=C1/C=N/CCNC1=CC=CC=C1,,,75700h-1,20.1,19.5372,4.7,4.4415,97.2,94.5,23.9787,,80,20bar,10,CrCl3(THF)3,1,toluene,40,MAO,500,15,2.4,10.1039/c5dt02025e
a,,[H]N1C=CC=C1/C=N/CCNC1=CC=CC=C1,,,62500h-1,18.2,17.8724,17.7,16.0893,98.2,90.9,33.9617,,80,20bar,10,CrCl3(THF)3,1,toluene,40,MAO,1000,15,19.4,10.1039/c5dt02025e
a,,[H]N1C=CC=C1/C=N/CCNC1=CC=CC=C1,,,7100h-1,25.7,22.8473,9.7,7.2847,88.9,75.1,30.132,,100,20bar,10,CrCl3(THF)3,1,toluene,40,MAO,300,15,20.6,10.1039/c5dt02025e
a,,[H]N1C=CC=C1/C=N/CCNC1=CC=CC=C1,,,25000h-1,17,14.756,5.1,3.825,86.8,75,18.581,,80,20bar,10,CrCl3(THF)3,1,toluene,40,MAO,300,30,8.3,10.1039/c5dt02025e
a,,[H]N1C=CC=C1/C=N/CCNC1=CC=CC=C1,,,17300h-1,15.9,13.1334,5.7,4.2009,82.6,73.7,17.3343,,80,20bar,10,CrCl3(THF)3,1,toluene,40,MAO,300,45,10.5,10.1039/c5dt02025e
a,,[H]N1C=CC=C1/C=N/CCNC1=CC=CC=C1,,,-,-,-,-,-,-,-,-,,80,20bar,10,CrCl3(THF)3,1,toluene,40,TMA-depleted methylaluminoxane,1000,15,100,10.1039/c5dt02025e
b,,[H]N1C(/C=N/CCNC2=CC=CC=C2)=CC=C1C(C)(C)C,,,3300h-1,22.3,17.394,19.4,12.028,78,62,29.422,,80,20bar,10,CrCl3(THF)3,1,toluene,40,MAO,300,15,73,10.1039/c5dt02025e
b,,[H]N1C(/C=N/CCNC2=CC=CC=C2)=CC=C1C(C)(C)C,,,73500h-1,22.4,19.1968,5.6,5.0792,85.7,90.7,24.276,,80,20bar,10,CrCl3(THF)3,1,toluene,40,MAO,500,15,2.4,10.1039/c5dt02025e
b,,[H]N1C(/C=N/CCNC2=CC=CC=C2)=CC=C1C(C)(C)C,,,43500h-1,17.6,17.0544,17.5,15.47,96.9,88.4,32.5244,,80,20bar,10,CrCl3(THF)3,1,toluene,40,MAO,1000,15,23.8,10.1039/c5dt02025e
c,,[H]N1C=CC=C1/C=N/CCOC1=CC=CC=C1,,,57000h-1,16.7,16.1656,5.4,4.158,96.8,77,20.3236,,80,20bar,10,CrCl3(THF)3,1,toluene,40,MAO,300,15,7,10.1039/c5dt02025e
,,[H]N1C=CC=C1/C=N/CCOC1=CC=CC=C1,,,,,,,,,,,,,,,,,,,"catalyst 
precursor",,,,10.1002/cctc.201900898
,,CC(C)N(P(C1=CC=CC=C1)C1=CC=CC=C1)P(C1=CC=CC=C1)C1=CC=CC=C1,26000,,,,10.5,,68,,,,,45,45bar,0.2,CrCl3(THF)3,1,methylcyclohexane,20,TEA,20,30,1.3,10.1002/cctc.201900898
,,CCCCCCCCCCCCCCCCCC(CCCCCCCCCCCCCCCCC)N(P(C1=CC=CC=C1)C1=CC=CC=C1)P(C1=CC=CC=C1)C1=CC=CCC1,84000,,,,14.3,,70.3,,,,,45,45bar,0.2,CrCl3(THF)3,1,methylcyclohexane,20,TEA,20,30,1,10.1002/cctc.201900898
,,CCCC[Si](CCCC)(CCCC)C1=CC=C(P(C2=CC=C([Si](CCCC)(CCCC)CCCC)C=C2)N(C(C)C)P(C2=CC=C([Si](CCCC)(CCCC)CCCC)C=C2)C2=CC=C([Si](CCCC)(CCCC)CCCC)C=C2)C=C1,6310000,,,,34.5,,45.1,,,,,24-98,45bar,0.2,CrCl3(THF)3,1,methylcyclohexane,20,[CrCl2(NCCH3)4] +[B(C6F5)4]–,20,15,0.03,10.1002/cctc.201900898
,,CCCC[Si](CCCC)(CCCC)C1=CC=C(P(C2=CC=C([Si](CCCC)(CCCC)CCCC)C=C2)N(C(C)C)P(C2=CC=C([Si](CCCC)(CCCC)CCCC)C=C2)C2=CC=C([Si](CCCC)(CCCC)CCCC)C=C2)C=C1,5400000,,,,32.4,,49.5,,,,,24-90,45bar,0.2,CrCl3(THF)3,1,methylcyclohexane,20,[CrCl2(NCCH3)4] +[B(C6F5)4]–,20,15,0.04,10.1002/cctc.201900898
,,CCCC[Si](CCCC)(CCCC)C1=CC=C(P(C2=CC=C([Si](CCCC)(CCCC)CCCC)C=C2)N(C(C)C)P(C2=CC=C([Si](CCCC)(CCCC)CCCC)C=C2)C2=CC=C([Si](CCCC)(CCCC)CCCC)C=C2)C=C1,4420000,,,,25.7,,52.8,,,,,28-75,45bar,0.2,CrCl3(THF)3,1,methylcyclohexane,20,[CrCl2(NCCH3)4] +[B(C6F5)4]–,20,30,0.03,10.1002/cctc.201900898
,,CCCC[Si](CCCC)(CCCC)C1=CC=C(P(C2=CC=C([Si](CCCC)(CCCC)CCCC)C=C2)N(C(C)C)P(C2=CC=C([Si](CCCC)(CCCC)CCCC)C=C2)C2=CC=C([Si](CCCC)(CCCC)CCCC)C=C2)C=C1,3640000,,,,15.9,,67,,,,,26-60,45bar,0.2,CrCl3(THF)3,1,methylcyclohexane,20,[CrCl2(NCCH3)4] +[B(C6F5)4]–,20,30,0.03,10.1002/cctc.201900898
,,CC(C)N(P(C1=CC=C([Si](C(C)C)(C(C)C)C(C)C)C=C1)C1=CC=C([Si](C(C)C)(C(C)C)C(C)C)C=C1)P(C1=CC=C([Si](C(C)C)(C(C)C)C(C)C)C=C1)C1=CC=C([Si](C(C)C)(C(C)C)C(C)C)C=C1,3020000,,,,27.2,,55.8,,,,,25-84,45bar,0.2,CrCl3(THF)3,1,methylcyclohexane,20,[CrCl2(NCCH3)4] +[B(C6F5)4]–,20,30,0.05,10.1002/cctc.201900898
,,CC[Si](CC)(CC)C1=CC=C(P(C2=CC=C([Si](CC)(CC)CC)C=C2)N(C(C)C)P(C2=CC=C([Si](CC)(CC)CC)C=C2)C2=CC=C([Si](CC)(CC)CC)C=C2)C=C1,2760000,,,,25.6,,58.1,,,,,25-85,45bar,0.2,CrCl3(THF)3,1,methylcyclohexane,20,[CrCl2(NCCH3)4] +[B(C6F5)4]–,20,30,0.18,10.1002/cctc.201900898
,,CC[Si](C)(C)C1=CC=C(P(C2=CC=C([Si](C)(C)C)C=C2)N(C(C)C)P(C2=CC=C([Si](C)(C)C)C=C2)C2=CC=C([Si](C)(C)C)C=C2)C=C1,negligible,,,,,,,,,,,25-35,45bar,0.2,CrCl3(THF)3,1,methylcyclohexane,20,[CrCl2(NCCH3)4] +[B(C6F5)4]–,20,30,,10.1002/cctc.201900898
,,CC[Si](CC)(C1=CC=C(P(C2=CC=C([Si](C)(C)C(C)C)C=C2)N(C(C)C)P(C2=CC=C([Si](CC)(CC)C(C)C)C=C2)C2=CC=C([Si](CC)(CC)C(C)C)C=C2)C=C1)C(C)C,3260000,,,,28.6,,53.8,,,,,22-89,45bar,0.2,CrCl3(THF)3,1,methylcyclohexane,20,[CrCl2(NCCH3)4] +[B(C6F5)4]–,20,30,0.02,10.1002/cctc.201900898
,,CC(C)N(P(C1=CC=C([Si](C)(C)C(C)C)C=C1)C1=CC=C([Si](C)(C)C(C)C)C=C1)P(C1=CC=C([Si](C)(C)C(C)C)C=C1)C1=CC=C([Si](C)(C)C(C)C)C=C1,2430000,,,,21.8,,63,,,,,25-79,45bar,0.2,CrCl3(THF)3,1,methylcyclohexane,20,[CrCl2(NCCH3)4] +[B(C6F5)4]–,20,30,0.01,10.1002/cctc.201900898
,,CCCCCCCC[Si](C)(C)C1=CC=C(P(C2=CC=C([Si](C)(C)CCCCCCCC)C=C2)N(C(C)C)P(C2=CC=C([Si](C)(C)CCCCCCCC)C=C2)C2=CC=C([Si](C)(C)CCCCCCCC)C=C2)C=C1,2890000,,,,25.3,,55.5,,,,,24-82,45bar,0.2,CrCl3(THF)3,1,methylcyclohexane,20,[CrCl2(NCCH3)4] +[B(C6F5)4]–,20,30,0.06,10.1002/cctc.201900898
,,CN(CCN(C)P(C1=CC=CC=C1)C1=CC=CC=C1)P(C1=CC=CC=C1)C1=CC=CC=C1,75.2,,,,32.1mo1%,,65.6mo1%,,,,,80,10bar,10,CrCl3(THF)3,2,methylcyclohexane,50,DMAO,500,30,52.5,10.1007/s13233-018-6044-9
,,COC1=CC=C(P(C2=CC=C(OC)C=C2)N(C)CCN(C)P(C2=CC=C(OC)C=C2)C2=CC=C(OC)C=C2)C=C1,87.6,,,,66.8mo1%,,27.9mo1%,,,,,80,10bar,10,CrCl3(THF)3,2,methylcyclohexane,50,DMAO,500,30,60.1,10.1007/s13233-018-6044-9
,,CCN(CCCN(CC)P(C1=CC=CC=C1)C1=CC=CC=C1)P(C1=CC=CC=C1)C1=CC=CC=C1,122.6,,,,28mo1%,,72mo1%,,,,,80,10bar,10,CrCl3(THF)3,2,methylcyclohexane,50,DMAO,500,30,41.3,10.1007/s13233-018-6044-9
,,CCN(CCCN(CC)P(C1=CC=CC=C1)C1=CC=CC=C1)P(C1=CC=CC=C1)C1=CC=CC=C1,114.8,,,,34.5mo1%,,64.7mo1%,,,,,80,10bar,10,CrCl3(THF)3,1,methylcyclohexane,50,DMAO,500,30,39.5,10.1007/s13233-018-6044-9
,,CCN(CCCN(CC)P(C1=CC=CC=C1OC)C1=C(OC)C=CC=C1)P(C1=CC=CC=C1OC)C1=C(OC)C=CC=C1,20,,,,69.3mo1%,,30.7mo1%,,,,,80,10bar,10,CrCl3(THF)3,1,methylcyclohexane,50,DMAO,500,30,66.2,10.1007/s13233-018-6044-9
,,CCN(CCCN(CC)P(C1=CC=C(OC)C=C1)C1=CC=C(OC)C=C1)P(C1=CC=C(OC)C=C1)C1=CC=C(OC)C=C1,71.3,,,,64.3mo1%,,35.7mo1%,,,,,80,10bar,10,CrCl3(THF)3,1,methylcyclohexane,50,DMAO,500,30,62.9,10.1007/s13233-018-6044-9
,,CCN(CCCN(CC)P(C1=CC=C(OC)C=C1)C1=CC=C(OC)C=C1)P(C1=CC=C(OC)C=C1)C1=CC=C(OC)C=C1,,,,,,,,,,,,,,,,,,,,,,,10.1016/j.apcata.2017.07.021
,,CCO[Si](CCCN(P(C1=CC=CC=C1)C1=CC=CC=C1)P(C1=CC=CC=C1)C1=CC=CC=C1)(OCC)OCC,5900000,,,15.98,,55.02,,41.52,95.1,,,35,4.0 MPa,4.8,CrCl3(THF)3,1,Cyclohexane,,MAO,400,30,,10.1016/j.apcata.2017.07.021
,,CCO[Si](CCCN(P(C1=CC=CC=C1)C1=CC=CC=C1)P(C1=CC=CC=C1)C1=CC=CC=C1)(OCC)OCC,5130000,,,21.76,,69.41,,58,96.46,,,35,4.0 MPa,4.8,CrCl3(THF)3,1,Cyclohexane,,MAO,400,30,,10.1016/j.apcata.2017.07.021
,,CCO[Si](CCCN(P(C1=CC=CC=C1)C1=CC=CC=C1)P(C1=CC=CC=C1)C1=CC=CC=C1)(OCC)OCC,18000,,,22.06,,-,,100,-,,,35,1.0 MPa,4.8,CrCl3(THF)3,1,Cyclohexane,,TEA,400,30,,10.1016/j.apcata.2017.07.021
,,CCO[Si](CCCN(P(C1=CC=CC=C1)C1=CC=CC=C1)P(C1=CC=CC=C1)C1=CC=CC=C1)(OCC)OCC,16000,,,56.62,,1.74,,93.74,98.32,,,35,1.0 MPa,4.8,CrCl3(THF)3,1,Cyclohexane,,TEA,400,30,,10.1016/j.apcata.2017.07.021
,,CCO[Si](CCCN(P(C1=CC=CC=C1)C1=CC=CC=C1)P(C1=CC=CC=C1)C1=CC=CC=C1)(OCC)OCC,133000,,,8.4,,1.01,,48.46,100,,,35,1.0 MPa,4.8,CrCl3(THF)3,1,Cyclohexane,,TIBA,400,30,,10.1016/j.apcata.2017.07.021
,,CCO[Si](CCCN(P(C1=CC=CC=C1)C1=CC=CC=C1)P(C1=CC=CC=C1)C1=CC=CC=C1)(OCC)OCC,165000,,,53.98,,7.25,,72.08,98.76,,,35,1.0 MPa,4.8,CrCl3(THF)3,1,Cyclohexane,,TIBA,400,30,,10.1016/j.apcata.2017.07.021
,,CCO[Si](CCCN(P(C1=CC=CC=C1)C1=CC=CC=C1)P(C1=CC=CC=C1)C1=CC=CC=C1)(OCC)OCC,190000,,,28.34,,26.37,,69.84,78.34,,,35,2.0 MPa,4.8,CrCl3(THF)3,,Cyclohexane,,MAO,400,30,,10.1016/j.apcata.2017.07.021
,,CCO[Si](CCCN(P(C1=CC=CC=C1)C1=CC=CC=C1)P(C1=CC=CC=C1)C1=CC=CC=C1)(OCC)OCC,182000,,,28.94,,31.29,,68.32,72.34,,,35,2.0 MPa,4.8,CrCl3(THF)3,,Cyclohexane,,MAO,400,30,,10.1016/j.apcata.2017.07.021
,,CCO[Si](CCCN(P(C1=CC=CC=C1)C1=CC=CC=C1)P(C1=CC=CC=C1)C1=CC=CC=C1)(OCC)OCC,385000,,,49.03,,36.26,,86.49,82.47,,,35,2.0 MPa,4.8,CrCl3(THF)3,,Cyclohexane,,TEA,400,30,,10.1016/j.apcata.2017.07.021
,,CCO[Si](CCCN(P(C1=CC=CC=C1)C1=CC=CC=C1)P(C1=CC=CC=C1)C1=CC=CC=C1)(OCC)OCC,476000,,,75,,16.43,,97.65,89.36,,,35,2.0 MPa,4.8,CrCl3(THF)3,,Cyclohexane,,TIBA,400,30,,10.1016/j.apcata.2017.07.021
,,CCO[Si](CCCN(P(C1=CC=CC=C1)C1=CC=CC=C1)P(C1=CC=CC=C1)C1=CC=CC=C1)(OCC)OCC,450000,,,39.49,,16.09,,97.23,95.67,,,35,2.0 MPa,4.8,CrCl3(THF)3,,Cyclohexane,,TIBA,400,30,,10.1016/j.apcata.2017.07.021
,,CCO[Si](CCCN(P(C1=CC=CC=C1)C1=CC=CC=C1)P(C1=CC=CC=C1)C1=CC=CC=C1)(OCC)OCC,251000,,,82.34,,3.6,,64.3,60.57,,,35,1.0 MPa,4.8,CrCl3(THF)3,,Cyclohexane,,TIBA,400,30,,10.1016/j.apcata.2017.07.021
,,CCO[Si](CCCN(P(C1=CC=CC=C1)C1=CC=CC=C1)P(C1=CC=CC=C1)C1=CC=CC=C1)(OCC)OCC,170000,,,54.01,,16,,54.03,71.88,,,35,1.0 MPa,4.8,CrCl3(THF)3,,Cyclohexane,,TIBA,400,30,,10.1016/j.apcata.2017.07.021
,,CCO[Si](CCCN(P(C1=CC=CC=C1)C1=CC=CC=C1)P(C1=CC=CC=C1)C1=CC=CC=C1)(OCC)OCC,976000,,,80.83,,11.81,,99.26,96.26,,,45,4.0 MPa,2.4,CrCl3(THF)3,,Cyclohexane,,TIBA,400,30,,10.1016/j.apcata.2017.07.021
,,CCO[Si](CCCN(P(C1=CC=CC=C1)C1=CC=CC=C1)P(C1=CC=CC=C1)C1=CC=CC=C1)(OCC)OCC,430000,,,67.08,,18.63,,88.64,70.62,,,55,4.0 MPa,2.4,CrCl3(THF)3,,Cyclohexane,,TIBA,400,30,,10.1016/j.apcata.2017.07.021
,,CCO[Si](CCCN(P(C1=CC=CC=C1)C1=CC=CC=C1)P(C1=CC=CC=C1)C1=CC=CC=C1)(OCC)OCC,264000,,,53.64,,20.16,,92.65,82.26,,,65,4.0 MPa,2.4,CrCl3(THF)3,,Cyclohexane,,TIBA,400,30,,10.1016/j.apcata.2017.07.021
,,CCO[Si](CCCN(P(C1=CC=CC=C1)C1=CC=CC=C1)P(C1=CC=CC=C1)C1=CC=CC=C1)(OCC)OCC,452000,,,76.34,,10.64,,85.63,76.34,,,35,3MPa,2.4,CrCl3(THF)3,,Cyclohexane,,TIBA,400,30,,10.1016/j.apcata.2017.07.021
,,CCO[Si](CCCN(P(C1=CC=CC=C1)C1=CC=CC=C1)P(C1=CC=CC=C1)C1=CC=CC=C1)(OCC)OCC,423000,,,79.82,,8.34,,73.68,66.89,,,35,2.0 MPa,2.4,CrCl3(THF)3,,Cyclohexane,,TIBA,400,30,,10.1016/j.apcata.2017.07.021
,,CCO[Si](CCCN(P(C1=CC=CC=C1)C1=CC=CC=C1)P(C1=CC=CC=C1)C1=CC=CC=C1)(OCC)OCC,419000,,,52.13,,14.76,,92.34,90.26,,,35,4.0 MPa,2.4,CrCl3(THF)3,,Cyclohexane,,TIBA,500,30,,10.1016/j.apcata.2017.07.021
,,CCO[Si](CCCN(P(C1=CC=CC=C1)C1=CC=CC=C1)P(C1=CC=CC=C1)C1=CC=CC=C1)(OCC)OCC,426000,,,53.12,,27.03,,98.14,98.32,,,35,4.0 MPa,2.4,CrCl3(THF)3,,Cyclohexane,,TIBA,300,30,,10.1016/j.apcata.2017.07.021
,,CCO[Si](CCCN(P(C1=CC=CC=C1)C1=CC=CC=C1)P(C1=CC=CC=C1)C1=CC=CC=C1)(OCC)OCC,302000,,,65.34,,22.77,,35.67,72.87,,,35,4.0 MPa,2.4,CrCl3(THF)3,,Cyclohexane,,TIBA,200,30,,10.1016/j.apcata.2017.07.021
,,CCO[Si](CCCN(P(C1=CC=CC=C1)C1=CC=CC=C1)P(C1=CC=CC=C1)C1=CC=CC=C1)(OCC)OCC,210000,,,67.89,,16.34,,40.21,78.67,,,35,4.0 MPa,2.4,CrCl3(THF)3,,Cyclohexane,,TIBA,100,30,,10.1016/j.apcata.2017.07.021
,,CC(C)N(P(C1=CC=CC=C1)C1=CC=CC=C1)P(C1=CC=CC=C1)C1=CC=CC=C1,1400,,,,17.9,,29.6,,,,,50,30bar,1000,CrCl3(THF)3,0.25,toluene,1000,MAO,150,120,,10.1016/j.molcata.2008.09.026
,,CC(C)N(P(C1=CC=CC=C1)C1=CC=CC=C1)P(C1=CC=CC=C1)C1=CC=CC=C1,3100,,,,17.1,,24.2,,,,,50,30bar,1000,CrCl3(THF)3,0.5,toluene,1000,MAO,150,120,,10.1016/j.molcata.2008.09.026
,,CC(C)N(P(C1=CC=CC=C1)C1=CC=CC=C1)P(C1=CC=CC=C1)C1=CC=CC=C1,1400,,,,18.7,,61.7,,,,,50,30bar,1000,CrCl3(THF)3,0.75,toluene,1000,MAO,150,120,,10.1016/j.molcata.2008.09.026
,,CC(C)N(P(C1=CC=CC=C1)C1=CC=CC=C1)P(C1=CC=CC=C1)C1=CC=CC=C1,1900,,,,25.2,,62.5,,,,,50,30bar,1000,CrCl3(THF)3,1,toluene,1000,MAO,150,60,,10.1016/j.molcata.2008.09.026
,,CC(C)N(P(C1=CC=CC=C1)C1=CC=CC=C1)P(C1=CC=CC=C1)C1=CC=CC=C1,1300,,,,21.2,,61.6,,,,,50,30bar,1000,CrCl3(THF)3,2,toluene,1000,MAO,150,60,,10.1016/j.molcata.2008.09.026
6,,NCCP(C1=CC=CC=C1)C1=CC=CC=C1,196400,,,26.5,26.5,30.7,30.7,100,100,57.2,,50,30bar,10,CrCl3(THF)3,1,toluene,180,MAO,700,47,4.9,10.1021/acsomega.3c02083
7,,NCCCP(C1=CC=CC=C1)C1=CC=CC=C1,215600,,,29.8,28.0418,59.2,59.2,94.1,100,87.2418,,50,30bar,10,CrCl3(THF)3,1,toluene,180,MAO,700,47,0.8,10.1021/acsomega.3c02083
7,,NCCCP(C1=CC=CC=C1)C1=CC=CC=C1,215600,,,29.8,28.0418,59.2,59.2,94.1,100,87.2418,,50,30bar,10,CrCl3(THF)3,1,toluene,180,MAO,700,47,0.8,10.1021/acsomega.3c02083
,,NCCCP(C1=CC=CC=C1)C1=CC=CC=C1,238700,,,29.5,27.671,59.8,59.8,93.8,100,87.471,,50,35bar,10,CrCl3(THF)3,1,toluene,180,MAO,700,47,0.9,10.1021/acsomega.3c02083
,,NCCCP(C1=CC=CC=C1)C1=CC=CC=C1,354200,,,28.8,26.928,62.3,62.3,93.5,100,89.228,,50,40bar,10,CrCl3(THF)3,1,toluene,180,MAO,700,47,0.8,10.1021/acsomega.3c02083
,,NCCCP(C1=CC=CC=C1)C1=CC=CC=C1,392500,,,27.3,25.4436,64.2,64.2,93.2,100,89.6436,,50,45bar,10,CrCl3(THF)3,1,toluene,180,MAO,700,47,0.5,10.1021/acsomega.3c02083
,,NCCCP(C1=CC=CC=C1)C1=CC=CC=C1,368600,,,23.1,21.0903,67.8,67.8,91.3,100,88.8903,,40,45bar,10,CrCl3(THF)3,1,toluene,180,MAO,700,47,0.3,10.1021/acsomega.3c02083
,,NCCCP(C1=CC=CC=C1)C1=CC=CC=C1,435200,,,25.3,23.4784,67.5,67.5,92.8,100,90.9784,,45,45bar,10,CrCl3(THF)3,1,toluene,180,MAO,700,47,0.2,10.1021/acsomega.3c02083
,,NCCCP(C1=CC=CC=C1)C1=CC=CC=C1,375600,,,30.5,28.7005,60.5,60.5,94.1,100,89.2005,,55,45bar,10,CrCl3(THF)3,1,toluene,180,MAO,700,47,1.1,10.1021/acsomega.3c02083
,,NCCCP(C1=CC=CC=C1)C1=CC=CC=C1,326800,,,34.8,32.9904,55.3,55.3,94.8,100,88.2904,,60,45bar,10,CrCl3(THF)3,1,toluene,180,MAO,700,47,1,10.1021/acsomega.3c02083
,,NCCCP(C1=CC=CC=C1)C1=CC=CC=C1,418500,,,25.8,24.123,66.7,66.7,93.5,100,90.823,,45,45bar,10,CrCl3(THF)3,1,toluene,180,MAO,700,47,0.8,10.1021/acsomega.3c02083
,,NCCCP(C1=CC=CC=C1)C1=CC=CC=C1,458200,,,24.5,22.834,68.1,68.1,93.2,100,90.934,,45,45bar,10,CrCl3(THF)3,1,toluene,180,MAO,700,47,0.1,10.1021/acsomega.3c02083
,,NCCCP(C1=CC=CC=C1)C1=CC=CC=C1,225800,,,24,22.416,68.7,68.7,93.4,100,91.116,,45,45bar,10,CrCl3(THF)3,1,toluene,180,MAO,700,47,2.6,10.1021/acsomega.3c02083
(混合物),,NCCCP(C1=CC=CC=C1)C1=CC=CC=C1,186500,,,22.9,21.1367,65.2,65.2,92.3,100,86.3367,,45,45bar,10,Cr(AcAc)3,1.2,toluene,180,MAO,700,47,2.3,10.1021/acsomega.3c02083
(混合物),,NCCCP(C1=CC=CC=C1)C1=CC=CC=C1,147300,,,23.7,21.7566,63.8,63.8,91.8,100,85.5566,,45,45bar,10,CrCl3(THF)3,1.2,toluene,180,MAO,700,47,3.6,10.1021/acsomega.3c02083
,,NCCCP(C1=CC=CC=C1)C1=CC=CC=C1,269500,,,24.9,22.9827,67.2,67.2,92.3,100,90.1827,,45,45bar,10,CrCl3(THF)3,1,Cyclohexane,180,MAO,700,47,0.9,10.1021/acsomega.3c02083
,,NCCCP(C1=CC=CC=C1)C1=CC=CC=C1,175900,,,23.8,22.1578,67.8,67.8,93.1,100,89.9578,,45,45bar,10,CrCl3(THF)3,1,ethylbenzene,180,MAO,700,47,1.2,10.1021/acsomega.3c02083
8,,NCC1=CC=CC=C1P(C1=CC=CC=C1)C1=CC=CC=C1,226300,,,35.2,33.088,52.4,52.4,94,100,85.488,,50,30bar,10,CrCl3(THF)3,1,toluene,180,MAO,700,47,1.2,10.1021/acsomega.3c02083
9,,C1=CC=C(P(CCC/N=C/C2=CC=CN2)C2=CC=CC=C2)C=C1,86800,,,0,0,0,0,0,0,0,,50,30bar,10,CrCl3(THF)3,1,toluene,180,MAO,700,47,100,10.1021/acsomega.3c02083
10,,C1=CC=C(P(C2=CC=CC=C2)C2=CC=CC=C2C/N=C/C2=CC=CN2)C=C1,98500,,,0,0,0,0,0,0,0,,50,30bar,10,CrCl3(THF)3,1,toluene,180,MAO,700,47,100,10.1021/acsomega.3c02083
,,C1=CC=C(P(C2=CC=CC=C2)C2=CC=CC=C2C/N=C/C2=CC=CN2)C=C1,,,,,,,,,,,,,,,,,,,"catalyst 
precursor",,,,10.1021/acsomega.6b00506
1,,CC(C)N(P(C1=CC=CC=C1)C1=CC=CC=C1)P(C1=CC=CC=C1)C1=CC=CC=C1,155000,,,,41.6,,43.7,,,,,75,30bar,1.5,CrCl3(THF)3,1,C6H5Cl,20,[CrCl2]+[B(C6F5)4]-,300,30,2.2,10.1021/acsomega.6b00506
1,,CC(C)N(P(C1=CC=CC=C1)C1=CC=CC=C1)P(C1=CC=CC=C1)C1=CC=CC=C1,50000,,,,30.4,,61.3,,,,,75,30bar,1.5,CrCl3(THF)3,1,C6H5Cl,20,[CrCl2]+[B(C6F5)4]-,300,30,1.1,10.1021/acsomega.6b00506
1,,CC(C)N(P(C1=CC=CC=C1)C1=CC=CC=C1)P(C1=CC=CC=C1)C1=CC=CC=C1,74000,,,,30.7,,47.2,,,,,75,30bar,1.5,CrCl3(THF)3,1,C6H5Cl,20,[CrCl2]+[B(C6F5)4]-,300,30,11.7,10.1021/acsomega.6b00506
1,,CC(C)N(P(C1=CC=CC=C1)C1=CC=CC=C1)P(C1=CC=CC=C1)C1=CC=CC=C1,126000,,,,31.3,,45.8,,,,,75,30bar,1.5,CrCl3(THF)3,1,C6H5Cl,20,[CrCl2]+[B(C6F5)4]-,300,30,10.6,10.1021/acsomega.6b00506
1,,CC(C)N(P(C1=CC=CC=C1)C1=CC=CC=C1)P(C1=CC=CC=C1)C1=CC=CC=C1,288000,,,,44.3,,40.1,,,,,75,30bar,1.5,CrCl3(THF)3,1,C6H5Cl,20,[CrCl2]+[B(C6F5)4]-,300,30,0.7,10.1021/acsomega.6b00506
1,,CC(C)N(P(C1=CC=CC=C1)C1=CC=CC=C1)P(C1=CC=CC=C1)C1=CC=CC=C1,224000,,,,44.3,,40.6,,,,,75,30bar,1.5,CrCl3(THF)3,1,C6H5Cl,20,[CrCl2]+[B(C6F5)4]-,300,30,1.3,10.1021/acsomega.6b00506
1,,CC(C)N(P(C1=CC=CC=C1)C1=CC=CC=C1)P(C1=CC=CC=C1)C1=CC=CC=C1,221000,,,,37.5,,46.6,,,,,75,30bar,1.5,CrCl3(THF)3,1,C6H5Cl,20,[CrCl2]+[B(C6F5)4]-,300,30,1,10.1021/acsomega.6b00506
1,,CC(C)N(P(C1=CC=CC=C1)C1=CC=CC=C1)P(C1=CC=CC=C1)C1=CC=CC=C1,203000,,,,44.9,,39.6,,,,,75,30bar,1.5,CrCl3(THF)3,1,C6H5Cl,20,MMAO,300,30,1.2,10.1021/acsomega.6b00506
1,,CC(C)N(P(C1=CC=CC=C1)C1=CC=CC=C1)P(C1=CC=CC=C1)C1=CC=CC=C1,13000,,,,8.4,,53.5,,,,,45,45bar,1.5,CrCl3(THF)3,1,methylcyclohexane,20,[CrCl2]+[B(C6F5)4]-,300,30,3.7,10.1021/acsomega.6b00506
1,,CC(C)N(P(C1=CC=CC=C1)C1=CC=CC=C1)P(C1=CC=CC=C1)C1=CC=CC=C1,26000,,,,10.5,,68,,,,,45,45bar,1.5,CrCl3(THF)3,1,methylcyclohexane,20,[CrCl2]+[B(C6F5)4]-,300,30,1.3,10.1021/acsomega.6b00506
1,,CC(C)N(P(C1=CC=CC=C1)C1=CC=CC=C1)P(C1=CC=CC=C1)C1=CC=CC=C1,163000,,,,7.9,,72.7,,,,,45,45bar,1.5,Cr(AcAc)3,1,methylcyclohexane,20,MMAO,300,30,1.3,10.1021/acsomega.6b00506
1,,CC(C)N(P(C1=CC=CC=C1)C1=CC=CC=C1)P(C1=CC=CC=C1)C1=CC=CC=C1,257000,,,,10.1,,73.1,,,,,45,45bar,1.5,Cr(AcAc)3,1,Cyclohexane,20,MMAO,300,30,0.9,10.1021/acsomega.6b00506
2,,CCCCCCCCCCCCCCCCCC(CCCCCCCCCCCCCCCCC)N(P(C1=CC=CC=C1)C1=CC=CC=C1)P(C1=CC=CC=C1)C1=CC=CC=C1,140000,,,,50.2,,37.3,,,,,75,30bar,1.5,CrCl3(THF)3,1,C6H5Cl,20,[CrCl2]+[B(C6F5)4]-,300,30,1.6,10.1021/acsomega.6b00506
2,,CCCCCCCCCCCCCCCCCC(CCCCCCCCCCCCCCCCC)N(P(C1=CC=CC=C1)C1=CC=CC=C1)P(C1=CC=CC=C1)C1=CC=CC=C1,77000,,,,13.6,,71.3,,,,,45,45bar,1.5,CrCl3(THF)3,1,methylcyclohexane,20,[CrCl2]+[B(C6F5)4]-,300,30,1.4,10.1021/acsomega.6b00506
2,,CCCCCCCCCCCCCCCCCC(CCCCCCCCCCCCCCCCC)N(P(C1=CC=CC=C1)C1=CC=CC=C1)P(C1=CC=CC=C1)C1=CC=CC=C1,84000,,,,14.3,,70.3,,,,,45,45bar,1.5,CrCl3(THF)3,1,methylcyclohexane,20,[CrCl2]+[B(C6F5)4]-,300,30,1,10.1021/acsomega.6b00506
2,,CCCCCCCCCCCCCCCCCC(CCCCCCCCCCCCCCCCC)N(P(C1=CC=CC=C1)C1=CC=CC=C1)P(C1=CC=CC=C1)C1=CC=CC=C1,89000,,,,13.8,,70.9,,,,,45,45bar,1.5,CrCl3(THF)3,1,methylcyclohexane,20,[CrCl2]+[B(C6F5)4]-,300,90,0.4,10.1021/acsomega.6b00506
2,,CCCCCCCCCCCCCCCCCC(CCCCCCCCCCCCCCCCC)N(P(C1=CC=CC=C1)C1=CC=CC=C1)P(C1=CC=CC=C1)C1=CC=CC=C1,29000,,,,20.8,,44.5,,,,,45,45bar,1.5,[Cr(CH2C6H4NMe2)2]+,1,methylcyclohexane,20,[Cr(CH2C6H4NMe2)2]+[B(C6F5)4]-,300,30,8,10.1021/acsomega.6b00506
2,,CCCCCCCCCCCCCCCCCC(CCCCCCCCCCCCCCCCC)N(P(C1=CC=CC=C1)C1=CC=CC=C1)P(C1=CC=CC=C1)C1=CC=CC=C1,65000,,,,8.1,,58.4,,,,,45,45bar,1.5,CrCl3(THF)3,1,toluene,20,[CrCl2]+[B(C6F5)4]-,300,30,0.8,10.1021/acsomega.6b00506
2,,CCCCCCCCCCCCCCCCCC(CCCCCCCCCCCCCCCCC)N(P(C1=CC=CC=C1)C1=CC=CC=C1)P(C1=CC=CC=C1)C1=CC=CC=C1,168000,,,,15.2,,74.1,,,,,45,45bar,1.5,CrCl3(THF)3,1,Cyclohexane,20,[CrCl2]+[B(C6F5)4]-,300,30,0.3,10.1021/acsomega.6b00506
2,,CCCCCCCCCCCCCCCCCC(CCCCCCCCCCCCCCCCC)N(P(C1=CC=CC=C1)C1=CC=CC=C1)P(C1=CC=CC=C1)C1=CC=CC=C1,168000,,,,14.2,,71.7,,,,,45,45bar,1.5,CrCl3(THF)3,1,Cyclohexane,20,[CrCl2]+[B(C6F5)4]-,300,30,0.1,10.1021/acsomega.6b00506
2,,CCCCCCCCCCCCCCCCCC(CCCCCCCCCCCCCCCCC)N(P(C1=CC=CC=C1)C1=CC=CC=C1)P(C1=CC=CC=C1)C1=CC=CC=C1,160000,,,,14.2,,71.6,,,,,45,45bar,1.5,CrCl3(THF)3,1,Cyclohexane,20,[CrCl2]+[B(C6F5)4]-,300,60,0.3,10.1021/acsomega.6b00506
,,CC(C)N(P(C1=CC=CC=C1)C1=CC=CC=C1)P(C1=CC=CC=C1)C1=CC=CC=C1,88,,,,70.45,,,,,,,30,0.8MPa,440,CrCl3(THF)3,,[BMIM][PF6])/环己烷,,MAO,300,30,,10.3969/j.issn.0438-1157.2014.09.024
,,CC(C)N(P(C1=CC=CC=C1)C1=CC=CC=C1)P(C1=CC=CC=C1)C1=CC=CC=C1,100,,,,77.78,,,,,,,40,0.8MPa,440,CrCl3(THF)3,,[BMIM][PF6])/环己烷,,MAO,300,30,,10.3969/j.issn.0438-1157.2014.09.024
,,CC(C)N(P(C1=CC=CC=C1)C1=CC=CC=C1)P(C1=CC=CC=C1)C1=CC=CC=C1,136,,,,86.84,,,,,,,50,0.8MPa,440,CrCl3(THF)3,,[BMIM][PF6])/环己烷,,MAO,300,30,,10.3969/j.issn.0438-1157.2014.09.024
,,CC(C)N(P(C1=CC=CC=C1)C1=CC=CC=C1)P(C1=CC=CC=C1)C1=CC=CC=C1,48,,,,87.5,,,,,,,60,0.8MPa,440,CrCl3(THF)3,,[BMIM][PF6])/环己烷,,MAO,300,30,,10.3969/j.issn.0438-1157.2014.09.024
,,CC(C)N(P(C1=CC=CC=C1)C1=CC=CC=C1)P(C1=CC=CC=C1)C1=CC=CC=C1,30,,,,89.47,,,,,,,70,0.8MPa,440,CrCl3(THF)3,,[BMIM][PF6])/环己烷,,MAO,300,30,,10.3969/j.issn.0438-1157.2014.09.024
,,CC(C)N(P(C1=CC=CC=C1)C1=CC=CC=C1)P(C1=CC=CC=C1)C1=CC=CC=C1,61,,,,84.21,,,,,,,50,0.8MPa,440,CrCl3(THF)3,,[BMIM][PF6])/环己烷,,MAO,100,30,,10.3969/j.issn.0438-1157.2014.09.024
,,CC(C)N(P(C1=CC=CC=C1)C1=CC=CC=C1)P(C1=CC=CC=C1)C1=CC=CC=C1,77,,,,85.48,,,,,,,50,0.8MPa,440,CrCl3(THF)3,,[BMIM][PF6])/环己烷,,MAO,200,30,,10.3969/j.issn.0438-1157.2014.09.024
,,CC(C)N(P(C1=CC=CC=C1)C1=CC=CC=C1)P(C1=CC=CC=C1)C1=CC=CC=C1,136,,,,86.84,,,,,,,50,0.8MPa,440,CrCl3(THF)3,,[BMIM][PF6])/环己烷,,MAO,300,30,,10.3969/j.issn.0438-1157.2014.09.024
,,CC(C)N(P(C1=CC=CC=C1)C1=CC=CC=C1)P(C1=CC=CC=C1)C1=CC=CC=C1,108,,,,95.08,,,,,,,50,0.8MPa,440,CrCl3(THF)3,,[BMIM][PF6])/环己烷,,MAO,400,30,,10.3969/j.issn.0438-1157.2014.09.024
,,CC(C)N(P(C1=CC=CC=C1)C1=CC=CC=C1)P(C1=CC=CC=C1)C1=CC=CC=C1,69,,,,97.4,,,,,,,50,0.8MPa,440,CrCl3(THF)3,,[BMIM][PF6])/环己烷,,MAO,500,30,,10.3969/j.issn.0438-1157.2014.09.024
1,,C1=CC=C(P(C2=CC=CC=C2)C2=C(P(C3CCCCC3)C3CCCCC3)C=CC=C2)C=C1,2132000,,,,82.5,,9.7,97.5,99.9,92.2,,60,40bar,0.5,CrCl3(THF)3,1,methylcyclohexane,30,MMAO-3A,800,30,<0.1,10.1021/acs.organomet.2c00644
,,C1=CC=C(P(C2=CC=CC=C2)C2=C(P(C3CCCCC3)C3CCCCC3)C=CC=C2)C=C1,2125000,,,,71.5,,16.9,97,99.7,88.4,,40,40bar,0.5,CrCl3(THF)3,1,methylcyclohexane,30,MMAO-3A,800,30,<0.1,10.1021/acs.organomet.2c00644
,,C1=CC=C(P(C2=CC=CC=C2)C2=C(P(C3CCCCC3)C3CCCCC3)C=CC=C2)C=C1,320000,,,,42.6,,46.1,83.6,99.4,88.7,,20,40bar,0.5,CrCl3(THF)3,1,methylcyclohexane,30,MMAO-3A,800,30,0.1,10.1021/acs.organomet.2c00644
2,,CC(C)P(C1=C(P(C2=CC=CC=C2)C2=CC=CC=C2)C=CC=C1)C(C)C,1678000,,,,79.3,,12.7,96.7,99.9,92,,60,40bar,0.5,CrCl3(THF)3,1,methylcyclohexane,30,MMAO-3A,800,30,<0.1,10.1021/acs.organomet.2c00644
3,,CCP(CC)C1=C(P(C2=CC=CC=C2)C2=CC=CC=C2)C=CC=C1,1208000,,,,37.2,,40.1,69.8,97.7,77.3,,60,40bar,0.5,CrCl3(THF)3,1,methylcyclohexane,30,MMAO-3A,800,30,<0.1,10.1021/acs.organomet.2c00644
4,,C1=CC=C(P(C2=CC=CC=C2)C2=C(P(C3=CC=CC=C3)C3CCCCC3)C=CC=C2)C=C1,1874000,,,,38,,43.3,75.9,98.6,81.3,,60,40bar,0.5,CrCl3(THF)3,1,methylcyclohexane,30,MMAO-3A,800,30,<0.1,10.1021/acs.organomet.2c00644
,,C1=CC=C(P(C2=CC=CC=C2)C2=C(P(C3=CC=CC=C3)C3CCCCC3)C=CC=C2)C=C1,1929000,,,,42.2,,38.1,83.3,98,80.3,,80,40bar,0.5,CrCl3(THF)3,1,methylcyclohexane,30,MMAO-3A,800,30,<0.1,10.1021/acs.organomet.2c00644
,,C1=CC=C(P(C2=CC=CC=C2)C2=C(P(C3=CC=CC=C3)C3CCCCC3)C=CC=C2)C=C1,668000,,,,17.8,,55.4,50.2,96.5,73.2,,40,40bar,0.5,CrCl3(THF)3,1,methylcyclohexane,30,MMAO-3A,800,30,0.1,10.1021/acs.organomet.2c00644
,,C1=CC=C(P(C2=CC=CC=C2)C2=C(P(C3=CC=CC=C3)C3CCCCC3)C=CC=C2)C=C1,1212000,,,,33.8,,44.1,75.8,97.8,77.9,,60,40bar,0.5,CrCl3(THF)3,1,methylcyclohexane,30,MMAO-3A,800,60,<0.1,10.1021/acs.organomet.2c00644
,,C1=CC=C(P(C2=CC=CC=C2)C2=C(P(C3=CC=CC=C3)C3CCCCC3)C=CC=C2)C=C1,1330000,,,,28.6,,50.8,73.1,97.7,79.4,,60,40bar,0.5,CrCl3(THF)3,1,methylcyclohexane,30,MMAO-3A,600,30,<0.1,10.1021/acs.organomet.2c00644
,,C1=CC=C(P(C2=CC=CC=C2)C2=C(P(C3=CC=CC=C3)C3CCCCC3)C=CC=C2)C=C1,1835000,,,,39,,41.5,77,97.9,80.5,,60,40bar,0.5,CrCl3(THF)3,1,methylcyclohexane,30,MMAO-3A,1000,30,<0.1,10.1021/acs.organomet.2c00644
5,,CCC(C)P(C1=CC=CC=C1)C1=C(P(C2=CC=CC=C2)C2=CC=CC=C2)C=CC=C1,1171000,,,,32.6,,46.8,66.3,98.2,79.4,,60,40bar,0.5,CrCl3(THF)3,1,methylcyclohexane,30,MMAO-3A,800,30,<0.1,10.1021/acs.organomet.2c00644
,,CCC(C)P(C1=CC=CC=C1)C1=C(P(C2=CC=CC=C2)C2=CC=CC=C2)C=CC=C1,658000,,,,17.5,,53.8,46.2,96.4,71.3,,40,40bar,0.5,CrCl3(THF)3,1,methylcyclohexane,30,MMAO-3A,800,30,0.1,10.1021/acs.organomet.2c00644
6,,CC(C)P(C1=CC=CC=C1)C1=C(P(C2=CC=CC=C2)C2=CC=CC=C2)C=CC=C1,690000,,,,12.5,,56.8,33.3,95.2,69.3,,60,40bar,0.5,CrCl3(THF)3,1,methylcyclohexane,30,MMAO-3A,800,30,0.2,10.1021/acs.organomet.2c00644
7,,COC1=CC(P(C2=CC=CC=C2)C2CCCCC2)=C(P(C2=CC=CC=C2)C2=CC=CC=C2)C=C1,1566000,,,,33.2,,46.8,72.1,98.4,80,,60,40bar,0.5,CrCl3(THF)3,1,methylcyclohexane,30,MMAO-3A,800,30,<0.1,10.1021/acs.organomet.2c00644
8,,C1=CC=C(P(C2=CC=CC=C2)C2=C(P(C3=CC=CC=C3)C3=CC=CC=C3)C=CC=C2)C=C1,1866000,,,,20.8,,59.3,66,97.8,80.2,,60,40bar,0.5,CrCl3(THF)3,1,methylcyclohexane,30,MMAO-3A,800,30,0.2,10.1021/acs.organomet.2c00644
,,CC(C)N(P(C1=CC=CC=C1)C1=CC=CC=C1)P(C1=CC=CC=C1)C1=CC=CC=C1,2318320,624014,,36.9,,53.3,,,,86.4,,60,40bar,1.25,Cr(AcAc)3,1.2,PhCl,65,MMAO-3A,1000,16.2,0.98,10.1021/acs.organomet.8b00063
1,,CC1=C(P(C2=CC=CC=C2)C2=CC=CC=C2)P=C([Si](C)(C)C)C=C1,31200,15604,,18.4,,29.5,,,,37.1,,60,40bar,5,Cr(AcAc)3,1.2,PhCl,65,MMAO-3A,1000,30,15.1,10.1021/acs.organomet.8b00063
1,,CC1=C(P(C2=CC=CC=C2)C2=CC=CC=C2)P=C([Si](C)(C)C)C=C1,55387,27693,,18.8,,25.9,,,,34.2,,60,40bar,2.5,Cr(AcAc)3,1.2,PhCl,65,MMAO-3A,1000,30,19,10.1021/acs.organomet.8b00063
2,,CC1=C(P(C2=CC=CC=C2)C2=CC=CC=C2)P=CC=C1,12122,6061,,24,,42,,,,53.8,,60,40bar,5,Cr(AcAc)3,1.2,PhCl,65,MMAO-3A,1000,30,36.5,10.1021/acs.organomet.8b00063
1,,COC1=CC=CC=C1P(C1=CC=CC=C1OC)N(C)P(C1=CC=CC=C1OC)C1=C(OC)C=CC=C1,,,124800(h-1),,85.1,,7.9,,,,,50,20bar,30,Cr(AcAc)3,1.333333333,n-heptane,100,MMAO-12,260,,0.9,10.1021/acs.organomet.8b00427
1,,COC1=CC=CC=C1P(C1=CC=CC=C1OC)N(C)P(C1=CC=CC=C1OC)C1=C(OC)C=CC=C1,,,220900(h-1),,86.7,,7.2,,,,,50,20bar,30,Cr(AcAc)3,1.333333333,PhCl,100,MMAO-12,260,,1.3,10.1021/acs.organomet.8b00427
2,,CC(C)N(P(C1=CC=CC=C1)C1=CC=CC=C1)P(C1=CC=CC=C1)C1=CC=CC=C1,,,29900(h-1),,21.6,,73.5,,,,,50,20bar,30,Cr(AcAc)3,1.333333333,n-heptane,100,MMAO-12,260,,4.6,10.1021/acs.organomet.8b00427
2,,CC(C)N(P(C1=CC=CC=C1)C1=CC=CC=C1)P(C1=CC=CC=C1)C1=CC=CC=C1,,,145400(h-1),,29.7,,67.9,,,,,50,20bar,30,Cr(AcAc)3,1.333333333,PhCl,100,MMAO-12,260,,1.2,10.1021/acs.organomet.8b00427
6,,COC1=CC=CC=C1P1C2=C(C=CC=C2)C2=C(C=CC=C2)N1P(C1=CC=CC=C1)C1=CC=CC=C1,,,41600(h-1),,41.9,,49.4,,,,,50,20bar,30,Cr(AcAc)3,1.333333333,n-heptane,100,MMAO-12,260,,17.9,10.1021/acs.organomet.8b00427
6,,COC1=CC=CC=C1P1C2=C(C=CC=C2)C2=C(C=CC=C2)N1P(C1=CC=CC=C1)C1=CC=CC=C1,,,128000(h-1),,48.3,,40.9,,,,,50,20bar,30,Cr(AcAc)3,1.333333333,PhCl,100,MMAO-12,260,,5.2,10.1021/acs.organomet.8b00427
7,,COC1=CC=CC=C1P(C1=C(OC)C=CC=C1)N1C2=C(C=CC=C2)C2=C(C=CC=C2)P1C1=CC=CC=C1,,,48700(h-1),,15.4,,84.1,,,,,50,20bar,30,Cr(AcAc)3,1.333333333,n-heptane,100,MMAO-12,260,,49.6,10.1021/acs.organomet.8b00427
7,,COC1=CC=CC=C1P(C1=C(OC)C=CC=C1)N1C2=C(C=CC=C2)C2=C(C=CC=C2)P1C1=CC=CC=C1,,,46800(h-1),,23.4,,69.1,,,,,50,20bar,30,Cr(AcAc)3,1.333333333,PhCl,100,MMAO-12,260,,29.3,10.1021/acs.organomet.8b00427
8,,COC1=CC=CC=C1P(C1=C(OC)C=CC=C1)N1C2=C(C=CC=C2)C2=C(C=CC=C2)P1C1=CC=CC=C1OC,,,126900(h-1),,61,,30,,,,,50,20bar,30,Cr(AcAc)3,1.333333333,n-heptane,100,MMAO-12,260,,0.6,10.1021/acs.organomet.8b00427
8,,COC1=CC=CC=C1P(C1=C(OC)C=CC=C1)N1C2=C(C=CC=C2)C2=C(C=CC=C2)P1C1=CC=CC=C1OC,,,312500(h-1),,74.9,,19.5,,,,,50,20bar,30,Cr(AcAc)3,1.333333333,PhCl,100,MMAO-12,260,,0.7,10.1021/acs.organomet.8b00427
,,COC1=CC=CC=C1P(C1=C(OC)C=CC=C1)N1C2=C(C=CC=C2)C2=C(C=CC=C2)P1C1=CC=CC=C1OC,,,,,,,,,,,,,,,,,,,,,,,10.1021/acs.organomet.8b00427
,,CC(C)(C)N(P(C1=CC=CC=C1)C1=CC=CC=C1)P(C1=CC=CC=C1)C1=CC=CC=C1,138234,,,25.6,,60.6,,,,83.8,,45,30bar,5,Cr(AcAc)3,1,methylcyclohexane,100,MAO,500,,0.7,10.1021/acs.organomet.8b00578
,,CC(C)(C)N(P(C1=CC=CC=C1)C1=CC=CC=C1)P(C1=CC=CC=C1)C1=CC=CC=C1,111829,,,19.8,,53.7,,,,69.5,,45,30bar,5,Cr(AcAc)3,1,methylcyclohexane,100,MAO,500,,5.4,10.1021/acs.organomet.8b00578
1,,COC1=CC=CC(N(P(C2=CC=CC=C2)C2=CC=CC=C2)P(C2=CC=CC=C2)C2=CC=CC=C2)=C1,,400000,,,16,,69.5,,,85.5,,60,45bar,1,Cr(AcAc)3,1,Cyclohexane,100,MMAO-3A,2000,10,0.7,10.1021/acsomega.3c03029
,,COC1=CC=CC(N(P(C2=CC=CC=C2)C2=CC=CC=C2)P(C2=CC=CC=C2)C2=CC=CC=C2)=C1,,608000,,,14.6,,68.6,,,83.1,,60,45bar,1,Cr(AcAc)3,1,methylcyclohexane,100,MMAO-3A,2000,10,0.9,10.1021/acsomega.3c03029
,,COC1=CC=CC(N(P(C2=CC=CC=C2)C2=CC=CC=C2)P(C2=CC=CC=C2)C2=CC=CC=C2)=C1,,655000,,,15,,67.8,,,82.9,,60,45bar,1,Cr(AcAc)3,1,decahydronaphthalene,100,MMAO-3A,2000,10,1.5,10.1021/acsomega.3c03029
,,COC1=CC=CC(N(P(C2=CC=CC=C2)C2=CC=CC=C2)P(C2=CC=CC=C2)C2=CC=CC=C2)=C1,,3342000,,,20.8,,67.9,,,88.7,,60,45bar,1,Cr(AcAc)3,1,PhCl,100,MMAO-3A,2000,10,1,10.1021/acsomega.3c03029
,,COC1=CC=CC(N(P(C2=CC=CC=C2)C2=CC=CC=C2)P(C2=CC=CC=C2)C2=CC=CC=C2)=C1,,1890000,,,16.2,,70.3,,,86.6,,45,45bar,1,Cr(AcAc)3,1,PhCl,100,MMAO-3A,2000,10,1.4,10.1021/acsomega.3c03029
,,COC1=CC=CC(N(P(C2=CC=CC=C2)C2=CC=CC=C2)P(C2=CC=CC=C2)C2=CC=CC=C2)=C1,,871000,,,33.4,,57,,,90.4,,75,45bar,1,Cr(AcAc)3,1,PhCl,100,MMAO-3A,2000,10,1.6,10.1021/acsomega.3c03029
1,,COC1=CC=CC(N(P(C2=CC=CC=C2)C2=CC=CC=C2)P(C2=CC=CC=C2)C2=CC=CC=C2)=C1,,1669000,,,21.3,,67.5,,,88.8,,60,45bar,1,CrCl3(THF)3,1,PhCl,100,MMAO-3A,2000,10,0.6,10.1021/acsomega.3c03029
1,,COC1=CC=CC(N(P(C2=CC=CC=C2)C2=CC=CC=C2)P(C2=CC=CC=C2)C2=CC=CC=C2)=C1,,1500000,,,11.7,,70.3,,,82,,45,45bar,1,Cr(AcAc)3,1,PhCl,100,MMAO-3A,2000,60,1.6,10.1021/acsomega.3c03029
1,,COC1=CC=CC(N(P(C2=CC=CC=C2)C2=CC=CC=C2)P(C2=CC=CC=C2)C2=CC=CC=C2)=C1,,657000,,,11.7,,70,,,82,,45,45bar,2,Cr(AcAc)3,1,PhCl,200,MMAO-3A,2000,120,1.3,10.1021/acsomega.3c03029
复合1,,COC1=CC=CC(N(P(C2=CC=CC=C2)C2=CC=CC=C2)P(C2=CC=CC=C2)C2=CC=CC=C2)=C1,,2000000,,,21.1,,67.8,,,88.9,,60,45bar,1,Cr(AcAc)3,1,PhCl,100,MMAO-3A,2000,10,0.4,10.1021/acsomega.3c03029
5,,COC1=CC=C(N(P(C2=CC=CC=C2)C2=CC=CC=C2)P(C2=CC=CC=C2)C2=CC=CC=C2)C=C1,,2180000,,,22.6,,66.2,,,88.8,,60,45bar,1,Cr(AcAc)3,1,PhCl,100,MMAO-3A,2000,10,0.8,10.1021/acsomega.3c03029
,,CC(C)N(P(C1=CC=CC=C1)C1=CC=CC=C1)P(C1=CC=CC=C1)C1=CC=CC=C1,,680000,,,28.7,,59.7,,,88.4,,60,45bar,1,Cr(AcAc)3,1,PhCl,100,MMAO-3A,2000,10,3.1,10.1021/acsomega.3c03029
,,CC(C)N(P(C1=CC=CC=C1)C1=CC=CC=C1)P(C1=CC=CC=C1)C1=CC=CC=C1,,1184000,,,18.6,,69.9,,,88.5,,45,45bar,1,Cr(AcAc)3,1,PhCl,100,MMAO-3A,2000,10,3.5,10.1021/acsomega.3c03029
2,,C1=CC=C(P(C2=CC=CC=C2)N(C2=CC=CC(OCCCCCOC3=CC=CC(N(P(C4=CC=CC=C4)C4=CC=CC=C4)P(C4=CC=CC=C4)C4=CC=CC=C4)=C3)=C2)P(C2=CC=CC=C2)C2=CC=CC=C2)C=C1,,2208000,,,20.7,,66.7,,,87.4,,60,45bar,1,Cr(AcAc)3,1,PhCl,100,MMAO-3A,2000,10,1.1,10.1021/acsomega.3c03029
3,,CC(C)(C)[Si](C)(C)OC1=CC=CC(N(P(C2=CC=CC=C2)C2=CC=CC=C2)P(C2=CC=CC=C2)C2=CC=CC=C2)=C1,,1485000,,,14.5,,68.7,,,83.2,,45,45bar,1,Cr(AcAc)3,1,PhCl,100,MMAO-3A,2000,10,3.2,10.1021/acsomega.3c03029
3,,CC(C)(C)[Si](C)(C)OC1=CC=CC(N(P(C2=CC=CC=C2)C2=CC=CC=C2)P(C2=CC=CC=C2)C2=CC=CC=C2)=C1,,2686000,,,24,,63.5,,,87.5,,60,45bar,1,Cr(AcAc)3,1,PhCl,100,MMAO-3A,2000,10,3.5,10.1021/acsomega.3c03029
3,,CC(C)(C)[Si](C)(C)OC1=CC=CC(N(P(C2=CC=CC=C2)C2=CC=CC=C2)P(C2=CC=CC=C2)C2=CC=CC=C2)=C1,,1171000,,,29.7,,56.5,,,86.2,,75,45bar,1,Cr(AcAc)3,1,PhCl,100,MMAO-3A,2000,10,6.3,10.1021/acsomega.3c03029
4,,CCCC[Si](CCCC)(CCCC)OC1=CC=CC(N(P(C2=CC=CC=C2)C2=CC=CC=C2)P(C2=CC=CC=C2)C2=CC=CC=C2)=C1,,1209000,,,13.2,,69.3,,,82.5,,45,45bar,1,Cr(AcAc)3,1,PhCl,100,MMAO-3A,2000,10,4.6,10.1021/acsomega.3c03029
4,,CCCC[Si](CCCC)(CCCC)OC1=CC=CC(N(P(C2=CC=CC=C2)C2=CC=CC=C2)P(C2=CC=CC=C2)C2=CC=CC=C2)=C1,,2036000,,,19,,62.2,,,81.1,,60,45bar,1,Cr(AcAc)3,1,PhCl,100,MMAO-3A,2000,10,9.6,10.1021/acsomega.3c03029
4,,CCCC[Si](CCCC)(CCCC)OC1=CC=CC(N(P(C2=CC=CC=C2)C2=CC=CC=C2)P(C2=CC=CC=C2)C2=CC=CC=C2)=C1,,894000,,,27.6,,51.7,,,79.3,,75,45bar,1,Cr(AcAc)3,1,PhCl,100,MMAO-3A,2000,10,13.3,10.1021/acsomega.3c03029
1,,C1=CC=C(P(CCNCCP(C2=CC=CC=C2)C2=CC=CC=C2)C2=CC=CC=C2)C=C1,,,24625(h-1),98.7,98.4039,,,99.7,,,,80,,20,CrCl3(THF)3,1,toluene,100,MAO,300,30,1,10.1021/om0601091
1,,C1=CC=C(P(CCNCCP(C2=CC=CC=C2)C2=CC=CC=C2)C2=CC=CC=C2)C=C1,,,26060(h-1),72.2,71.117,,,98.5,,,,80,,20,CrCl3(THF)3,1,toluene,100,MAO,300,30,1.9,10.1021/om0601091
1,,C1=CC=C(P(CCNCCP(C2=CC=CC=C2)C2=CC=CC=C2)C2=CC=CC=C2)C=C1,,,2300(h-1),95.3,94.5376,,,99.2,,,,80,,20,CrCl3(THF)3,1,toluene,100,AIEt3,10,30,4.6,10.1021/om0601091
1,,C1=CC=C(P(CCNCCP(C2=CC=CC=C2)C2=CC=CC=C2)C2=CC=CC=C2)C=C1,,,41810(h-1),98.9,98.5044,,,99.6,,,,80,,20,CrCl3(THF)3,1,toluene,100,AIEt3,20,30,0.9,10.1021/om0601091
1,,C1=CC=C(P(CCNCCP(C2=CC=CC=C2)C2=CC=CC=C2)C2=CC=CC=C2)C=C1,,,21160(h-1),97.2,96.8112,,,99.6,,,,80,,20,CrCl3(THF)3,1,toluene,100,AIEt3,20,30,2.5,10.1021/om0601091
1,,C1=CC=C(P(CCNCCP(C2=CC=CC=C2)C2=CC=CC=C2)C2=CC=CC=C2)C=C1,,,25810(h-1),96.5,96.0175,,,99.5,,,,80,,20,CrCl3(THF)3,1,toluene,100,AIEt3,30,30,2.8,10.1021/om0601091
1,,C1=CC=C(P(CCNCCP(C2=CC=CC=C2)C2=CC=CC=C2)C2=CC=CC=C2)C=C1,,,8270(h-1),76.2,75.819,,,99.5,,,,80,,20,CrCl3(THF)3,1,toluene,100,AIEt3,40,30,22.8,10.1021/om0601091
2,,CC(C)(C)SCCNCCSC(C)(C)C,,,27625(h-1),98.5,98.303,,,99.8,,,,80,,20,CrCl3(THF)3,1,toluene,100,MAO,150,30,1.1,10.1021/om0601091
2,,CC(C)(C)SCCNCCSC(C)(C)C,,,20020(h-1),94.9,94.7102,,,99.8,,,,80,,20,CrCl3(THF)3,1,toluene,100,MAO,150,30,4.4,10.1021/om0601091
2,,CC(C)(C)SCCNCCSC(C)(C)C,,,16125(h-1),94.9,94.6153,,,99.7,,,,80,,20,CrCl3(THF)3,1,toluene,100,AIEt3,20,30,4.6,10.1021/om0601091
2,,CC(C)(C)SCCNCCSC(C)(C)C,,,10205(h-1),89.3,89.0321,,,99.7,,,,80,,20,CrCl3(THF)3,1,toluene,100,AIEt3,20,30,10.1,10.1021/om0601091
2,,CC(C)(C)SCCNCCSC(C)(C)C,,,10580(h-1),90.8,90.2552,,,99.4,,,,80,,20,CrCl3(THF)3,1,toluene,100,AIEt3,30,30,8.2,10.1021/om0601091
3,,CCSCCNCCSCC,,,97880(h-1),96.1,95.8117,,,99.7,,,,80,,20,CrCl3(THF)3,1,toluene,100,MAO,300,30,1.7,10.1021/om0601091
3,,CCSCCNCCSCC,,,4630(h-1),15.3,14.6115,,,95.5,,,,80,,20,CrCl3(THF)3,1,toluene,100,AIEt3,20,30,84.7,10.1021/om0601091
3,,CCSCCNCCSCC,,,7535(h-1),58.4,57.6992,,,98.8,,,,80,,20,CrCl3(THF)3,1,toluene,100,AIEt3,30,30,40.7,10.1021/om0601091
3,,CCSCCNCCSCC,,,1160(h-1),86.1,76.8873,,,89.3,,,,80,,20,CrCl3(THF)3,1,toluene,100,AIEt3,100,30,7.7,10.1021/om0601091
1,,CC1=CC=NN1CN1N=C(C)C=C1C,32400,,,97.6,96.0384,1.3,,98.4,,,,80,,8.7,CrCl3(THF)3,1,toluene,60,MAO,200,30,<0.1,10.1021/om9002347
2,,CC1=NN(CC2=NC=CC=C2)C(C)C1,38200,,,97.8,97.1154,1.1,,99.3,,,,80,,8.9,CrCl3(THF)3,1,toluene,60,MAO,200,30,<0.1,10.1021/om9002347
3,,CC1=CC(C)=NN1CC1=NC=CN1C,53000,,,98.5,97.6135,1.4,,99.1,,,,80,,7.9,CrCl3(THF)3,1,toluene,60,MAO,200,30,<0.1,10.1021/om9002347
4,,CC1=CC(C)=NN1CCNCC1=CC=CC=C1,10500,,,92.1,90.9027,3.5,,98.7,,,,80,,8,CrCl3(THF)3,1,toluene,60,MAO,200,30,<0.5,10.1021/om9002347
1c,,CC(C)C1=CC=CC(C(C)C)=C1/N=C/C1=C(NC2=C3N=CC=CC3=CC=C2)C=CC=C1,106kg of PE·mol(Cr)−1·h−1,,,,,,,,,,,25,5bar,5,CrCl3(THF)3,1,toluene,60,MAO,100,60,,10.1021/acs.organomet.5b00247
1c,,CC(C)C1=CC=CC(C(C)C)=C1/N=C/C1=C(NC2=C3N=CC=CC3=CC=C2)C=CC=C1,186kg of PE·mol(Cr)−1·h−1,,,,,,,,,,,25,5bar,5,CrCl3(THF)3,1,toluene,60,MAO,200,60,,10.1021/acs.organomet.5b00247
1c,,CC(C)C1=CC=CC(C(C)C)=C1/N=C/C1=C(NC2=C3N=CC=CC3=CC=C2)C=CC=C1,168kg of PE·mol(Cr)−1·h−1,,,,,,,,,,,25,5bar,5,CrCl3(THF)3,1,toluene,60,MAO,300,60,,10.1021/acs.organomet.5b00247
1c,,CC(C)C1=CC=CC(C(C)C)=C1/N=C/C1=C(NC2=C3N=CC=CC3=CC=C2)C=CC=C1,172kg of PE·mol(Cr)−1·h−1,,,,,,,,,,,25,5bar,5,CrCl3(THF)3,1,toluene,60,MAO,200,30,,10.1021/acs.organomet.5b00247
1c,,CC(C)C1=CC=CC(C(C)C)=C1/N=C/C1=C(NC2=C3N=CC=CC3=CC=C2)C=CC=C1,81kg of PE·mol(Cr)−1·h−1,,,,,,,,,,,25,5bar,5,CrCl3(THF)3,1,toluene,60,MAO,200,120,,10.1021/acs.organomet.5b00247
1c,,CC(C)C1=CC=CC(C(C)C)=C1/N=C/C1=C(NC2=C3N=CC=CC3=CC=C2)C=CC=C1,70kg of PE·mol(Cr)−1·h−1,,,,,,,,,,,50,5bar,5,CrCl3(THF)3,1,toluene,60,MAO,200,60,,10.1021/acs.organomet.5b00247
1c,,CC(C)C1=CC=CC(C(C)C)=C1/N=C/C1=C(NC2=C3N=CC=CC3=CC=C2)C=CC=C1,50kg of PE·mol(Cr)−1·h−1,,,,,,,,,,,70,5bar,5,CrCl3(THF)3,1,toluene,60,MAO,200,60,,10.1021/acs.organomet.5b00247
1a,,CC1=CC=CC(C)=C1/N=C/C1=C(NC2=C3N=CC=CC3=CC=C2)C=CC=C1,182kg of PE·mol(Cr)−1·h−1,,,,,,,,,,,25,5bar,5,CrCl3(THF)3,1,toluene,60,MAO,200,60,,10.1021/acs.organomet.5b00247
1b,,CCC1=CC=CC(CC)=C1/N=C/C1=C(NC2=C3N=CC=CC3=CC=C2)C=CC=C1,214kg of PE·mol(Cr)−1·h−1,,,,,,,,,,,25,5bar,5,CrCl3(THF)3,1,toluene,60,MAO,200,60,,10.1021/acs.organomet.5b00247
5a,,CC1=CC=CC(C)=C1NC1=C(/C=N/C2=CC=CC3=C2N=CC=C3)C=CC=C1,150kg of PE·mol(Cr)−1·h−1,,,,,,,,,,,25,5bar,5,CrCl3(THF)3,1,toluene,60,MAO,200,60,,10.1021/acs.organomet.5b00247
5b,,CCC1=C(NC2=C(/C=N/C3=CC=CC4=C3N=CC=C4)C=CC=C2)C(C(C)C)=CC=C1,218kg of PE·mol(Cr)−1·h−1,,,,,,,,,,,25,5bar,5,CrCl3(THF)3,1,toluene,60,MAO,200,60,,10.1021/acs.organomet.5b00247
5c,,CC(C)C1=CC=CC(C(C)C)=C1NC1=C(/C=N/C2=CC=CC3=C2N=CC=C3)C=CC=C1,136kg of PE·mol(Cr)−1·h−1,,,,,,,,,,,25,5bar,5,CrCl3(THF)3,1,toluene,60,MAO,200,60,,10.1021/acs.organomet.5b00247
1,,CC(C)N(PC1=CC=CC=C1)P(C1=CC=CC=C1)C1=CC=CC=C1,1950000,,,,16.8,,69.5,,,,,60,653psi,2.5,Cr(AcAc)3,1.2,methylcyclohexane,100,MMAO-3A,300,,0.9,10.1021/acs.organomet.9b00721
1,,CC(C)N(PC1=CC=CC=C1)P(C1=CC=CC=C1)C1=CC=CC=C1,492000,,,,24.9,,62,,,,,60,500psi,0.05,CrCl3(THF)3,1.2,methylcyclohexane,4,MMAO-3A,1000,30,2.2,10.1021/acs.organomet.9b00721
2,,C1=CC=C(P(CCP(C2=CC=CC=C2)C2=CC=CC=C2)C2=CC=CC=C2)C=C1,144000,,,,15.7,,59.3,,,,,60,725psi,5,Cr(AcAc)3,,methylcyclohexane,100,MMAO-3A,500,,4.9,10.1021/acs.organomet.9b00721
2,,C1=CC=C(P(CCP(C2=CC=CC=C2)C2=CC=CC=C2)C2=CC=CC=C2)C=C1,159000,,,,23.5,,53.7,,,,,60,500psi,0.05,CrCl3(THF)3,1.2,methylcyclohexane,4,MMAO-3A,1000,30,8.6,10.1021/acs.organomet.9b00721
3,,C[C@@H]([C@H](C)P(C1=CC=CC=C1)C1=CC=CC=C1)P(C1=CC=CC=C1)C1=CC=CC=C1,1929000,,,,31.4,,59.2,,,,,45,435psi,2.5,Cr(AcAc)3,,methylcyclohexane,150,MMAO-12A,300,,0.7,10.1021/acs.organomet.9b00721
3,,C[C@@H]([C@H](C)P(C1=CC=CC=C1)C1=CC=CC=C1)P(C1=CC=CC=C1)C1=CC=CC=C1,559000,,,,35.2,,52.4,,,,,60,500psi,0.05,CrCl3(THF)3,1.2,methylcyclohexane,4,MMAO-3A,1000,30,3.2,10.1021/acs.organomet.9b00721
4,,C1=CC=C(P(/C=C\P(C2=CC=CC=C2)C2=CC=CC=C2)C2=CC=CC=C2)C=C1,303000,,,,7.3,,46.7,,,,,60,725psi,5,Cr(AcAc)3,,methylcyclohexane,100,MMAO-3A,500,,5.2,10.1021/acs.organomet.9b00721
4,,C1=CC=C(P(/C=C\P(C2=CC=CC=C2)C2=CC=CC=C2)C2=CC=CC=C2)C=C1,211000,,,,13,,45.4,,,,,60,500psi,0.05,CrCl3(THF)3,1.2,methylcyclohexane,4,MMAO-3A,1000,30,11,10.1021/acs.organomet.9b00721
5,,CC(C)(C)/C(=C/P(C1=CC=CC=C1)C1=CC=CC=C1)P(C1=CC=CC=C1)C1=CC=CC=C1,1926000,,,,39.8,,40.4,,,,,40,580psi,1,Cr(AcAc)3,,methylcyclohexane,30,MMAO-3A,500,,0.1,10.1021/acs.organomet.9b00721
6,,C1=CC=C(P(C2=CC=CC=C2)C2=C(P(C3=CC=CC=C3)C3=CC=CC=C3)C=CC=C2)C=C1,2240000,,,,13,,56.8,,,,,60,725psi,5,Cr(AcAc)3,,methylcyclohexane,100,MMAO-3A,500,,0.9,10.1021/acs.organomet.9b00721
6,,C1=CC=C(P(C2=CC=CC=C2)C2=C(P(C3=CC=CC=C3)C3=CC=CC=C3)C=CC=C2)C=C1,454000,,,,22.3,,55.6,,,,,60,500psi,0.05,CrCl3(THF)3,1.2,methylcyclohexane,4,MMAO-3A,1000,30,5.5,10.1021/acs.organomet.9b00721
8,,C1=CC=C(P(C2=CC=CC=C2)C2=CC=CC3=C2C(P(C2=CC=CC=C2)C2=CC=CC=C2)=CC=C3)C=C1,70000,,,,61.9,,31.4,,,,,60,725psi,5,Cr(AcAc)3,,methylcyclohexane,100,MMAO-3A,500,,4,10.1021/acs.organomet.9b00721
9,,C1=CC=C(P(CCCP(C2=CC=CC=C2)C2=CC=CC=C2)C2=CC=CC=C2)C=C1,13000,,,,8.6,,30.3,,,,,60,725psi,5,Cr(AcAc)3,,methylcyclohexane,100,MMAO-3A,500,,24.3,10.1021/acs.organomet.9b00721
10,,COC1=CC=CC=C1P(C1=CC=CC=C1OC)N(C)P(C1=C(OC)C=CC=C1)C1=C(OC)C=CC=C1,978000,,,,90.4,,4.7,,,,,60,500psi,0.05,CrCl3(THF)3,1.2,methylcyclohexane,4,MMAO-3A,1000,30,0.6,10.1021/acs.organomet.9b00721
11,,COC1=C(P(CCP(C2=CC=CC=C2)C2=C(OC)C=CC=C2)C2=CC=CC=C2)C=CC=C1,529000,,,,97.2,,0.4,,,,,60,500psi,0.05,CrCl3(THF)3,1.2,methylcyclohexane,4,MMAO-3A,1000,30,0.8,10.1021/acs.organomet.9b00721
12,,CC1=C(P(CCP(C2=CC=CC=C2)C2=C(C)C=CC=C2)C2=CC=CC=C2)C=CC=C1,60000,,,,52.7,,8,,,,,60,500psi,0.05,CrCl3(THF)3,1.2,methylcyclohexane,4,MMAO-3A,1000,30,35.3,10.1021/acs.organomet.9b00721
13,,C1=CC=C(P(CCP(C2=NC=CC=C2)C2=NC=CC=C2)C2=NC=CC=C2)C=C1,7000,,,,2.5,,2,,,,,60,500psi,0.05,CrCl3(THF)3,1.2,methylcyclohexane,4,MMAO-3A,1000,30,92.4,10.1021/acs.organomet.9b00721
14,,C1=CC=C(P(C2=CC=CC=C2)C2=CC=C3C=CC=CC3=C2C2=C(P(C3=CC=CC=C3)C3=CC=CC=C3)C=CC3=C2C=CC=C3)C=C1,111000,,,,16.3,,0.3,,,,,60,500psi,0.05,CrCl3(THF)3,1.2,methylcyclohexane,4,MMAO-3A,1000,30,81.1,10.1021/acs.organomet.9b00721
15,,COC1=CC=CC(P(C2=CC=CO2)C2=CC=CO2)=C1C1=C(OC)C=CC=C1P(C1=CC=CO1)C1=CC=CO1,111000,,,,12.3,,7.1,,,,,60,500psi,0.05,CrCl3(THF)3,1.2,methylcyclohexane,4,MMAO-3A,1000,30,46.2,10.1021/acs.organomet.9b00721
16,,C1=CC=C(P(C2=CC=CC=C2)C2=C(C3=C(P(C4=CC=CC=C4)C4=CC=CC=C4)C4C5=C(C=CC=C5)C3C3=C4C=CC=C3)C3C4=CC=CC=C4C2C2=C3C=CC=C2)C=C1,157000,,,,0.2,,1.2,,,,,60,500psi,0.05,CrCl3(THF)3,1.2,methylcyclohexane,4,MMAO-3A,1000,30,97.8,10.1021/acs.organomet.9b00721
18,,CC1(C)C2=CC=CC(P(C3=CC=CC=C3)C3=CC=CC=C3)=C2OC2=C1C=CC=C2P(C1=CC=CC=C1)C1=CC=CC=C1,6000,,,,11.8,,5.1,,,,,60,500psi,0.05,CrCl3(THF)3,1.2,methylcyclohexane,4,MMAO-3A,1000,30,69,10.1021/acs.organomet.9b00721
19,,CP(C)CCP(C)C,6000,,,,1.3,,1.3,,,,,60,500psi,0.05,CrCl3(THF)3,1.2,methylcyclohexane,4,MMAO-3A,1000,30,94.3,10.1021/acs.organomet.9b00721
20,,CC.CCP(C)CCP(CC)CC,114000,,,,12.7,,41.5,,,,,60,500psi,0.05,CrCl3(THF)3,1.2,methylcyclohexane,4,MMAO-3A,1000,30,7.1,10.1021/acs.organomet.9b00721
21,,CCP(CCP(C(C)C)C(C)C)C(C)C,22000,,,,67.2,,3.2,,,,,60,500psi,0.05,CrCl3(THF)3,1.2,methylcyclohexane,4,MMAO-3A,1000,30,24.6,10.1021/acs.organomet.9b00721
22,,CPC1=C(P(C)C)C=CC=C1,61000,,,,12.9,,35.7,,,,,60,500psi,0.05,CrCl3(THF)3,1.2,methylcyclohexane,4,MMAO-3A,1000,30,10.1,10.1021/acs.organomet.9b00721
23,,CCP(C)C1=C(P(CC)CC)C=CC=C1,349000,,,,48.1,,33.9,,,,,60,500psi,0.05,CrCl3(THF)3,1.2,methylcyclohexane,4,MMAO-3A,1000,30,1.5,10.1021/acs.organomet.9b00721
24,,CC(C)P(C1=C(P(C(C)C)C(C)C)C=CC=C1)C(C)C,8000,,,,26.8,,0,,,,,60,500psi,0.05,CrCl3(THF)3,1.2,methylcyclohexane,4,MMAO-3A,1000,30,67.9,10.1021/acs.organomet.9b00721
25,,CP(C1=C(P(C)C(C)(C)C)C=CC=C1)C(C)(C)C,31000,,,,78.3,,0,,,,,60,500psi,0.05,CrCl3(THF)3,1.2,methylcyclohexane,4,MMAO-3A,1000,30,19,10.1021/acs.organomet.9b00721
26,,CP(C1=C(P(C)C(C)(C)C)N=C2C=CC=CC2=N1)C(C)(C)C,90000,,,,79.6,,1.2,,,,,60,500psi,0.05,CrCl3(THF)3,1.2,methylcyclohexane,4,MMAO-3A,1000,30,14.8,10.1021/acs.organomet.9b00721
27,,C[C@@H]1CC[C@@H](C)P1C1=C(P2[C@H](C)CC[C@H]2C)C=CC=C1,185000,,,,31.8,,50,,,,,60,500psi,0.05,CrCl3(THF)3,1.2,methylcyclohexane,4,MMAO-3A,1000,30,3.5,10.1021/acs.organomet.9b00721
28,,C1=CC=C(P(NP(C2=CC=CC=C2)C2=CC=CC=C2)C2=CC=CC=C2)C=C1,46000,,,,6.7,,37.3,,,,,60,500psi,0.05,CrCl3(THF)3,1.2,methylcyclohexane,4,MMAO-3A,1000,30,23.7,10.1021/acs.organomet.9b00721
29,,C1=CC=C(P(C2=CC=CC=C2)N(C2=CC=CC=N2)P(C2=CC=CC=C2)C2=CC=CC=C2)C=C1,30000,,,,5.8,,2.8,,,,,60,500psi,0.05,CrCl3(THF)3,1.2,methylcyclohexane,4,MMAO-3A,1000,30,87.7,10.1021/acs.organomet.9b00721
30,,C1=CC=C(P(/C=C/P(C2=CC=CC=C2)C2=CC=CC=C2)C2=CC=CC=C2)C=C1,16000,,,,11.1,,21.6,,,,,60,500psi,0.05,CrCl3(THF)3,1.2,methylcyclohexane,4,MMAO-3A,1000,30,51.1,10.1021/acs.organomet.9b00721
31,,C[C@H](CP(C1=CC=CC=C1)C1=CC=CC=C1)P(C1=CC=CC=C1)C1=CC=CC=C1,217000,,,,26.6,,52.2,,,,,60,500psi,0.05,CrCl3(THF)3,1.2,methylcyclohexane,4,MMAO-3A,1000,30,7.8,10.1021/acs.organomet.9b00721
32,,C[C@@H]([C@@H](C)P(C1=CC=CC=C1)C1=CC=CC=C1)P(C1=CC=CC=C1)C1=CC=CC=C1,514000,,,,35,,53.4,,,,,60,500psi,0.05,CrCl3(THF)3,1.2,methylcyclohexane,4,MMAO-3A,1000,30,2.3,10.1021/acs.organomet.9b00721
33,,C1=CC=C(P(C2=CC=CC=C2)C2=CC=CC=C2C2=CC=CC=C2P(C2=CC=CC=C2)C2=CC=CC=C2)C=C1,60000,,,,18.4,,0.5,,,,,60,500psi,0.05,CrCl3(THF)3,1.2,methylcyclohexane,4,MMAO-3A,1000,30,77.2,10.1021/acs.organomet.9b00721
34,,C1=CC=C(P(CC2=CC=CC=C2C2=CC=CC=C2CP(C2=CC=CC=C2)C2=CC=CC=C2)C2=CC=CC=C2)C=C1,33000,,,,1.7,,1.5,,,,,60,500psi,0.05,CrCl3(THF)3,1.2,methylcyclohexane,4,MMAO-3A,1000,30,85.5,10.1021/acs.organomet.9b00721
35,,CC1=CC=C(P(C2=CC=C(C)C=C2)C2=C(C3=C(P(C4=CC=C(C)C=C4)C4=CC=C(C)C=C4)C=CC4=CC=CC=C43)C3=CC=CC=C3C=C2)C=C1,35000,,,,20.3,,0.5,,,,,60,500psi,0.05,CrCl3(THF)3,1.2,methylcyclohexane,4,MMAO-3A,1000,30,71.4,10.1021/acs.organomet.9b00721
36,,C1=CC=C(PC2=C(C3=CC4=C(C=C3P(C3=CC=CC=C3)C3=CC=CC=C3)COC4)C=C3COCC3=C2)C=C1,19000,,,,11.6,,0.7,,,,,60,500psi,0.05,CrCl3(THF)3,1.2,methylcyclohexane,4,MMAO-3A,1000,30,82.2,10.1021/acs.organomet.9b00721
37,,C1=CC=C2C(=C1)C=CN2P(OC1=C(C2=C(OP(N3C=CC4=C3C=CC=C4)N3C=CC4=C3C=CC=C4)C=CC3=C2CCCC3)C2=C(C=C1)CCCC2)N1C=CC2=CC=CC=C21,6000,,,,5.4,,2.3,,,,,60,500psi,0.05,CrCl3(THF)3,1.2,methylcyclohexane,4,MMAO-3A,1000,30,85.1,10.1021/acs.organomet.9b00721
38,,C1=CC=C(P(NC2=C(C3=C(NP(C4=CC=CC=C4)C4=CC=CC=C4)C=CC4=C3CCCC4)C3=C(C=C2)CCCC3)C2=CC=CC=C2)C=C1,9000,,,,2.5,,2.3,,,,,60,500psi,0.05,CrCl3(THF)3,1.2,methylcyclohexane,4,MMAO-3A,1000,30,88.9,10.1021/acs.organomet.9b00721
39,,C1=CC=C(PC2=CC3=CC=C2CCC2=CC(P(C4=CC=CC=C4)C4=CC=CC=C4)=C(C=C2)CC3)C=C1,13000,,,,2.8,,2.2,,,,,60,500psi,0.05,CrCl3(THF)3,1.2,methylcyclohexane,4,MMAO-3A,1000,30,77.6,10.1021/acs.organomet.9b00721
40,,CC1=CC(C)=CC(P(C2=CC(C)=CC(C)=C2)C2=CC=CC3=C2[C@]2(CCC4=CC=CC(P(C5=CC(C)=CC(C)=C5)C5=C(C)C=C(C)C=C5)=C42)CC3)=C1,14000,,,,1.1,,0.5,,,,,60,500psi,0.05,CrCl3(THF)3,1.2,methylcyclohexane,4,MMAO-3A,1000,30,96.2,10.1021/acs.organomet.9b00721
41,,[H][C@@]1(P(C2=CC=CC=C2)C2=CC=CC=C2)C2C=CC(C2)[C@@H]1PC1=CC=CC=C1,62000,,,,6.5,,27.1,,,,,60,500psi,0.05,CrCl3(THF)3,1.2,methylcyclohexane,4,MMAO-3A,1000,30,49.3,10.1021/acs.organomet.9b00721
42,,CC1=C(C2=C(P(C3=CC=CC=C3)C3=CC=CC=C3)C3CCC2(C)C3(C)C)C(P(C2=CC=CC=C2)C2=CC=CC=C2)=C(C)S1,72000,,,,0.7,,0.3,,,,,60,500psi,0.05,CrCl3(THF)3,1.2,methylcyclohexane,4,MMAO-3A,1000,30,96.4,10.1021/acs.organomet.9b00721
43,,C1=CC=C(P(C[C@H]2C[C@@H](P(C3=CC=CC=C3)C3=CC=CC=C3)CN2)C2=CC=CC=C2)C=C1,10000,,,,54.4,,0.4,,,,,60,500psi,0.05,CrCl3(THF)3,1.2,methylcyclohexane,4,MMAO-3A,1000,30,41.3,10.1021/acs.organomet.9b00721
44,,CC(C)(C)CC(=O)N1C[C@@H](P(C2=CC=CC=C2)C2=CC=CC=C2)C[C@H]1CP(C1=CC=CC=C1)C1=CC=CC=C1,13000,,,,8.2,,3.1,,,,,60,500psi,0.05,CrCl3(THF)3,1.2,methylcyclohexane,4,MMAO-3A,1000,30,70.1,10.1021/acs.organomet.9b00721
45,,[H]C(CP(C1=CC=CC=C1)C1=CC=CC=C1)OC(C)(C)OC([H])CP(C1=CC=CC=C1)C1=CC=CC=C1,5000,,,,2.6,,0.7,,,,,60,500psi,0.05,CrCl3(THF)3,1.2,methylcyclohexane,4,MMAO-3A,1000,30,92.6,10.1021/acs.organomet.9b00721
1,,CC(CP(C1=CC=CC=C1)C1=CC=CC=C1)P(C1=CC=CC=C1)C1=CC=CC=C1,577000,,,,13.6,,64.7,55.5,99.2,,,40,40bar,1,CrCl3(THF)3,1,methylcyclohexane,30,MMAO-3A,500,30,3.3,10.1021/cs400651h
1,,CC(CP(C1=CC=CC=C1)C1=CC=CC=C1)P(C1=CC=CC=C1)C1=CC=CC=C1,1100000,,,,25.2,,54.4,75.8,99.4,,,60,40bar,1,CrCl3(THF)3,1,methylcyclohexane,30,MMAO-3A,500,30,6.4,10.1021/cs400651h
1,,CC(CP(C1=CC=CC=C1)C1=CC=CC=C1)P(C1=CC=CC=C1)C1=CC=CC=C1,1542000,,,,27.9,,54.1,77.3,99.3,,,40,40bar,1,CrCl3(THF)3,1,methylcyclohexane,30,MMAO-3A,700,15,1.5,10.1021/cs400651h
2,,C1=CC=C(C(CP(C2=CC=CC=C2)C2=CC=CC=C2)P(C2=CC=CC=C2)C2=CC=CC=C2)C=C1,937000,,,,28.9,,53.6,74.2,98.9,,,40,40bar,1,CrCl3(THF)3,1,methylcyclohexane,30,MMAO-3A,500,30,5.8,10.1021/cs400651h
3,,C1=CC=C(/C(=C/P(C2=CC=CC=C2)C2=CC=CC=C2)P(C2=CC=CC=C2)C2=CC=CC=C2)C=C1,984000,,,,17.6,,52.5,49.7,98.2,,,40,40bar,1,CrCl3(THF)3,1,methylcyclohexane,30,MMAO-3A,500,30,0.8,10.1021/cs400651h
4,,C1=CC=C(P(/C=C(/C2CCCCC2)P(C2=CC=CC=C2)C2=CC=CC=C2)C2=CC=CC=C2)C=C1,1900000,,,,23.1,,50.3,61.4,98.1,,,40,40bar,1,CrCl3(THF)3,1,methylcyclohexane,30,MMAO-3A,500,30,0.8,10.1021/cs400651h
4,,C1=CC=C(P(/C=C(/C2CCCCC2)P(C2=CC=CC=C2)C2=CC=CC=C2)C2=CC=CC=C2)C=C1,2105000,,,,24.2,,51.4,63.4,99.4,,,40,40bar,1,CrCl3(THF)3,1,methylcyclohexane,30,MMAO-3A,500,15,0.2,10.1021/cs400651h
4,,C1=CC=C(P(/C=C(/C2CCCCC2)P(C2=CC=CC=C2)C2=CC=CC=C2)C2=CC=CC=C2)C=C1,2694000,,,,35,,42.8,77.1,99.2,,,60,40bar,1,CrCl3(THF)3,1,methylcyclohexane,30,MMAO-3A,500,15,1,10.1021/cs400651h
4,,C1=CC=C(P(/C=C(/C2CCCCC2)P(C2=CC=CC=C2)C2=CC=CC=C2)C2=CC=CC=C2)C=C1,920000,,,,19.2,,52.9,53.8,98.3,,,40,30bar,1,CrCl3(THF)3,1,methylcyclohexane,30,MMAO-3A,500,30,0.8,10.1021/cs400651h
4,,C1=CC=C(P(/C=C(/C2CCCCC2)P(C2=CC=CC=C2)C2=CC=CC=C2)C2=CC=CC=C2)C=C1,3223000,,,,31.2,,43.3,73.5,99.2,,,40,40bar,1,CrCl3(THF)3,1,methylcyclohexane,30,MMAO-3A,700,15,0.6,10.1021/cs400651h
5,,CC(C)(C)/C(=C/P(C1=CC=CC=C1)C1=CC=CC=C1)P(C1=CC=CC=C1)C1=CC=CC=C1,1926000,,,,39.8,,40.4,83.1,98.6,,,40,40bar,1,CrCl3(THF)3,1,methylcyclohexane,30,MMAO-3A,500,30,0.1,10.1021/cs400651h
5,,CC(C)(C)/C(=C/P(C1=CC=CC=C1)C1=CC=CC=C1)P(C1=CC=CC=C1)C1=CC=CC=C1,3277000,,,,40.7,,39.5,82.6,99,,,40,40bar,1,CrCl3(THF)3,1,methylcyclohexane,30,MMAO-3A,500,15,0.3,10.1021/cs400651h
5,,CC(C)(C)/C(=C/P(C1=CC=CC=C1)C1=CC=CC=C1)P(C1=CC=CC=C1)C1=CC=CC=C1,1908000,,,,24.7,,55.3,66.6,99.6,,,40,40bar,0.6,CrCl3(THF)3,1,methylcyclohexane,30,MMAO-3A,500,30,0.9,10.1021/cs400651h
5,,CC(C)(C)/C(=C/P(C1=CC=CC=C1)C1=CC=CC=C1)P(C1=CC=CC=C1)C1=CC=CC=C1,3869000,,,,53.2,,25.8,91.3,99,,,60,40bar,1,CrCl3(THF)3,1,methylcyclohexane,30,MMAO-3A,500,15,3.4,10.1021/cs400651h
5,,CC(C)(C)/C(=C/P(C1=CC=CC=C1)C1=CC=CC=C1)P(C1=CC=CC=C1)C1=CC=CC=C1,3227000,,,,49.7,,17.5,93.4,98,,,80,40bar,1,CrCl3(THF)3,1,methylcyclohexane,30,MMAO-3A,500,15,9.8,10.1021/cs400651h
5,,CC(C)(C)/C(=C/P(C1=CC=CC=C1)C1=CC=CC=C1)P(C1=CC=CC=C1)C1=CC=CC=C1,2188000,,,,41.6,,35,84.5,99.3,,,40,30bar,1,CrCl3(THF)3,1,methylcyclohexane,30,MMAO-3A,500,30,1,10.1021/cs400651h
5,,CC(C)(C)/C(=C/P(C1=CC=CC=C1)C1=CC=CC=C1)P(C1=CC=CC=C1)C1=CC=CC=C1,1324000,,,,55.2,,19.4,92.5,98.3,,,80,20bar,1,CrCl3(THF)3,1,methylcyclohexane,30,MMAO-3A,500,30,0.8,10.1021/cs400651h
5,,CC(C)(C)/C(=C/P(C1=CC=CC=C1)C1=CC=CC=C1)P(C1=CC=CC=C1)C1=CC=CC=C1,4238000,,,,46,,33.1,87.6,99.3,,,40,40bar,1,CrCl3(THF)3,1,methylcyclohexane,30,MMAO-3A,700,15,0.3,10.1021/cs400651h
5,,CC(C)(C)/C(=C/P(C1=CC=CC=C1)C1=CC=CC=C1)P(C1=CC=CC=C1)C1=CC=CC=C1,1711000,,,,43.3,,34.5,85.7,99.2,,,40,40bar,1,CrCl3(THF)3,1,methylcyclohexane,30,MMAO-3A,300,30,6.8,10.1021/cs400651h
6,,CC(C)N(P(C1=CC=CC=C1)C1=CC=CC=C1)P(C1=CC=CC=C1)C1=CC=CC=C1,305000,,,,9.2,,72.7,63.8,99.2,,,40,40bar,1,CrCl3(THF)3,1,methylcyclohexane,30,MMAO-3A,500,30,1.7,10.1021/cs400651h
7,,C1=CC=C(P(C2=CC=CC=C2)C2=C(P(C3=CC=CC=C3)C3=CC=CC=C3)C=CC=C2)C=C1,1660000,,,,23,,53,66.5,98.6,,,40,40bar,1,CrCl3(THF)3,1,methylcyclohexane,30,MMAO-3A,500,30,1.1,10.1021/cs400651h
8,,C[C@@H]([C@H](C)P(C1=CC=CC=C1)C1=CC=CC=C1)P(C1=CC=CC=C1)C1=CC=CC=C1,1552000,,,,33.4,,52.9,89.3,99.5,,,40,40bar,1,CrCl3(THF)3,1,methylcyclohexane,30,MMAO-3A,500,30,0.7,10.1021/cs400651h
9,,C1=CC=C(P(C2=CC=CC=C2)C2=C(P(C3=CC=CC=C3)C3=CC=CC=C3)C=CC=C2)C=C1,144000,,,,15.7,,59.3,,,,,60,50bar,1,CrCl3(THF)3,1,methylcyclohexane,30,MMAO-3A,500,30,4.9,10.1021/cs400651h
10,,C1=CC=C(P(CCP(C2=CC=CC=C2)C2=CC=CC=C2)C2=CC=CC=C2)C=C1,303000,,,,7.3,,46.7,,,,,60,50bar,1,CrCl3(THF)3,1,methylcyclohexane,30,MMAO-3A,500,30,5.2,10.1021/cs400651h
1,,C[SH](C)CCNCC[SH](C)C,,,77050(h-1),94,93.718,,,99.7,,,,80,40bar,12,CrCl3(THF)3,1,toluene,25,MAO,600,30,0.11,10.1021/ja034752f
1,,C[SH](C)CCNCC[SH](C)C,,,49400(h-1),95,94.81,,,99.8,,,,80,40bar,12,CrCl3(THF)3,1,toluene,25,MAO,600,60,0.32,10.1021/ja034752f
2,,CC[SH](CC)CCNCC[SH](CC)CC,,,75260(h-1),94,93.718,,,99.7,,,,80,40bar,12,CrCl3(THF)3,1,toluene,25,MAO,600,30,0.66,10.1021/ja034752f
2,,CC[SH](CC)CCNCC[SH](CC)CC,,,59780(h-1),95,94.715,,,99.7,,,,80,40bar,12,CrCl3(THF)3,1,toluene,25,MAO,600,60,0.27,10.1021/ja034752f
2,,CC[SH](CC)CCNCC[SH](CC)CC,,160840,298900(h-1),98.4,98.1048,,,99.7,,,,85,,4.6,CrCl3(THF)3,1,toluene,100,MAO,280,30,,10.1021/ja034752f
2,,CC[SH](CC)CCNCC[SH](CC)CC,,56260,104870(h-1),97.1,96.9058,,,99.8,,,,85,,4.3,CrCl3(THF)3,1,toluene,100,MAO,120,30,,10.1021/ja034752f
2,,CC[SH](CC)CCNCC[SH](CC)CC,,113950,211820(h-1),98,97.706,,,99.7,,,,85,,12,CrCl3(THF)3,1,toluene,100,MAO,200,30,,10.1021/ja034752f
2,,CC[SH](CC)CCNCC[SH](CC)CC,,61060,113550(h-1),96.6,96.2136,,,99.6,,,,85,,20,CrCl3(THF)3,1,toluene,100,MAO,120,30,,10.1021/ja034752f
2,,CC[SH](CC)CCNCC[SH](CC)CC,,102470,190560(h-1),96.7,96.3132,,,99.6,,,,85,,20,CrCl3(THF)3,1,toluene,100,MAO,280,30,,10.1021/ja034752f
2,,CC[SH](CC)CCNCC[SH](CC)CC,,46660,86480(h-1),96.4,96.1108,,,99.7,,,,85,,20,CrCl3(THF)3,1,toluene,100,MAO,120,30,,10.1021/ja034752f
3,,CCCC[SH](CC)CCNCC[SH](CCCC)CCCC,,,95470(h-1),93,92.349,,,99.3,,,,80,40bar,12,CrCl3(THF)3,1,toluene,25,MAO,600,30,0.97,10.1021/ja034752f
3,,CCCC[SH](CC)CCNCC[SH](CCCC)CCCC,,,59220(h-1),93,92.721,,,99.7,,,,80,40bar,12,CrCl3(THF)3,1,toluene,25,MAO,600,60,0.5,10.1021/ja034752f
4,,CCCCCCCCCC[SH](CCCCCCCCCC)CCNCC[SH](CCCCCCCCCC)CCCCCCCCCC,,142035,263757(h-1),97.2,96.9084,,,99.7,,,,90,,12,CrCl3(THF)3,1,toluene,100,MAO,100,30,,10.1021/ja034752f
4,,CCCCCCCCCC[SH](CCCCCCCCCC)CCNCC[SH](CCCCCCCCCC)CCCCCCCCCC,,82654,147619(h-1),97.4,97.1078,,,99.7,,,,90,,12,CrCl3(THF)3,1,toluene,100,MAO,30,30,,10.1021/ja034752f
4,,CCCCCCCCCC[SH](CCCCCCCCCC)CCNCC[SH](CCCCCCCCCC)CCCCCCCCCC,,85950,153482(h-1),98.7,98.5026,,,99.8,,,,90,,8,CrCl3(THF)3,1,toluene,100,MAO,50,30,,10.1021/ja034752f
10,,[H]N(C(C)C)[Si](C)(C)C(N1N=C(C)C=C1C)N1N=C(C)C=C1C,25383.6,,,30.2,,27.2,,,,,,60,35bar,20,CrCl3(THF)3,1,toluene,100,MAO,500,30,,10.1039/b926333k
10,,[H]N(C(C)C)[Si](C)(C)C(N1N=C(C)C=C1C)N1N=C(C)C=C1C,62497.5,,,36.6,,25.5,,,,,,60,35bar,20,CrCl2(THF)2,1,toluene,100,MAO,500,30,,10.1039/b926333k
11,,[H]N(C1=CC=CC=C1)[Si](C)(C)C(N1N=C(C)C=C1C)N1N=C(C)C=C1C,14807.1,,,37.1,,26.8,,,,,,60,35bar,20,CrCl3(THF)3,1,toluene,100,MAO,500,30,,10.1039/b926333k
11,,[H]N(C1=CC=CC=C1)[Si](C)(C)C(N1N=C(C)C=C1C)N1N=C(C)C=C1C,50959.5,,,36.8,,26.4,,,,,,60,35bar,20,CrCl2(THF)2,1,toluene,100,MAO,500,30,,10.1039/b926333k
19,,CC1=CC(C)=NN1C(C1=CC(C(C)(C)C)=CC(C(C)(C)C)=C1O)N1N=C(C)C=C1C,24614.4,,,39.2,,25.4,,,,,,60,35bar,20,CrCl3(THF)3,1,toluene,100,MAO,500,30,,10.1039/b926333k
19,,CC1=CC(C)=NN1C(C1=CC(C(C)(C)C)=CC(C(C)(C)C)=C1O)N1N=C(C)C=C1C,24999,,,42.2,,25.7,,,,,,60,35bar,20,CrCl2(THF)2,1,toluene,100,MAO,500,30,,10.1039/b926333k
23,,COC1=C(C(C)(C)C)C=C(C(C)(C)C)C=C1C(N1N=C(C)C=C1C)N1N=C(C)C=C1C,44421.3,,,52.4,,1.421527778,,,,,,60,35bar,20,CrCl3(THF)3,1,toluene,100,MAO,500,30,,10.1039/b926333k
23,,COC1=C(C(C)(C)C)C=C(C(C)(C)C)C=C1C(N1N=C(C)C=C1C)N1N=C(C)C=C1C,30383.4,,,37.6,,25.9,,,,,,60,35bar,20,CrCl2(THF)2,1,toluene,100,MAO,500,30,,10.1039/b926333k
1,,CC1=CC(C)=NN1C(N1N=C(C)C=C1C)N1N=C(C)C=C1C,13268.7,,,91.5,,0.1,,,,,,60,35bar,20,CrCl3(THF)3,1,toluene,100,MAO,500,30,,10.1039/b926333k
1,,[H]C(C1=CC=CC=N1)(N1C=CC=N1)N1C=CC=N1,29135,,,,4.45,,0,,,,,45,45bar,10,Cr(AcAc)3,2,toluene,50,MAO,300,15,,10.1039/c5dt00855g
1(复合物）,,[H]C(C1=CC=CC=N1)(N1C=CC=N1)N1C=CC=N1,20365,,,,4.8,,0,,,,,45,45bar,10,CrCl3(THF)3,1,toluene,50,MAO,300,15,,10.1039/c5dt00855g
2,,C1=CC=C(C(C2=CC=CC=N2)(N2C=CC=N2)N2C=CC=N2)C=C1,4058,,,,6.12,,4.65,,,,,45,45bar,10,Cr(AcAc)3,2,toluene,50,MAO,300,15,,10.1039/c5dt00855g
2(复合物）,,C1=CC=C(C(C2=CC=CC=N2)(N2C=CC=N2)N2C=CC=N2)C=C1,19442,,,,0.5,,0,,,,,45,45bar,10,CrCl3(THF)3,1,toluene,50,MAO,300,15,,10.1039/c5dt00855g
3,,C1=CC=C(C(C2=NC=CC=C2)(N2C=CC=N2)N2C=CC=N2)N=C1,38154,,,,11.8,,11.82,,,,,45,45bar,10,Cr(AcAc)3,2,toluene,50,MAO,300,15,,10.1039/c5dt00855g
3,,C1=CC=C(C(C2=NC=CC=C2)(N2C=CC=N2)N2C=CC=N2)N=C1,36750,,,,8.82,,8.35,,,,,80,30bar,10,Cr(AcAc)3,2,toluene,50,MAO,300,15,,10.1039/c5dt00855g
3,,C1=CC=C(C(C2=NC=CC=C2)(N2C=CC=N2)N2C=CC=N2)N=C1,45788,,,,0.26,,0.19,,,,,45,45bar,10,Cr(AcAc)3,2,toluene,50,MMAO,300,15,,10.1039/c5dt00855g
3(复合物）,,C1=CC=C(C(C2=NC=CC=C2)(N2C=CC=N2)N2C=CC=N2)N=C1,20308,,,,3.3,,0,,,,,45,45bar,10,CrCl3(THF)3,1,toluene,50,MAO,300,15,,10.1039/c5dt00855g
4,,CC1=CC(C)=C(/N=C(/NC2=C(P(C3=CC=CC=C3)C3=CC=CC=C3)C=CC=C2)C2=CC=CC=C2)C(C)=C1,15100,,,40,,48,,,,,,50,40bar,10,CrCl3(THF)3,1,toluene,70,MAO,600,30,,10.1039/c6dt03216h
4,,CC1=CC(C)=C(/N=C(/NC2=C(P(C3=CC=CC=C3)C3=CC=CC=C3)C=CC=C2)C2=CC=CC=C2)C(C)=C1,13200,,,58,,28,,,,,,50,40bar,10,CrCl3(THF)3,1,toluene,70,MAO,800,30,,10.1039/c6dt03216h
4,,CC1=CC(C)=C(/N=C(/NC2=C(P(C3=CC=CC=C3)C3=CC=CC=C3)C=CC=C2)C2=CC=CC=C2)C(C)=C1,12500,,,60,,30,,,,,,50,40bar,10,CrCl3(THF)3,1,toluene,70,MAO,400,30,,10.1039/c6dt03216h
4,,CC1=CC(C)=C(/N=C(/NC2=C(P(C3=CC=CC=C3)C3=CC=CC=C3)C=CC=C2)C2=CC=CC=C2)C(C)=C1,0,,,-,,-,,,,,,50,40bar,10,CrCl3(THF)3,1,toluene,70,Et2AlCl,500,30,,10.1039/c6dt03216h
4,,CC1=CC(C)=C(/N=C(/NC2=C(P(C3=CC=CC=C3)C3=CC=CC=C3)C=CC=C2)C2=CC=CC=C2)C(C)=C1,0,,,-,,-,,,,,,50,40bar,10,CrCl3(THF)3,1,toluene,70,Me3Al,500,30,,10.1039/c6dt03216h
4,,CC1=CC(C)=C(/N=C(/NC2=C(P(C3=CC=CC=C3)C3=CC=CC=C3)C=CC=C2)C2=CC=CC=C2)C(C)=C1,7200,,,60,,29,,,,,,50,40bar,10,CrCl3(THF)3,1,toluene,70,EtAlCl/Me3Al,500,30,,10.1039/c6dt03216h
4,,CC1=CC(C)=C(/N=C(/NC2=C(P(C3=CC=CC=C3)C3=CC=CC=C3)C=CC=C2)C2=CC=CC=C2)C(C)=C1,10600,,,41,,47,,,,,,50,40bar,20,CrCl3(THF)3,1,toluene,70,MAO,600,30,,10.1039/c6dt03216h
4,,CC1=CC(C)=C(/N=C(/NC2=C(P(C3=CC=CC=C3)C3=CC=CC=C3)C=CC=C2)C2=CC=CC=C2)C(C)=C1,18900,,,52,,33,,,,,,70,40bar,10,CrCl3(THF)3,1,toluene,70,MAO,600,30,,10.1039/c6dt03216h
4,,CC1=CC(C)=C(/N=C(/NC2=C(P(C3=CC=CC=C3)C3=CC=CC=C3)C=CC=C2)C2=CC=CC=C2)C(C)=C1,11200,,,40,,49,,,,,,30,40bar,10,CrCl3(THF)3,1,toluene,70,MAO,600,30,,10.1039/c6dt03216h
4,,CC1=CC(C)=C(/N=C(/NC2=C(P(C3=CC=CC=C3)C3=CC=CC=C3)C=CC=C2)C2=CC=CC=C2)C(C)=C1,11300,,,43,,46,,,,,,50,30bar,10,CrCl3(THF)3,1,toluene,70,MAO,600,30,,10.1039/c6dt03216h
4,,CC1=CC(C)=C(/N=C(/NC2=C(P(C3=CC=CC=C3)C3=CC=CC=C3)C=CC=C2)C2=CC=CC=C2)C(C)=C1,10200,,,41,,45,,,,,,50,20bar,10,CrCl3(THF)3,1,toluene,70,MAO,600,30,,10.1039/c6dt03216h
4,,CC1=CC(C)=C(/N=C(/NC2=C(P(C3=CC=CC=C3)C3=CC=CC=C3)C=CC=C2)C2=CC=CC=C2)C(C)=C1,15200,,,41,,49,,,,,,50,40bar,10,CrCl3(THF)3,1,toluene,70,MAO,600,30,,10.1039/c6dt03216h
4,,CC1=CC(C)=C(/N=C(/NC2=C(P(C3=CC=CC=C3)C3=CC=CC=C3)C=CC=C2)C2=CC=CC=C2)C(C)=C1,15100,,,42,,47,,,,,,50,40bar,10,CrCl3(THF)3,1,toluene,70,MAO,600,30,,10.1039/c6dt03216h
4,,CC1=CC(C)=C(/N=C(/NC2=C(P(C3=CC=CC=C3)C3=CC=CC=C3)C=CC=C2)C2=CC=CC=C2)C(C)=C1,12500,,,42,,45,,,,,,50,40bar,10,CrCl3(THF)3,1,toluene,70,MAO,600,30,,10.1039/c6dt03216h
4,,CC1=CC(C)=C(/N=C(/NC2=C(P(C3=CC=CC=C3)C3=CC=CC=C3)C=CC=C2)C2=CC=CC=C2)C(C)=C1,7900,,,40,,45,,,,,,50,40bar,10,CrCl3(THF)3,1,toluene,70,MAO,600,30,,10.1039/c6dt03216h
4,,CC1=CC(C)=C(/N=C(/NC2=C(P(C3=CC=CC=C3)C3=CC=CC=C3)C=CC=C2)C2=CC=CC=C2)C(C)=C1,13700,,,-,,-,,,,,,50,40bar,10,CrCl2(THF)2,1,toluene,70,MAO,600,30,,10.1039/c6dt03216h
5,,CC(C)C1=CC=CC(C(C)C)=C1/N=C(/NC1=C(P(C2=CC=CC=C2)C2=CC=CC=C2)C=CC=C1)C1=CC=CC=C1,11000,,,58,,29,,,,,,50,40bar,10,CrCl3(THF)3,1,toluene,70,MAO,600,30,,10.1039/c6dt03216h
5,,CC(C)C1=CC=CC(C(C)C)=C1/N=C(/NC1=C(P(C2=CC=CC=C2)C2=CC=CC=C2)C=CC=C1)C1=CC=CC=C1,6500,,,-,,-,,,,,,50,40bar,10,CrCl2(THF)2,1,toluene,70,MAO,600,30,,10.1039/c6dt03216h
6,,CC(C)C1=CC=CC(C(C)C)=C1/N=C(/NC1=C(P(C2=CC=CC=C2)C2=CC=CC=C2)C=CC=C1)C(C)(C)C,10400,,,56,,30,,,,,,50,40bar,10,CrCl3(THF)3,1,toluene,70,MAO,600,30,,10.1039/c6dt03216h
1,,CC1=CC=CC=C1P(/C=C(\P(C1=CC=CC=C1)C1=CC=CC=C1)C(C)(C)C)C1=CC=CC=C1,1520000,,,,85.6,,0.4,96.2,99.9,,,60,40bar,1.5,CrCl3(THF)3,1,methylcyclohexane,30,MMAO-3A,700,30,14.5,10.1039/d1cy00423a
,,CC1=CC=CC=C1P(/C=C(\P(C1=CC=CC=C1)C1=CC=CC=C1)C(C)(C)C)C1=CC=CC=C1,1360000,,,,76.3,,0.4,95.8,99.9,,,60,20bar,1.5,CrCl3(THF)3,1,methylcyclohexane,30,MMAO-3A,700,30,1.8,10.1039/d1cy00423a
,,CC1=CC=CC=C1P(/C=C(\P(C1=CC=CC=C1)C1=CC=CC=C1)C(C)(C)C)C1=CC=CC=C1,1180000,,,,68,,0.2,94.5,99.9,,,60,10bar,1.5,CrCl3(THF)3,1,methylcyclohexane,30,MMAO-3A,700,30,0.6,10.1039/d1cy00423a
,,CC1=CC=CC=C1P(/C=C(\P(C1=CC=CC=C1)C1=CC=CC=C1)C(C)(C)C)C1=CC=CC=C1,570000,,,,69.6,,0.2,94.5,99.9,,,60,5bar,1.5,CrCl3(THF)3,1,methylcyclohexane,30,MMAO-3A,700,30,0.1,10.1039/d1cy00423a
,,CC1=CC=CC=C1P(/C=C(\P(C1=CC=CC=C1)C1=CC=CC=C1)C(C)(C)C)C1=CC=CC=C1,960000,,,,75.1,,0.2,93.9,99.9,,,60,20bar,1.5,CrCl3(THF)3,1,methylcyclohexane,30,MMAO-3A,500,30,1.7,10.1039/d1cy00423a
,,CC1=CC=CC=C1P(/C=C(\P(C1=CC=CC=C1)C1=CC=CC=C1)C(C)(C)C)C1=CC=CC=C1,260000,,,,66.2,,1.6,95.6,99.9,,,40,20bar,1.5,CrCl3(THF)3,1,methylcyclohexane,30,MMAO-3A,700,30,2,10.1039/d1cy00423a
,,CC1=CC=CC=C1P(/C=C(\P(C1=CC=CC=C1)C1=CC=CC=C1)C(C)(C)C)C1=CC=CC=C1,1360000,,,,76.3,,0.4,95.8,99.9,,,60,20bar,1.5,CrCl3(THF)3,1,methylcyclohexane,30,MMAO-3A,700,30,1.8,10.1039/d1cy00423a
,,CC1=CC=CC=C1P(/C=C(\P(C1=CC=CC=C1)C1=CC=CC=C1)C(C)(C)C)C1=CC=CC=C1,1530000,,,,64.1,,0.3,94.5,99.9,,,80,20bar,1.5,CrCl3(THF)3,1,methylcyclohexane,30,MMAO-3A,700,30,3.6,10.1039/d1cy00423a
,,CC1=CC=CC=C1P(/C=C(\P(C1=CC=CC=C1)C1=CC=CC=C1)C(C)(C)C)C1=CC=CC=C1,1050000,,,,71.2,,0.14,93.9,99.9,,,80,10bar,1.5,CrCl3(THF)3,1,methylcyclohexane,30,MMAO-3A,700,30,1.3,10.1039/d1cy00423a
1,,C1=CN=C(C2=NC=CC=C2)C=C1,,,1022,24,15,,,,,,,60,2MPa,11,Cr(EH)3,1,cyclohexane,20,TEA,20,60,2,10.1007/s10562-019-03080-3
,,C1=CN=C(C2=NC=CC=C2)C=C1,,,326,15,6,,,,,,,60,3MPa,11,Cr(EH)3,1,cyclohexane,20,TEA,20,60,9,10.1007/s10562-019-03080-3
,,C1=CN=C(C2=NC=CC=C2)C=C1,,,914,22,15,,,,,,,80,2MPa,11,Cr(EH)3,1,cyclohexane,20,TEA,20,60,5,10.1007/s10562-019-03080-3
,,C1=CN=C(C2=NC=CC=C2)C=C1,,,1924,28,18,,,,,,,80,3MPa,11,Cr(EH)3,1,cyclohexane,20,TEA,20,60,4,10.1007/s10562-019-03080-3
,,C1=CN=C(C2=NC=CC=C2)C=C1,,,400,26,11,,,,,,,60,2MPa,11,Cr(AcAc)3,1,cyclohexane,20,TEA,20,60,51,10.1007/s10562-019-03080-3
,,C1=CN=C(C2=NC=CC=C2)C=C1,,,709,29,12,,,,,,,60,3MPa,11,Cr(AcAc)3,1,cyclohexane,20,TEA,20,60,34,10.1007/s10562-019-03080-3
,,C1=CN=C(C2=NC=CC=C2)C=C1,,,392,16,13,,,,,,,80,2MPa,11,Cr(AcAc)3,1,cyclohexane,20,TEA,20,60,57,10.1007/s10562-019-03080-3
,,C1=CN=C(C2=NC=CC=C2)C=C1,,,743,27,13,,,,,,,80,3MPa,11,Cr(AcAc)3,1,cyclohexane,20,TEA,20,60,46,10.1007/s10562-019-03080-3
2,,C1=CN=C2C(=C1)C=CC1=CC=CN=C12,,,765,26,22,,,,,,,60,2MPa,11,Cr(EH)3,1,cyclohexane,20,TEA,20,60,32,10.1007/s10562-019-03080-3
,,C1=CN=C2C(=C1)C=CC1=CC=CN=C12,,,1403,22,17,,,,,,,60,3MPa,11,Cr(EH)3,1,cyclohexane,20,TEA,20,60,24,10.1007/s10562-019-03080-3
,,C1=CN=C2C(=C1)C=CC1=CC=CN=C12,,,659,18,13,,,,,,,80,2MPa,11,Cr(EH)3,1,cyclohexane,20,TEA,20,60,23,10.1007/s10562-019-03080-3
,,C1=CN=C2C(=C1)C=CC1=CC=CN=C12,,,1042,20,15,,,,,,,80,3MPa,11,Cr(EH)3,1,cyclohexane,20,TEA,20,60,26,10.1007/s10562-019-03080-3
,,C1=CN=C2C(=C1)C=CC1=CC=CN=C12,,,580,22,12,,,,,,,60,2MPa,11,Cr(EH)3,1,cyclohexane,20,TEA,20,60,59,10.1007/s10562-019-03080-3
,,C1=CN=C2C(=C1)C=CC1=CC=CN=C12,,,666,21,13,,,,,,,60,3MPa,11,Cr(EH)3,1,cyclohexane,20,TEA,20,60,65,10.1007/s10562-019-03080-3
,,C1=CN=C2C(=C1)C=CC1=CC=CN=C12,,,1048,25,22,,,,,,,80,2MPa,11,Cr(EH)3,1,cyclohexane,20,TEA,20,60,50,10.1007/s10562-019-03080-3
,,C1=CN=C2C(=C1)C=CC1=CC=CN=C12,,,1442,32,24,,,,,,,80,3MPa,11,Cr(EH)3,1,cyclohexane,20,TEA,20,60,52,10.1007/s10562-019-03080-3
3,,C(/C=N/C1CCCCC1)=N\C1CCCCC1,,,1948,21,18,,,,,,,60,2MPa,11,Cr(EH)3,1,cyclohexane,20,TEA,20,60,17,10.1007/s10562-019-03080-3
,,C(/C=N/C1CCCCC1)=N\C1CCCCC1,,,2832,21,17,,,,,,,60,3MPa,11,Cr(EH)3,1,cyclohexane,20,TEA,20,60,16,10.1007/s10562-019-03080-3
,,C(/C=N/C1CCCCC1)=N\C1CCCCC1,,,1954,34,28,,,,,,,80,2MPa,11,Cr(EH)3,1,cyclohexane,20,TEA,20,60,17,10.1007/s10562-019-03080-3
,,C(/C=N/C1CCCCC1)=N\C1CCCCC1,,,2338,26,21,,,,,,,80,3MPa,11,Cr(EH)3,1,cyclohexane,20,TEA,20,60,17,10.1007/s10562-019-03080-3
,,C(/C=N/C1CCCCC1)=N\C1CCCCC1,,,1594,13,12,,,,,,,60,2MPa,11,Cr(EH)3,1,cyclohexane,20,TEA,20,60,25,10.1007/s10562-019-03080-3
,,C(/C=N/C1CCCCC1)=N\C1CCCCC1,,,511,11,10,,,,,,,60,3MPa,11,Cr(EH)3,1,cyclohexane,20,TEA,20,60,46,10.1007/s10562-019-03080-3
,,C(/C=N/C1CCCCC1)=N\C1CCCCC1,,,706,17,16,,,,,,,80,2MPa,11,Cr(EH)3,1,cyclohexane,20,TEA,20,60,49,10.1007/s10562-019-03080-3
,,C(/C=N/C1CCCCC1)=N\C1CCCCC1,,,1805,24,21,,,,,,,80,3MPa,11,Cr(EH)3,1,cyclohexane,20,TEA,20,60,42,10.1007/s10562-019-03080-3
4,,CC(C)C1=CC=CC(C(C)C)=C1/N=C/C=N/C1=C(C(C)C)C=CC=C1C(C)C,,,194,15,6,,,,,,,60,2MPa,11,Cr(EH)3,1,cyclohexane,20,TEA,20,60,74,10.1007/s10562-019-03080-3
,,CC(C)C1=CC=CC(C(C)C)=C1/N=C/C=N/C1=C(C(C)C)C=CC=C1C(C)C,,,900,18,11,,,,,,,60,3MPa,11,Cr(EH)3,1,cyclohexane,20,TEA,20,60,63,10.1007/s10562-019-03080-3
,,CC(C)C1=CC=CC(C(C)C)=C1/N=C/C=N/C1=C(C(C)C)C=CC=C1C(C)C,,,498,23,11,,,,,,,80,2MPa,11,Cr(EH)3,1,cyclohexane,20,TEA,20,60,49,10.1007/s10562-019-03080-3
,,CC(C)C1=CC=CC(C(C)C)=C1/N=C/C=N/C1=C(C(C)C)C=CC=C1C(C)C,,,676,27,12,,,,,,,80,3MPa,11,Cr(EH)3,1,cyclohexane,20,TEA,20,60,42,10.1007/s10562-019-03080-3
,,CC(C)C1=CC=CC(C(C)C)=C1/N=C/C=N/C1=C(C(C)C)C=CC=C1C(C)C,,,670,24,16,,,,,,,60,2MPa,11,Cr(EH)3,1,cyclohexane,20,TEA,20,60,53,10.1007/s10562-019-03080-3
,,CC(C)C1=CC=CC(C(C)C)=C1/N=C/C=N/C1=C(C(C)C)C=CC=C1C(C)C,,,1193,16,15,,,,,,,60,3MPa,11,Cr(EH)3,1,cyclohexane,20,TEA,20,60,72,10.1007/s10562-019-03080-3
,,CC(C)C1=CC=CC(C(C)C)=C1/N=C/C=N/C1=C(C(C)C)C=CC=C1C(C)C,,,833,24,20,,,,,,,80,2MPa,11,Cr(EH)3,1,cyclohexane,20,TEA,20,60,48,10.1007/s10562-019-03080-3
,,CC(C)C1=CC=CC(C(C)C)=C1/N=C/C=N/C1=C(C(C)C)C=CC=C1C(C)C,,,973,19,17,,,,,,,80,3MPa,11,Cr(EH)3,1,cyclohexane,20,TEA,20,60,66,10.1007/s10562-019-03080-3
1,,CC1=CC=CC(C(N2N=C(C)C=C2C)N2N=C(C)C=C2C)=N1,38200,,,97.8,,1.1,,,,,,80,30bar,8.9,CrCl3(THF)3,1,toluene,60,MAO,200,30,<0.1,10.1039/b909685j
2,,CC1=CC(C)=NN1C(C1=NC=CC=C1)N1N=C(C)C=C1C,670,,,49.4,,19.1,,,,,,80,30bar,10.5,CrCl3(THF)3,1,toluene,60,MAO,200,30,15.1,10.1039/b909685j
3,,CC1=CC(C)=NN1C(C1=NC=CN1C)N1N=C(C)C=C1C,53000,,,98.5,,1.4,,,,,,80,30bar,7.9,CrCl3(THF)3,1,toluene,60,MAO,200,30,<0.1,10.1039/b909685j
3,,CC1=CC(C)=NN1C(C1=NC=CN1C)N1N=C(C)C=C1C,35000,,,97.8,,1.3,,,,,,80,30bar,9.1,CrCl3(THF)3,1,toluene,60,MAO,200,60,<0.1,10.1039/b909685j
4,,CC1=CC(C)=NN1C(C1=NC(C)=C(C)N1C)N1N=C(C)C=C1C,11000,,,93.4,,1.5,,,,,,80,30bar,8.5,CrCl3(THF)3,1,toluene,60,MAO,200,30,<0.1,10.1039/b909685j
6,,CC1=CC(C)=NN1C(N1N=C(C)C=C1C)N1N=C(C)C=C1C,32400,,,97.6,,1.3,,,,,,80,30bar,8.7,CrCl3(THF)3,1,toluene,60,MAO,200,30,<0.1,10.1039/b909685j
7,,CC1=CC(C)=NN1CCC(N1N=C(C)C=C1C)N1N=C(C)C=C1C,27000,,,22.5,,24,,,,,,80,30bar,10.1,CrCl3(THF)3,1,toluene,60,MAO,200,30,7.5,10.1039/b909685j
8,,CC1=CC(C)=NN1C(CNCC1=CC=CC=C1)N1N=C(C)C=C1C,10500,,,92.6,,3.5,,,,,,80,30bar,8,CrCl3(THF)3,1,toluene,60,MAO,200,30,0.5,10.1039/b909685j
,,CC1=CC(C)=NN1C(CNCC1=CC=CC=C1)N1N=C(C)C=C1C,8900,,,97.1,,0.9,,,,,,60,30bar,8.2,CrCl3(THF)3,1,toluene,60,MAO,200,30,<0.1,10.1039/b909685j
9,,CCCCCCNCC(N1N=C(C)C=C1C)N1N=C(C)C=C1C,17000,,,79.6,,8.8,,,,,,80,30bar,8.7,CrCl3(THF)3,1,toluene,60,MAO,200,30,5.3,10.1039/b909685j
10,,CC1=CC(C)=NN1C(CNC1CCCCC1)N1N=C(C)C=C1C,5100,,,79.1,,6.3,,,,,,80,30bar,8.5,CrCl3(THF)3,1,toluene,60,MAO,200,30,1,10.1039/b909685j
13,,CC1=CC(C)=NN1C(CN)N1N=C(C)C=C1C,12000,,,93.1,,3.8,,,,,,80,30bar,8.5,CrCl3(THF)3,1,toluene,60,MAO,200,30,<0.1,10.1039/b909685j
14,,C1=CC=C(CNCC(N2C=CC=N2)N2C=CC=N2)C=C1,9800,,,66.5,,11.7,,,,,,80,30bar,8.1,CrCl3(THF)3,1,toluene,60,MAO,200,30,7.8,10.1039/b909685j
1,,[H]N(C(C)C)P(C1=CC=CC=C1)N(C(C)C)P(C1=CC=CC=C1)C1=CC=CC=C1,,5000,,28.7,,61.8,,,,78.8,,50,30bar,30,Cr(AcAc)3,1.2,Toluene,100,MMAO-3A,300,60,4.6, 10.1039/c4cy01441c
,,[H]N(C(C)C)P(C1=CC=CC=C1)N(C(C)C)P(C1=CC=CC=C1)C1=CC=CC=C1,,31000,,46.2,,46,,,,85.1,,50,30bar,30,Cr(AcAc)3,1.2,Chlorobenzene,100,MMAO-3A,300,60,3.7, 10.1039/c4cy01441c
,,[H]N(C(C)C)P(C1=CC=CC=C1)N(C(C)C)P(C1=CC=CC=C1)C1=CC=CC=C1,,50000,,44.3,,46.7,,,,84.1,,50,30bar,30,Cr(AcAc)3,1.2,o-Dichlorobenzene,100,MMAO-3A,300,60,3.5, 10.1039/c4cy01441c
,,[H]N(C(C)C)P(C1=CC=CC=C1)N(C(C)C)P(C1=CC=CC=C1)C1=CC=CC=C1,,27000,,41.7,,49.8,,,,80.8,,50,30bar,30,Cr(AcAc)3,1.2,Fluorobenzene,100,MMAO-3A,300,60,5.8, 10.1039/c4cy01441c
,,[H]N(C(C)C)P(C1=CC=CC=C1)N(C(C)C)P(C1=CC=CC=C1)C1=CC=CC=C1,,18000,,45.4,,49.3,,,,80.5,,50,30bar,30,Cr(AcAc)3,1.2,p-Fluorotoluene,100,MMAO-3A,300,60,8.7, 10.1039/c4cy01441c
2,,CC(C)N(P(C1=CC=CC=C1)C1=CC=CC=C1)P(C1=CC=CC=C1)N(C)C1CCCCC1,,23000,,32.9,,61.2,,,,91.4,,50,30bar,15,Cr(AcAc)3,1.2,Toluene,100,MMAO-3A,300,60,0.4, 10.1039/c4cy01441c
,,CC(C)N(P(C1=CC=CC=C1)C1=CC=CC=C1)P(C1=CC=CC=C1)N(C)C1CCCCC1,,220000,,35.4,,52.9,,,,85.9,,50,30bar,7.5,Cr(AcAc)3,1.2,Chlorobenzene,100,MMAO-3A,300,51,0.2, 10.1039/c4cy01441c
3,,CCN(C)P(C1=CC=CC=C1)N(C1CCCCC1)P(C1=CC=CC=C1)C1=CC=CC=C1,,34000,,31.3,,64.5,,,,89.6,,50,30bar,9,Cr(AcAc)3,1.2,Toluene,100,MMAO-3A,300,60,1.5, 10.1039/c4cy01441c
,,CCN(C)P(C1=CC=CC=C1)N(C1CCCCC1)P(C1=CC=CC=C1)C1=CC=CC=C1,,421000,,35,,56.9,,,,88,,50,30bar,3,Cr(AcAc)3,1.2,Chlorobenzene,100,MMAO-3A,300,60,1, 10.1039/c4cy01441c
Cr4,,CC1=CC=CC(C)=C1N/N=C(\C)C1=CC=C2CC(C)(C)/C(=N\NC3=C(C)C=CC=C3C)C2=N1,332000g(PE) mol-1(Cr) h-1,,,,,,,,,,,20,10atm,5,CrCl3(THF)3,1,toluene,100,MMAO,2000,30,,10.1039/c6ra21914d
Cr4,,CC1=CC=CC(C)=C1N/N=C(\C)C1=CC=C2CC(C)(C)/C(=N\NC3=C(C)C=CC=C3C)C2=N1,444000g(PE) mol-1(Cr) h-1,,,,,,,,,,,30,10atm,5,CrCl3(THF)3,1,toluene,100,MMAO,2000,30,,10.1039/c6ra21914d
Cr4,,CC1=CC=CC(C)=C1N/N=C(\C)C1=CC=C2CC(C)(C)/C(=N\NC3=C(C)C=CC=C3C)C2=N1,232000g(PE) mol-1(Cr) h-1,,,,,,,,,,,40,10atm,5,CrCl3(THF)3,1,toluene,100,MMAO,2000,30,,10.1039/c6ra21914d
Cr4,,CC1=CC=CC(C)=C1N/N=C(\C)C1=CC=C2CC(C)(C)/C(=N\NC3=C(C)C=CC=C3C)C2=N1,176000g(PE) mol-1(Cr) h-1,,,,,,,,,,,50,10atm,5,CrCl3(THF)3,1,toluene,100,MMAO,2000,30,,10.1039/c6ra21914d
Cr4,,CC1=CC=CC(C)=C1N/N=C(\C)C1=CC=C2CC(C)(C)/C(=N\NC3=C(C)C=CC=C3C)C2=N1,68000g(PE) mol-1(Cr) h-1,,,,,,,,,,,60,10atm,5,CrCl3(THF)3,1,toluene,100,MMAO,2000,30,,10.1039/c6ra21914d
Cr4,,CC1=CC=CC(C)=C1N/N=C(\C)C1=CC=C2CC(C)(C)/C(=N\NC3=C(C)C=CC=C3C)C2=N1,204000g(PE) mol-1(Cr) h-1,,,,,,,,,,,30,10atm,5,CrCl3(THF)3,1,toluene,100,MMAO,1500,30,,10.1039/c6ra21914d
Cr4,,CC1=CC=CC(C)=C1N/N=C(\C)C1=CC=C2CC(C)(C)/C(=N\NC3=C(C)C=CC=C3C)C2=N1,236000g(PE) mol-1(Cr) h-1,,,,,,,,,,,30,10atm,5,CrCl3(THF)3,1,toluene,100,MMAO,1750,30,,10.1039/c6ra21914d
Cr4,,CC1=CC=CC(C)=C1N/N=C(\C)C1=CC=C2CC(C)(C)/C(=N\NC3=C(C)C=CC=C3C)C2=N1,248000g(PE) mol-1(Cr) h-1,,,,,,,,,,,30,10atm,5,CrCl3(THF)3,1,toluene,100,MMAO,2250,30,,10.1039/c6ra21914d
Cr4,,CC1=CC=CC(C)=C1N/N=C(\C)C1=CC=C2CC(C)(C)/C(=N\NC3=C(C)C=CC=C3C)C2=N1,192000g(PE) mol-1(Cr) h-1,,,,,,,,,,,30,10atm,5,CrCl3(THF)3,1,toluene,100,MMAO,2500,30,,10.1039/c6ra21914d
Cr4,,CC1=CC=CC(C)=C1N/N=C(\C)C1=CC=C2CC(C)(C)/C(=N\NC3=C(C)C=CC=C3C)C2=N1,288000g(PE) mol-1(Cr) h-1,,,,,,,,,,,30,10atm,5,CrCl3(THF)3,1,toluene,100,MMAO,2000,5,,10.1039/c6ra21914d
Cr4,,CC1=CC=CC(C)=C1N/N=C(\C)C1=CC=C2CC(C)(C)/C(=N\NC3=C(C)C=CC=C3C)C2=N1,636000g(PE) mol-1(Cr) h-1,,,,,,,,,,,30,10atm,5,CrCl3(THF)3,1,toluene,100,MMAO,2000,10,,10.1039/c6ra21914d
Cr4,,CC1=CC=CC(C)=C1N/N=C(\C)C1=CC=C2CC(C)(C)/C(=N\NC3=C(C)C=CC=C3C)C2=N1,472000g(PE) mol-1(Cr) h-1,,,,,,,,,,,30,10atm,5,CrCl3(THF)3,1,toluene,100,MMAO,2000,15,,10.1039/c6ra21914d
Cr4,,CC1=CC=CC(C)=C1N/N=C(\C)C1=CC=C2CC(C)(C)/C(=N\NC3=C(C)C=CC=C3C)C2=N1,336000g(PE) mol-1(Cr) h-1,,,,,,,,,,,30,10atm,5,CrCl3(THF)3,1,toluene,100,MMAO,2000,45,,10.1039/c6ra21914d
Cr4,,CC1=CC=CC(C)=C1N/N=C(\C)C1=CC=C2CC(C)(C)/C(=N\NC3=C(C)C=CC=C3C)C2=N1,284000g(PE) mol-1(Cr) h-1,,,,,,,,,,,30,10atm,5,CrCl3(THF)3,1,toluene,100,MMAO,2000,60,,10.1039/c6ra21914d
Cr4,,CC1=CC=CC(C)=C1N/N=C(\C)C1=CC=C2CC(C)(C)/C(=N\NC3=C(C)C=CC=C3C)C2=N1,208000g(PE) mol-1(Cr) h-1,,,,,,,,,,,30,5atm,5,CrCl3(THF)3,1,toluene,100,MMAO,2000,30,,10.1039/c6ra21914d
Cr4,,CC1=CC=CC(C)=C1N/N=C(\C)C1=CC=C2CC(C)(C)/C(=N\NC3=C(C)C=CC=C3C)C2=N1,224000g(PE) mol-1(Cr) h-1,,,,,,,,,,,20,10atm,5,CrCl3(THF)3,1,toluene,100,EASC,500,30,,10.1039/c6ra21914d
Cr4,,CC1=CC=CC(C)=C1N/N=C(\C)C1=CC=C2CC(C)(C)/C(=N\NC3=C(C)C=CC=C3C)C2=N1,244000g(PE) mol-1(Cr) h-1,,,,,,,,,,,30,10atm,5,CrCl3(THF)3,1,toluene,100,EASC,500,30,,10.1039/c6ra21914d
Cr4,,CC1=CC=CC(C)=C1N/N=C(\C)C1=CC=C2CC(C)(C)/C(=N\NC3=C(C)C=CC=C3C)C2=N1,184000g(PE) mol-1(Cr) h-1,,,,,,,,,,,40,10atm,5,CrCl3(THF)3,1,toluene,100,EASC,500,30,,10.1039/c6ra21914d
Cr4,,CC1=CC=CC(C)=C1N/N=C(\C)C1=CC=C2CC(C)(C)/C(=N\NC3=C(C)C=CC=C3C)C2=N1,128000g(PE) mol-1(Cr) h-1,,,,,,,,,,,50,10atm,5,CrCl3(THF)3,1,toluene,100,EASC,500,30,,10.1039/c6ra21914d
Cr4,,CC1=CC=CC(C)=C1N/N=C(\C)C1=CC=C2CC(C)(C)/C(=N\NC3=C(C)C=CC=C3C)C2=N1,100000g(PE) mol-1(Cr) h-1,,,,,,,,,,,60,10atm,5,CrCl3(THF)3,1,toluene,100,EASC,500,30,,10.1039/c6ra21914d
Cr4,,CC1=CC=CC(C)=C1N/N=C(\C)C1=CC=C2CC(C)(C)/C(=N\NC3=C(C)C=CC=C3C)C2=N1,176000g(PE) mol-1(Cr) h-1,,,,,,,,,,,30,10atm,5,CrCl3(THF)3,1,toluene,100,EASC,400,30,,10.1039/c6ra21914d
Cr4,,CC1=CC=CC(C)=C1N/N=C(\C)C1=CC=C2CC(C)(C)/C(=N\NC3=C(C)C=CC=C3C)C2=N1,292000g(PE) mol-1(Cr) h-1,,,,,,,,,,,30,10atm,5,CrCl3(THF)3,1,toluene,100,EASC,600,30,,10.1039/c6ra21914d
Cr4,,CC1=CC=CC(C)=C1N/N=C(\C)C1=CC=C2CC(C)(C)/C(=N\NC3=C(C)C=CC=C3C)C2=N1,324000g(PE) mol-1(Cr) h-1,,,,,,,,,,,30,10atm,5,CrCl3(THF)3,1,toluene,100,EASC,700,30,,10.1039/c6ra21914d
Cr4,,CC1=CC=CC(C)=C1N/N=C(\C)C1=CC=C2CC(C)(C)/C(=N\NC3=C(C)C=CC=C3C)C2=N1,276000g(PE) mol-1(Cr) h-1,,,,,,,,,,,30,10atm,5,CrCl3(THF)3,1,toluene,100,EASC,800,30,,10.1039/c6ra21914d
Cr4,,CC1=CC=CC(C)=C1N/N=C(\C)C1=CC=C2CC(C)(C)/C(=N\NC3=C(C)C=CC=C3C)C2=N1,224000g(PE) mol-1(Cr) h-1,,,,,,,,,,,30,10atm,5,CrCl3(THF)3,1,toluene,100,EASC,900,30,,10.1039/c6ra21914d
Cr4,,CC1=CC=CC(C)=C1N/N=C(\C)C1=CC=C2CC(C)(C)/C(=N\NC3=C(C)C=CC=C3C)C2=N1,240000g(PE) mol-1(Cr) h-1,,,,,,,,,,,30,10atm,5,CrCl3(THF)3,1,toluene,100,EASC,700,5,,10.1039/c6ra21914d
Cr4,,CC1=CC=CC(C)=C1N/N=C(\C)C1=CC=C2CC(C)(C)/C(=N\NC3=C(C)C=CC=C3C)C2=N1,324000g(PE) mol-1(Cr) h-1,,,,,,,,,,,30,10atm,5,CrCl3(THF)3,1,toluene,100,EASC,700,10,,10.1039/c6ra21914d
Cr4,,CC1=CC=CC(C)=C1N/N=C(\C)C1=CC=C2CC(C)(C)/C(=N\NC3=C(C)C=CC=C3C)C2=N1,344000g(PE) mol-1(Cr) h-1,,,,,,,,,,,30,10atm,5,CrCl3(THF)3,1,toluene,100,EASC,700,15,,10.1039/c6ra21914d
Cr4,,CC1=CC=CC(C)=C1N/N=C(\C)C1=CC=C2CC(C)(C)/C(=N\NC3=C(C)C=CC=C3C)C2=N1,269000g(PE) mol-1(Cr) h-1,,,,,,,,,,,30,10atm,5,CrCl3(THF)3,1,toluene,100,EASC,700,45,,10.1039/c6ra21914d
Cr4,,CC1=CC=CC(C)=C1N/N=C(\C)C1=CC=C2CC(C)(C)/C(=N\NC3=C(C)C=CC=C3C)C2=N1,232000g(PE) mol-1(Cr) h-1,,,,,,,,,,,30,10atm,5,CrCl3(THF)3,1,toluene,100,EASC,700,60,,10.1039/c6ra21914d
Cr4,,CC1=CC=CC(C)=C1N/N=C(\C)C1=CC=C2CC(C)(C)/C(=N\NC3=C(C)C=CC=C3C)C2=N1,100000g(PE) mol-1(Cr) h-1,,,,,,,,,,,30,10atm,5,CrCl3(THF)3,1,toluene,100,EASC,700,30,,10.1039/c6ra21914d
Cr1,,CC1=CC=CC(C)=C1N/N=C(\C)C1=CC=C2CC(C)(C)/C(=N\NC3=C(C)C=CC=C3C)C2=N1,120000g(PE) mol-1(Cr) h-1,,,,,,,,,,,30,10atm,5,CrCl3(THF)3,1,toluene,100,MMAO,2000,30,,10.1039/c6ra21914d
Cr1,,CC1=CC=CC(C)=C1N/N=C(\C)C1=CC=C2CC(C)(C)/C(=N\NC3=C(C)C=CC=C3C)C2=N1,164000g(PE) mol-1(Cr) h-1,,,,,,,,,,,30,10atm,5,CrCl3(THF)3,1,toluene,100,EASC,700,30,,10.1039/c6ra21914d
Cr2,,CCC1=CC=CC(CC)=C1N/N=C(\C)C1=CC=C2CC(C)(C)/C(=N\NC3=C(CC)C=CC=C3CC)C2=N1,128000g(PE) mol-1(Cr) h-1,,,,,,,,,,,30,10atm,5,CrCl3(THF)3,1,toluene,100,MMAO,2000,30,,10.1039/c6ra21914d
Cr2,,CCC1=CC=CC(CC)=C1N/N=C(\C)C1=CC=C2CC(C)(C)/C(=N\NC3=C(CC)C=CC=C3CC)C2=N1,228000g(PE) mol-1(Cr) h-1,,,,,,,,,,,30,10atm,5,CrCl3(THF)3,1,toluene,100,EASC,700,30,,10.1039/c6ra21914d
Cr3,,C/C(=N\NC1=C(C(C)C)C=CC=C1C(C)C)C1=CC=C2CC(C)(C)/C(=N\NC3=C(C(C)C)C=CC=C3C(C)C)C2=N1,156000g(PE) mol-1(Cr) h-1,,,,,,,,,,,30,10atm,5,CrCl3(THF)3,1,toluene,100,MMAO,2000,30,,10.1039/c6ra21914d
Cr3,,C/C(=N\NC1=C(C(C)C)C=CC=C1C(C)C)C1=CC=C2CC(C)(C)/C(=N\NC3=C(C(C)C)C=CC=C3C(C)C)C2=N1,564000g(PE) mol-1(Cr) h-1,,,,,,,,,,,30,10atm,5,CrCl3(THF)3,1,toluene,100,EASC,700,30,,10.1039/c6ra21914d
Cr5,,CCC1=CC(C)=CC(CC)=C1N/N=C(\C)C1=CC=C2CC(C)(C)/C(=N\NC3=C(CC)C=C(C)C=C3CC)C2=N1,192000g(PE) mol-1(Cr) h-1,,,,,,,,,,,30,10atm,5,CrCl3(THF)3,1,toluene,100,MMAO,2000,30,,10.1039/c6ra21914d
Cr5,,CCC1=CC(C)=CC(CC)=C1N/N=C(\C)C1=CC=C2CC(C)(C)/C(=N\NC3=C(CC)C=C(C)C=C3CC)C2=N1,300000g(PE) mol-1(Cr) h-1,,,,,,,,,,,30,10atm,5,CrCl3(THF)3,1,toluene,100,EASC,700,30,,10.1039/c6ra21914d
1,,CC(C)C1=CC=CC(C(C)C)=C1N(P(C1=CC=CC=C1)C1=CC=CC=C1)[Si](C)(C)P(C1=CC=CC=C1)C1=CC=CC=C1,123077,,,89,,10,,,,,,45,1MPa,0.3,CrCl3(THF)3,1,methylcyclohexane,20,DMAO : AlEt3 = 4 : 1,1000,30,,10.1039/c7cy01561e
,,CC(C)C1=CC=CC(C(C)C)=C1N(P(C1=CC=CC=C1)C1=CC=CC=C1)[Si](C)(C)P(C1=CC=CC=C1)C1=CC=CC=C1,9615,,,60,,39,,,,,,0,1MPa,4.8,CrCl3(THF)3,1,methylcyclohexane,20,DMAO : AlEt3 = 4 : 1,500,30,,10.1039/c7cy01561e
,,CC(C)C1=CC=CC(C(C)C)=C1N(P(C1=CC=CC=C1)C1=CC=CC=C1)[Si](C)(C)P(C1=CC=CC=C1)C1=CC=CC=C1,36538,,,86,,5,,,,,,45,1MPa,4.8,CrCl3(THF)3,1,methylcyclohexane,20,DMAO : AlEt3 = 4 : 1,500,30,,10.1039/c7cy01561e
,,CC(C)C1=CC=CC(C(C)C)=C1N(P(C1=CC=CC=C1)C1=CC=CC=C1)[Si](C)(C)P(C1=CC=CC=C1)C1=CC=CC=C1,30769,,,88,,4,,,,,,60,1MPa,4.8,CrCl3(THF)3,1,methylcyclohexane,20,DMAO : AlEt3 = 4 : 1,500,30,,10.1039/c7cy01561e
,,CC(C)C1=CC=CC(C(C)C)=C1N(P(C1=CC=CC=C1)C1=CC=CC=C1)[Si](C)(C)P(C1=CC=CC=C1)C1=CC=CC=C1,34615,,,86,,11,,,,,,45,1MPa,1.2,CrCl3(THF)3,1,methylcyclohexane,20,DMAO : AlEt3 = 4 : 1,500,30,,10.1039/c7cy01561e
,,CC(C)C1=CC=CC(C(C)C)=C1N(P(C1=CC=CC=C1)C1=CC=CC=C1)[Si](C)(C)P(C1=CC=CC=C1)C1=CC=CC=C1,105769,,,88,,12,,,,,,45,1MPa,0.3,CrCl3(THF)3,1,methylcyclohexane,20,DMAO : AlEt3 = 4 : 1,500,30,,10.1039/c7cy01561e
,,CC(C)C1=CC=CC(C(C)C)=C1N(P(C1=CC=CC=C1)C1=CC=CC=C1)[Si](C)(C)P(C1=CC=CC=C1)C1=CC=CC=C1,low activity,,,,,,,,,,,45,1MPa,0.1,CrCl3(THF)3,1,methylcyclohexane,20,DMAO : AlEt3 = 4 : 1,500,30,,10.1039/c7cy01561e
,,CC(C)C1=CC=CC(C(C)C)=C1N(P(C1=CC=CC=C1)C1=CC=CC=C1)[Si](C)(C)P(C1=CC=CC=C1)C1=CC=CC=C1,130769,,,78,,22,,,,,,45,1MPa,0.1,CrCl3(THF)3,1,methylcyclohexane,20,DMAO : AlEt3 = 4 : 1,10000,30,,10.1039/c7cy01561e
,,CC(C)C1=CC=CC(C(C)C)=C1N(P(C1=CC=CC=C1)C1=CC=CC=C1)[Si](C)(C)P(C1=CC=CC=C1)C1=CC=CC=C1,150000,,,74,,26,,,,,,10,2MPa,0.1,CrCl3(THF)3,1,methylcyclohexane,20,DMAO : AlEt3 = 4 : 1,10000,30,,10.1039/c7cy01561e
,,CC(C)C1=CC=CC(C(C)C)=C1N(P(C1=CC=CC=C1)C1=CC=CC=C1)[Si](C)(C)P(C1=CC=CC=C1)C1=CC=CC=C1,323077,,,75,,25,,,,,,10,4MPa,0.1,CrCl3(THF)3,1,methylcyclohexane,20,DMAO : AlEt3 = 4 : 1,10000,30,,10.1039/c7cy01561e
2,,C[Si](C)(N(C1CCCC1)P(C1=CC=CC=C1)C1=CC=CC=C1)P(C1=CC=CC=C1)C1=CC=CC=C1,42308,,,38,,61,,,,,,45,1MPa,0.6,CrCl3(THF)3,1,methylcyclohexane,20,DMAO : AlEt3 = 4 : 1,1000,30,,10.1039/c7cy01561e
,,C[Si](C)(N(C1CCCC1)P(C1=CC=CC=C1)C1=CC=CC=C1)P(C1=CC=CC=C1)C1=CC=CC=C1,13462,,,41,,58,,,,,,45,1MPa,4.8,CrCl3(THF)3,1,methylcyclohexane,20,DMAO : AlEt3 = 4 : 1,500,30,,10.1039/c7cy01561e
,,C[Si](C)(N(C1CCCC1)P(C1=CC=CC=C1)C1=CC=CC=C1)P(C1=CC=CC=C1)C1=CC=CC=C1,28846,,,42,,57,,,,,,45,1MPa,1.2,CrCl3(THF)3,1,methylcyclohexane,20,DMAO : AlEt3 = 4 : 1,500,30,,10.1039/c7cy01561e
,,C[Si](C)(N(C1CCCC1)P(C1=CC=CC=C1)C1=CC=CC=C1)P(C1=CC=CC=C1)C1=CC=CC=C1,42308,,,38,,61,,,,,,45,1MPa,0.6,CrCl3(THF)3,1,methylcyclohexane,20,DMAO : AlEt3 = 4 : 1,1000,30,,10.1039/c7cy01561e
,,C[Si](C)(N(C1CCCC1)P(C1=CC=CC=C1)C1=CC=CC=C1)P(C1=CC=CC=C1)C1=CC=CC=C1,171154,,,37,,61,,,,,,45,1MPa,0.1,CrCl3(THF)3,1,methylcyclohexane,20,DMAO : AlEt3 = 4 : 1,6000,30,,10.1039/c7cy01561e
,,C[Si](C)(N(C1CCCC1)P(C1=CC=CC=C1)C1=CC=CC=C1)P(C1=CC=CC=C1)C1=CC=CC=C1,13462,,,27,,70,,,,,,10,1MPa,0.3,CrCl3(THF)3,1,methylcyclohexane,20,DMAO : AlEt3 = 4 : 1,2000,30,,10.1039/c7cy01561e
,,C[Si](C)(N(C1CCCC1)P(C1=CC=CC=C1)C1=CC=CC=C1)P(C1=CC=CC=C1)C1=CC=CC=C1,78846,,,38,,61,,,,,,45,1MPa,0.3,CrCl3(THF)3,1,methylcyclohexane,20,DMAO : AlEt3 = 4 : 1,2000,30,,10.1039/c7cy01561e
,,C[Si](C)(N(C1CCCC1)P(C1=CC=CC=C1)C1=CC=CC=C1)P(C1=CC=CC=C1)C1=CC=CC=C1,3846,,,48,,50,,,,,,60,1MPa,0.3,CrCl3(THF)3,1,methylcyclohexane,20,DMAO : AlEt3 = 4 : 1,2000,30,,10.1039/c7cy01561e
,,C[Si](C)(N(C1CCCC1)P(C1=CC=CC=C1)C1=CC=CC=C1)P(C1=CC=CC=C1)C1=CC=CC=C1,34615,,,52,,47,,,,,,10,0.4MPa,0.1,CrCl3(THF)3,1,methylcyclohexane,20,DMAO : AlEt3 = 4 : 1,6000,30,,10.1039/c7cy01561e
,,C[Si](C)(N(C1CCCC1)P(C1=CC=CC=C1)C1=CC=CC=C1)P(C1=CC=CC=C1)C1=CC=CC=C1,250000,,,21,,77,,,,,,10,4MPa,0.1,CrCl3(THF)3,1,methylcyclohexane,20,DMAO : AlEt3 = 4 : 1,6000,30,,10.1039/c7cy01561e
3,,CC(C)N(P(C1=CC=CC=C1)C1=CC=CC=C1)[Si](C)(C)P(C1=CC=CC=C1)C1=CC=CC=C1,34615,,,38,,61,,,,,,45,1MPa,0.3,CrCl3(THF)3,1,methylcyclohexane,20,DMAO : AlEt3 = 4 : 1,1000,30,,10.1039/c7cy01561e
4,,CC(C)N(P(C1=CC=CC=C1)C1=CC=CC=C1)[Si](C)(C1=CC=CC=C1)P(C1=CC=CC=C1)C1=CC=CC=C1,94231,,,66,,33,,,,,,45,1MPa,0.3,CrCl3(THF)3,1,methylcyclohexane,20,DMAO : AlEt3 = 4 : 1,1000,30,,10.1039/c7cy01561e
1,,C1=CC=C(P(C2=CC=CC=C2)C2=CSC=C2P(C2=CC=CC=C2)C2=CC=CC=C2)C=C1,162900,,,,5.1,,42.5,30.7,97.3,,,45,35bar,2,CrCl3(THF)3,1,methylcyclohexane,30,MMAO-3A,500,30,21.8,10.1039/c7cy01561e
3,,C1=CC=C(P(C2=CC=CC=C2)C2=C(P(C3=CC=CC=C3)C3=CC=CC=C3)SC=C2)C=C1,264000,,,,5.4,,45.5,25.8,98,,,45,35bar,2,CrCl3(THF)3,1,methylcyclohexane,30,MMAO-3A,500,30,18.4,10.1039/c7cy01561e
2,,C[Si](C)(C)C1=C(P(C2=CC=CC=C2)C2=CC=CC=C2)C(P(C2=CC=CC=C2)C2=CC=CC=C2)=CS1,418500,,,,16.8,,42.2,45.6,99.3,,,45,35bar,2,CrCl3(THF)3,1,methylcyclohexane,30,MMAO-3A,500,30,7.1,10.1039/c7cy01561e
2,,C[Si](C)(C)C1=C(P(C2=CC=CC=C2)C2=CC=CC=C2)C(P(C2=CC=CC=C2)C2=CC=CC=C2)=CS1,429000,,,,22.8,,37,57.7,98,,,60,35bar,2,CrCl3(THF)3,1,methylcyclohexane,30,MMAO-3A,500,30,16.5,10.1039/c7cy01561e
,,C[Si](C)(C)C1=C(P(C2=CC=CC=C2)C2=CC=CC=C2)C(P(C2=CC=CC=C2)C2=CC=CC=C2)=CS1,533100,,,,9.7,,45.8,29.8,93.1,,,60,35bar,2,CrCl3(THF)3,1,methylcyclohexane,30,MMAO-3A,500,30,5.6,10.1039/c7cy01561e
,,C[Si](C)(C)C1=C(P(C2=CC=CC=C2)C2=CC=CC=C2)C(P(C2=CC=CC=C2)C2=CC=CC=C2)=CS1,458600,,,,11.1,,40.9,33.4,97,,,60,35bar,2,CrCl3(THF)3,1,methylcyclohexane,30,MMAO-3A,1500,30,6.9,10.1039/c7cy01561e
,,C[Si](C)(C)C1=C(P(C2=CC=CC=C2)C2=CC=CC=C2)C(P(C2=CC=CC=C2)C2=CC=CC=C2)=CS1,686000,,,,29.5,,39.5,58.2,95.1,,,80,35bar,2,CrCl3(THF)3,1,methylcyclohexane,30,MMAO-3A,500,30,8.9,10.1039/c7cy01561e
,,C[Si](C)(C)C1=C(P(C2=CC=CC=C2)C2=CC=CC=C2)C(P(C2=CC=CC=C2)C2=CC=CC=C2)=CS1,437300,,,,11.2,,33.9,36.7,96.7,,,40,35bar,2,CrCl3(THF)3,1,methylcyclohexane,30,MMAO-3A,500,30,16,10.1039/c7cy01561e
,,C[Si](C)(C)C1=C(P(C2=CC=CC=C2)C2=CC=CC=C2)C(P(C2=CC=CC=C2)C2=CC=CC=C2)=CS1,331700,,,,12.5,,42.5,34.8,94.1,,,60,25bar,2,CrCl3(THF)3,1,methylcyclohexane,30,MMAO-3A,500,30,5.2,10.1039/c7cy01561e
5,,C1=CC=C(P(C2=CC=CC=C2)C2=CSC([Si](C3=CC=CC=C3)(C3=CC=CC=C3)C3=CC=CC=C3)=C2P(C2=CC=CC=C2)C2=CC=CC=C2)C=C1,333200,,,,13.3,,47.7,39.6,93.7,,,60,35bar,2,CrCl3(THF)3,1,methylcyclohexane,30,MMAO-3A,500,30,7.5,10.1039/c7cy01561e
4,,CC[Si](CC)(CC)C1=C(P(C2=CC=CC=C2)C2=CC=CC=C2)C(P(C2=CC=CC=C2)C2=CC=CC=C2)=CS1,207700,,,,14.5,,42.1,31.1,90.9,,,60,35bar,2,CrCl3(THF)3,1,methylcyclohexane,30,MMAO-3A,500,30,7.9,10.1039/c7cy01561e
2,,CC1=CC=CC(C)=C1/N=C/C1=CC=CC=C1P(C1=CC=CC=C1)C1=CC=CC=C1,20kg(PE) mol−1(Cr) h−1,,,,,,,,,,,20,5atm,5,CrCl3(THF)3,1,toluene,50,MAO,1000,10,,10.1039/c8dt02834f
,,CC1=CC=CC(C)=C1/N=C/C1=CC=CC=C1P(C1=CC=CC=C1)C1=CC=CC=C1,36kg(PE) mol−1(Cr) h−1,,,,,,,,,,,50,5atm,5,CrCl3(THF)3,1,toluene,50,MAO,1000,10,,10.1039/c8dt02834f
,,CC1=CC=CC(C)=C1/N=C/C1=CC=CC=C1P(C1=CC=CC=C1)C1=CC=CC=C1,125kg(PE) mol−1(Cr) h−1,,,,,,,,,,,80,5atm,5,CrCl3(THF)3,1,toluene,50,MAO,1000,10,,10.1039/c8dt02834f
,,CC1=CC=CC(C)=C1/N=C/C1=CC=CC=C1P(C1=CC=CC=C1)C1=CC=CC=C1,60kg(PE) mol−1(Cr) h−1,,,,,,,,,,,100,5atm,5,CrCl3(THF)3,1,toluene,50,MAO,1000,10,,10.1039/c8dt02834f
,,CC1=CC=CC(C)=C1/N=C/C1=CC=CC=C1P(C1=CC=CC=C1)C1=CC=CC=C1,19kg(PE) mol−1(Cr) h−1,,,,,,,,,,,80,5atm,5,CrCl3(THF)3,1,toluene,50,MAO,100,10,,10.1039/c8dt02834f
,,CC1=CC=CC(C)=C1/N=C/C1=CC=CC=C1P(C1=CC=CC=C1)C1=CC=CC=C1,138kg(PE) mol−1(Cr) h−1,,,,,,,,,,,80,5atm,5,CrCl3(THF)3,1,toluene,50,MAO,300,10,,10.1039/c8dt02834f
,,CC1=CC=CC(C)=C1/N=C/C1=CC=CC=C1P(C1=CC=CC=C1)C1=CC=CC=C1,139kg(PE) mol−1(Cr) h−1,,,,,,,,,,,80,5atm,5,CrCl3(THF)3,1,toluene,50,MAO,500,10,,10.1039/c8dt02834f
,,CC1=CC=CC(C)=C1/N=C/C1=CC=CC=C1P(C1=CC=CC=C1)C1=CC=CC=C1,80kg(PE) mol−1(Cr) h−1,,,,,,,,,,,80,5atm,5,CrCl3(THF)3,1,toluene,50,MAO,1500,10,,10.1039/c8dt02834f
,,CC1=CC=CC(C)=C1/N=C/C1=CC=CC=C1P(C1=CC=CC=C1)C1=CC=CC=C1,151kg(PE) mol−1(Cr) h−1,,,,,,,,,,,80,5atm,5,CrCl3(THF)3,1,toluene,50,MAO,1000,5,,10.1039/c8dt02834f
,,CC1=CC=CC(C)=C1/N=C/C1=CC=CC=C1P(C1=CC=CC=C1)C1=CC=CC=C1,66kg(PE) mol−1(Cr) h−1,,,,,,,,,,,80,5atm,5,CrCl3(THF)3,1,toluene,50,MAO,1000,30,,10.1039/c8dt02834f
2,,CC1=CC=CC(C)=C1/N=C/C1=CC=CC=C1P(C1=CC=CC=C1)C1=CC=CC=C1,139kg(PE) mol−1(Cr) h−1,,,,,,,,,,,80,5atm,5,CrCl3(THF)3,1,toluene,50,MAO,500,10,,10.1039/c8dt02834f
1,,C1=CC=C(/N=C/C2=CC=CC=C2P(C2=CC=CC=C2)C2=CC=CC=C2)C=C1,314kg(PE) mol−1(Cr) h−1,,,,,,,,,,,80,5atm,5,CrCl3(THF)3,1,toluene,50,MAO,500,10,,10.1039/c8dt02834f
3,,CC(C)C1=CC=CC(C(C)C)=C1/N=C/C1=CC=CC=C1P(C1=CC=CC=C1)C1=CC=CC=C1,142kg(PE) mol−1(Cr) h−1,,,,,,,,,,,80,5atm,5,CrCl3(THF)3,1,toluene,50,MAO,500,10,,10.1039/c8dt02834f
4,,CC(C)C1=CC(C(C2=CC=CC=C2)C2=CC=CC=C2)=CC(C(C)C)=C1/N=C/C1=CC=CC=C1P(C1=CC=CC=C1)C1=CC=CC=C1,64kg(PE) mol−1(Cr) h−1,,,,,,,,,,,80,5atm,5,CrCl3(THF)3,1,toluene,50,MAO,500,10,,10.1039/c8dt02834f
Cr2,,CCC1=CC=CC(CC)=C1/N=C(\C)C1=CC=C2CCCC/C(=N\C3=C(CC)C=CC=C3CC)C2=N1,0.63*106g(PE)*mol-1*(Cr)h-1,,,,,,,,,,,20,10atm,3,CrCl3(THF)3,1,toluene,100,MMAO,2000,30,,10.1039/c8dt03052a
Cr2,,CCC1=CC=CC(CC)=C1/N=C(\C)C1=CC=C2CCCC/C(=N\C3=C(CC)C=CC=C3CC)C2=N1,1.33*106g(PE)*mol-1*(Cr)h-1,,,,,,,,,,,30,10atm,3,CrCl3(THF)3,1,toluene,100,MMAO,2000,30,,10.1039/c8dt03052a
Cr2,,CCC1=CC=CC(CC)=C1/N=C(\C)C1=CC=C2CCCC/C(=N\C3=C(CC)C=CC=C3CC)C2=N1,2.21*106g(PE)*mol-1*(Cr)h-1,,,,,,,,,,,40,10atm,3,CrCl3(THF)3,1,toluene,100,MMAO,2000,30,,10.1039/c8dt03052a
Cr2,,CCC1=CC=CC(CC)=C1/N=C(\C)C1=CC=C2CCCC/C(=N\C3=C(CC)C=CC=C3CC)C2=N1,4.73*106g(PE)*mol-1*(Cr)h-1,,,,,,,,,,,50,10atm,3,CrCl3(THF)3,1,toluene,100,MMAO,2000,30,,10.1039/c8dt03052a
Cr2,,CCC1=CC=CC(CC)=C1/N=C(\C)C1=CC=C2CCCC/C(=N\C3=C(CC)C=CC=C3CC)C2=N1,8.16*106g(PE)*mol-1*(Cr)h-1,,,,,,,,,,,60,10atm,3,CrCl3(THF)3,1,toluene,100,MMAO,2000,30,,10.1039/c8dt03052a
Cr2,,CCC1=CC=CC(CC)=C1/N=C(\C)C1=CC=C2CCCC/C(=N\C3=C(CC)C=CC=C3CC)C2=N1,9.85*106g(PE)*mol-1*(Cr)h-1,,,,,,,,,,,70,10atm,3,CrCl3(THF)3,1,toluene,100,MMAO,2000,30,,10.1039/c8dt03052a
Cr2,,CCC1=CC=CC(CC)=C1/N=C(\C)C1=CC=C2CCCC/C(=N\C3=C(CC)C=CC=C3CC)C2=N1,8.09*106g(PE)*mol-1*(Cr)h-1,,,,,,,,,,,80,10atm,3,CrCl3(THF)3,1,toluene,100,MMAO,2000,30,,10.1039/c8dt03052a
Cr2,,CCC1=CC=CC(CC)=C1/N=C(\C)C1=CC=C2CCCC/C(=N\C3=C(CC)C=CC=C3CC)C2=N1,4.11*106g(PE)*mol-1*(Cr)h-1,,,,,,,,,,,90,10atm,3,CrCl3(THF)3,1,toluene,100,MMAO,2000,30,,10.1039/c8dt03052a
Cr2,,CCC1=CC=CC(CC)=C1/N=C(\C)C1=CC=C2CCCC/C(=N\C3=C(CC)C=CC=C3CC)C2=N1,0.38*106g(PE)*mol-1*(Cr)h-1,,,,,,,,,,,100,10atm,3,CrCl3(THF)3,1,toluene,100,MMAO,2000,30,,10.1039/c8dt03052a
Cr2,,CCC1=CC=CC(CC)=C1/N=C(\C)C1=CC=C2CCCC/C(=N\C3=C(CC)C=CC=C3CC)C2=N1,5.58*106g(PE)*mol-1*(Cr)h-1,,,,,,,,,,,70,10atm,3,CrCl3(THF)3,1,toluene,100,MMAO,1500,30,,10.1039/c8dt03052a
Cr2,,CCC1=CC=CC(CC)=C1/N=C(\C)C1=CC=C2CCCC/C(=N\C3=C(CC)C=CC=C3CC)C2=N1,8.75*106g(PE)*mol-1*(Cr)h-1,,,,,,,,,,,70,10atm,3,CrCl3(THF)3,1,toluene,100,MMAO,1750,30,,10.1039/c8dt03052a
Cr2,,CCC1=CC=CC(CC)=C1/N=C(\C)C1=CC=C2CCCC/C(=N\C3=C(CC)C=CC=C3CC)C2=N1,8.91*106g(PE)*mol-1*(Cr)h-1,,,,,,,,,,,70,10atm,3,CrCl3(THF)3,1,toluene,100,MMAO,2250,30,,10.1039/c8dt03052a
Cr2,,CCC1=CC=CC(CC)=C1/N=C(\C)C1=CC=C2CCCC/C(=N\C3=C(CC)C=CC=C3CC)C2=N1,6.4*106g(PE)*mol-1*(Cr)h-1,,,,,,,,,,,70,10atm,3,CrCl3(THF)3,1,toluene,100,MMAO,2500,30,,10.1039/c8dt03052a
Cr2,,CCC1=CC=CC(CC)=C1/N=C(\C)C1=CC=C2CCCC/C(=N\C3=C(CC)C=CC=C3CC)C2=N1,10.12*106g(PE)*mol-1*(Cr)h-1,,,,,,,,,,,70,10atm,3,CrCl3(THF)3,1,toluene,100,MMAO,2000,5,,10.1039/c8dt03052a
Cr2,,CCC1=CC=CC(CC)=C1/N=C(\C)C1=CC=C2CCCC/C(=N\C3=C(CC)C=CC=C3CC)C2=N1,11.73*106g(PE)*mol-1*(Cr)h-1,,,,,,,,,,,70,10atm,3,CrCl3(THF)3,1,toluene,100,MMAO,2000,15,,10.1039/c8dt03052a
Cr2,,CCC1=CC=CC(CC)=C1/N=C(\C)C1=CC=C2CCCC/C(=N\C3=C(CC)C=CC=C3CC)C2=N1,8.2*106g(PE)*mol-1*(Cr)h-1,,,,,,,,,,,70,10atm,3,CrCl3(THF)3,1,toluene,100,MMAO,2000,45,,10.1039/c8dt03052a
Cr2,,CCC1=CC=CC(CC)=C1/N=C(\C)C1=CC=C2CCCC/C(=N\C3=C(CC)C=CC=C3CC)C2=N1,6.68*106g(PE)*mol-1*(Cr)h-1,,,,,,,,,,,70,10atm,3,CrCl3(THF)3,1,toluene,100,MMAO,2000,60,,10.1039/c8dt03052a
Cr2,,CCC1=CC=CC(CC)=C1/N=C(\C)C1=CC=C2CCCC/C(=N\C3=C(CC)C=CC=C3CC)C2=N1,6.03*106g(PE)*mol-1*(Cr)h-1,,,,,,,,,,,70,5atm,3,CrCl3(THF)3,1,toluene,100,MMAO,2000,30,,10.1039/c8dt03052a
Cr2,,CCC1=CC=CC(CC)=C1/N=C(\C)C1=CC=C2CCCC/C(=N\C3=C(CC)C=CC=C3CC)C2=N1,0.18*106g(PE)*mol-1*(Cr)h-1,,,,,,,,,,,70,1atm,3,CrCl3(THF)3,1,toluene,100,MMAO,2000,30,,10.1039/c8dt03052a
Cr2,,CCC1=CC=CC(CC)=C1/N=C(\C)C1=CC=C2CCCC/C(=N\C3=C(CC)C=CC=C3CC)C2=N1,0.25*106g(PE)*mol-1*(Cr)h-1,,,,,,,,,,,30,10atm,3,CrCl3(THF)3,1,toluene,100,MAO,2000,30,,10.1039/c8dt03052a
Cr2,,CCC1=CC=CC(CC)=C1/N=C(\C)C1=CC=C2CCCC/C(=N\C3=C(CC)C=CC=C3CC)C2=N1,1.6*106g(PE)*mol-1*(Cr)h-1,,,,,,,,,,,40,10atm,3,CrCl3(THF)3,1,toluene,100,MAO,2000,30,,10.1039/c8dt03052a
Cr2,,CCC1=CC=CC(CC)=C1/N=C(\C)C1=CC=C2CCCC/C(=N\C3=C(CC)C=CC=C3CC)C2=N1,4.7*106g(PE)*mol-1*(Cr)h-1,,,,,,,,,,,50,10atm,3,CrCl3(THF)3,1,toluene,100,MAO,2000,30,,10.1039/c8dt03052a
Cr2,,CCC1=CC=CC(CC)=C1/N=C(\C)C1=CC=C2CCCC/C(=N\C3=C(CC)C=CC=C3CC)C2=N1,5.99*106g(PE)*mol-1*(Cr)h-1,,,,,,,,,,,60,10atm,3,CrCl3(THF)3,1,toluene,100,MAO,2000,30,,10.1039/c8dt03052a
Cr2,,CCC1=CC=CC(CC)=C1/N=C(\C)C1=CC=C2CCCC/C(=N\C3=C(CC)C=CC=C3CC)C2=N1,7.67*106g(PE)*mol-1*(Cr)h-1,,,,,,,,,,,70,10atm,3,CrCl3(THF)3,1,toluene,100,MAO,2000,30,,10.1039/c8dt03052a
Cr2,,CCC1=CC=CC(CC)=C1/N=C(\C)C1=CC=C2CCCC/C(=N\C3=C(CC)C=CC=C3CC)C2=N1,9.19*106g(PE)*mol-1*(Cr)h-1,,,,,,,,,,,80,10atm,3,CrCl3(THF)3,1,toluene,100,MAO,2000,30,,10.1039/c8dt03052a
Cr2,,CCC1=CC=CC(CC)=C1/N=C(\C)C1=CC=C2CCCC/C(=N\C3=C(CC)C=CC=C3CC)C2=N1,6.27*106g(PE)*mol-1*(Cr)h-1,,,,,,,,,,,90,10atm,3,CrCl3(THF)3,1,toluene,100,MAO,2000,30,,10.1039/c8dt03052a
Cr2,,CCC1=CC=CC(CC)=C1/N=C(\C)C1=CC=C2CCCC/C(=N\C3=C(CC)C=CC=C3CC)C2=N1,1.94*106g(PE)*mol-1*(Cr)h-1,,,,,,,,,,,100,10atm,3,CrCl3(THF)3,1,toluene,100,MAO,2000,30,,10.1039/c8dt03052a
Cr2,,CCC1=CC=CC(CC)=C1/N=C(\C)C1=CC=C2CCCC/C(=N\C3=C(CC)C=CC=C3CC)C2=N1,10.01*106g(PE)*mol-1*(Cr)h-1,,,,,,,,,,,80,10atm,3,CrCl3(THF)3,1,toluene,100,MAO,2250,30,,10.1039/c8dt03052a
Cr2,,CCC1=CC=CC(CC)=C1/N=C(\C)C1=CC=C2CCCC/C(=N\C3=C(CC)C=CC=C3CC)C2=N1,10.85*106g(PE)*mol-1*(Cr)h-1,,,,,,,,,,,80,10atm,3,CrCl3(THF)3,1,toluene,100,MAO,2500,30,,10.1039/c8dt03052a
Cr2,,CCC1=CC=CC(CC)=C1/N=C(\C)C1=CC=C2CCCC/C(=N\C3=C(CC)C=CC=C3CC)C2=N1,10.47*106g(PE)*mol-1*(Cr)h-1,,,,,,,,,,,80,10atm,3,CrCl3(THF)3,1,toluene,100,MAO,2750,30,,10.1039/c8dt03052a
Cr2,,CCC1=CC=CC(CC)=C1/N=C(\C)C1=CC=C2CCCC/C(=N\C3=C(CC)C=CC=C3CC)C2=N1,9.87*106g(PE)*mol-1*(Cr)h-1,,,,,,,,,,,80,10atm,3,CrCl3(THF)3,1,toluene,100,MAO,3000,30,,10.1039/c8dt03052a
Cr2,,CCC1=CC=CC(CC)=C1/N=C(\C)C1=CC=C2CCCC/C(=N\C3=C(CC)C=CC=C3CC)C2=N1,15.72*106g(PE)*mol-1*(Cr)h-1,,,,,,,,,,,80,10atm,3,CrCl3(THF)3,1,toluene,100,MAO,2500,5,,10.1039/c8dt03052a
Cr2,,CCC1=CC=CC(CC)=C1/N=C(\C)C1=CC=C2CCCC/C(=N\C3=C(CC)C=CC=C3CC)C2=N1,11.56*106g(PE)*mol-1*(Cr)h-1,,,,,,,,,,,80,10atm,3,CrCl3(THF)3,1,toluene,100,MAO,2500,15,,10.1039/c8dt03052a
Cr2,,CCC1=CC=CC(CC)=C1/N=C(\C)C1=CC=C2CCCC/C(=N\C3=C(CC)C=CC=C3CC)C2=N1,8.07*106g(PE)*mol-1*(Cr)h-1,,,,,,,,,,,80,10atm,3,CrCl3(THF)3,1,toluene,100,MAO,2500,45,,10.1039/c8dt03052a
Cr2,,CCC1=CC=CC(CC)=C1/N=C(\C)C1=CC=C2CCCC/C(=N\C3=C(CC)C=CC=C3CC)C2=N1,6.68*106g(PE)*mol-1*(Cr)h-1,,,,,,,,,,,80,10atm,3,CrCl3(THF)3,1,toluene,100,MAO,2500,60,,10.1039/c8dt03052a
Cr2,,CCC1=CC=CC(CC)=C1/N=C(\C)C1=CC=C2CCCC/C(=N\C3=C(CC)C=CC=C3CC)C2=N1,3.53*106g(PE)*mol-1*(Cr)h-1,,,,,,,,,,,80,5atm,3,CrCl3(THF)3,1,toluene,100,MAO,2500,30,,10.1039/c8dt03052a
Cr2,,CCC1=CC=CC(CC)=C1/N=C(\C)C1=CC=C2CCCC/C(=N\C3=C(CC)C=CC=C3CC)C2=N1,0.53*106g(PE)*mol-1*(Cr)h-1,,,,,,,,,,,80,1atm,3,CrCl3(THF)3,1,toluene,100,MAO,2500,30,,10.1039/c8dt03052a
Cr1,,CC1=CC=CC(C)=C1/N=C(\C)C1=CC=C2CCCC/C(=N\C3=C(C)C=CC=C3C)C2=N1,12.84*106g(PE)*mol-1*(Cr)h-1,,,,,,,,,,,70,10atm,3,CrCl3(THF)3,1,toluene,100,MMAO,2000,30,,10.1039/c8dt03052a
Cr1,,CC1=CC=CC(C)=C1/N=C(\C)C1=CC=C2CCCC/C(=N\C3=C(C)C=CC=C3C)C2=N1,14.44*106g(PE)*mol-1*(Cr)h-1,,,,,,,,,,,80,10atm,3,CrCl3(THF)3,1,toluene,100,MAO,2500,30,,10.1039/c8dt03052a
Cr3,,C/C(=N\C1=C(C(C)C)C=CC=C1C(C)C)C1=CC=C2CCCC/C(=N\C3=C(C(C)C)C=CC=C3C(C)C)C2=N1,0.19*106g(PE)*mol-1*(Cr)h-1,,,,,,,,,,,70,10atm,3,CrCl3(THF)3,1,toluene,100,MMAO,2000,30,,10.1039/c8dt03052a
Cr3,,C/C(=N\C1=C(C(C)C)C=CC=C1C(C)C)C1=CC=C2CCCC/C(=N\C3=C(C(C)C)C=CC=C3C(C)C)C2=N1,0.24*106g(PE)*mol-1*(Cr)h-1,,,,,,,,,,,80,10atm,3,CrCl3(THF)3,1,toluene,100,MAO,2500,30,,10.1039/c8dt03052a
Cr4,,CC1=CC(C)=C(/N=C(\C)C2=CC=C3CCCC/C(=N\C4=C(C)C=C(C)C=C4C)C3=N2)C(C)=C1,6.62*106g(PE)*mol-1*(Cr)h-1,,,,,,,,,,,70,10atm,3,CrCl3(THF)3,1,toluene,100,MMAO,2000,30,,10.1039/c8dt03052a
Cr4,,CC1=CC(C)=C(/N=C(\C)C2=CC=C3CCCC/C(=N\C4=C(C)C=C(C)C=C4C)C3=N2)C(C)=C1,11.64*106g(PE)*mol-1*(Cr)h-1,,,,,,,,,,,80,10atm,3,CrCl3(THF)3,1,toluene,100,MAO,2500,30,,10.1039/c8dt03052a
Cr5,,CCC1=CC(C)=CC(CC)=C1/N=C(\C)C1=CC=C2CCCC/C(=N\C3=C(C)C=C(C)C=C3C)C2=N1,4.1*106g(PE)*mol-1*(Cr)h-1,,,,,,,,,,,70,10atm,3,CrCl3(THF)3,1,toluene,100,MMAO,2000,30,,10.1039/c8dt03052a
Cr5,,CCC1=CC(C)=CC(CC)=C1/N=C(\C)C1=CC=C2CCCC/C(=N\C3=C(C)C=C(C)C=C3C)C2=N1,5.23*106g(PE)*mol-1*(Cr)h-1,,,,,,,,,,,80,10atm,3,CrCl3(THF)3,1,toluene,100,MAO,2500,30,,10.1039/c8dt03052a
Cr3,,C/C(=N\C1=C(C(C2=CC=CC=C2)C2=CC=CC=C2)C=C([N+](=O)[O-])C[C@H]1CC1=CC=CC=C1)C1=CC=CC(/C(C)=N/C2=C(C(C)C)C=CC[C@@H]2C(C)C)=N1,1.79*106g(PE)*mol-1*(Cr)h-1,,,,,,,,,,,20,10atm,2,CrCl3(THF)3,1,toluene,100,MMAO,2000,30,,10.1039/c9nj02793a
Cr3,,C/C(=N\C1=C(C(C2=CC=CC=C2)C2=CC=CC=C2)C=C([N+](=O)[O-])C[C@H]1CC1=CC=CC=C1)C1=CC=CC(/C(C)=N/C2=C(C(C)C)C=CC[C@@H]2C(C)C)=N1,2.17*106g(PE)*mol-1*(Cr)h-1,,,,,,,,,,,30,10atm,2,CrCl3(THF)3,1,toluene,100,MMAO,2000,30,,10.1039/c9nj02793a
Cr3,,C/C(=N\C1=C(C(C2=CC=CC=C2)C2=CC=CC=C2)C=C([N+](=O)[O-])C[C@H]1CC1=CC=CC=C1)C1=CC=CC(/C(C)=N/C2=C(C(C)C)C=CC[C@@H]2C(C)C)=N1,1.83*106g(PE)*mol-1*(Cr)h-1,,,,,,,,,,,40,10atm,2,CrCl3(THF)3,1,toluene,100,MMAO,2000,30,,10.1039/c9nj02793a
Cr3,,C/C(=N\C1=C(C(C2=CC=CC=C2)C2=CC=CC=C2)C=C([N+](=O)[O-])C[C@H]1CC1=CC=CC=C1)C1=CC=CC(/C(C)=N/C2=C(C(C)C)C=CC[C@@H]2C(C)C)=N1,0.69*106g(PE)*mol-1*(Cr)h-1,,,,,,,,,,,50,10atm,2,CrCl3(THF)3,1,toluene,100,MMAO,2000,30,,10.1039/c9nj02793a
Cr3,,C/C(=N\C1=C(C(C2=CC=CC=C2)C2=CC=CC=C2)C=C([N+](=O)[O-])C[C@H]1CC1=CC=CC=C1)C1=CC=CC(/C(C)=N/C2=C(C(C)C)C=CC[C@@H]2C(C)C)=N1,0.163*106g(PE)*mol-1*(Cr)h-1,,,,,,,,,,,60,10atm,2,CrCl3(THF)3,1,toluene,100,MMAO,2000,30,,10.1039/c9nj02793a
Cr3,,C/C(=N\C1=C(C(C2=CC=CC=C2)C2=CC=CC=C2)C=C([N+](=O)[O-])C[C@H]1CC1=CC=CC=C1)C1=CC=CC(/C(C)=N/C2=C(C(C)C)C=CC[C@@H]2C(C)C)=N1,1.71*106g(PE)*mol-1*(Cr)h-1,,,,,,,,,,,30,10atm,2,CrCl3(THF)3,1,toluene,100,MMAO,1000,30,,10.1039/c9nj02793a
Cr3,,C/C(=N\C1=C(C(C2=CC=CC=C2)C2=CC=CC=C2)C=C([N+](=O)[O-])C[C@H]1CC1=CC=CC=C1)C1=CC=CC(/C(C)=N/C2=C(C(C)C)C=CC[C@@H]2C(C)C)=N1,1.88*106g(PE)*mol-1*(Cr)h-1,,,,,,,,,,,30,10atm,2,CrCl3(THF)3,1,toluene,100,MMAO,1500,30,,10.1039/c9nj02793a
Cr3,,C/C(=N\C1=C(C(C2=CC=CC=C2)C2=CC=CC=C2)C=C([N+](=O)[O-])C[C@H]1CC1=CC=CC=C1)C1=CC=CC(/C(C)=N/C2=C(C(C)C)C=CC[C@@H]2C(C)C)=N1,1.93*106g(PE)*mol-1*(Cr)h-1,,,,,,,,,,,30,10atm,2,CrCl3(THF)3,1,toluene,100,MMAO,2500,30,,10.1039/c9nj02793a
Cr3,,C/C(=N\C1=C(C(C2=CC=CC=C2)C2=CC=CC=C2)C=C([N+](=O)[O-])C[C@H]1CC1=CC=CC=C1)C1=CC=CC(/C(C)=N/C2=C(C(C)C)C=CC[C@@H]2C(C)C)=N1,1.39*106g(PE)*mol-1*(Cr)h-1,,,,,,,,,,,30,10atm,2,CrCl3(THF)3,1,toluene,100,MMAO,3000,30,,10.1039/c9nj02793a
Cr3,,C/C(=N\C1=C(C(C2=CC=CC=C2)C2=CC=CC=C2)C=C([N+](=O)[O-])C[C@H]1CC1=CC=CC=C1)C1=CC=CC(/C(C)=N/C2=C(C(C)C)C=CC[C@@H]2C(C)C)=N1,1.02*106g(PE)*mol-1*(Cr)h-1,,,,,,,,,,,30,10atm,2,CrCl3(THF)3,1,toluene,100,MMAO,2000,5,,10.1039/c9nj02793a
Cr3,,C/C(=N\C1=C(C(C2=CC=CC=C2)C2=CC=CC=C2)C=C([N+](=O)[O-])C[C@H]1CC1=CC=CC=C1)C1=CC=CC(/C(C)=N/C2=C(C(C)C)C=CC[C@@H]2C(C)C)=N1,2.64*106g(PE)*mol-1*(Cr)h-1,,,,,,,,,,,30,10atm,2,CrCl3(THF)3,1,toluene,100,MMAO,2000,15,,10.1039/c9nj02793a
Cr3,,C/C(=N\C1=C(C(C2=CC=CC=C2)C2=CC=CC=C2)C=C([N+](=O)[O-])C[C@H]1CC1=CC=CC=C1)C1=CC=CC(/C(C)=N/C2=C(C(C)C)C=CC[C@@H]2C(C)C)=N1,1.74*106g(PE)*mol-1*(Cr)h-1,,,,,,,,,,,30,10atm,2,CrCl3(THF)3,1,toluene,100,MMAO,2000,45,,10.1039/c9nj02793a
Cr3,,C/C(=N\C1=C(C(C2=CC=CC=C2)C2=CC=CC=C2)C=C([N+](=O)[O-])C[C@H]1CC1=CC=CC=C1)C1=CC=CC(/C(C)=N/C2=C(C(C)C)C=CC[C@@H]2C(C)C)=N1,1.43*106g(PE)*mol-1*(Cr)h-1,,,,,,,,,,,30,10atm,2,CrCl3(THF)3,1,toluene,100,MMAO,2000,60,,10.1039/c9nj02793a
Cr3,,C/C(=N\C1=C(C(C2=CC=CC=C2)C2=CC=CC=C2)C=C([N+](=O)[O-])C[C@H]1CC1=CC=CC=C1)C1=CC=CC(/C(C)=N/C2=C(C(C)C)C=CC[C@@H]2C(C)C)=N1,1.04*106g(PE)*mol-1*(Cr)h-1,,,,,,,,,,,30,10atm,2,CrCl3(THF)3,1,toluene,100,MMAO,2000,30,,10.1039/c9nj02793a
Cr3,,C/C(=N\C1=C(C(C2=CC=CC=C2)C2=CC=CC=C2)C=C([N+](=O)[O-])C[C@H]1CC1=CC=CC=C1)C1=CC=CC(/C(C)=N/C2=C(C(C)C)C=CC[C@@H]2C(C)C)=N1,0.122*106g(PE)*mol-1*(Cr)h-1,,,,,,,,,,,30,10atm,2,CrCl3(THF)3,1,toluene,100,MMAO,2000,30,,10.1039/c9nj02793a
Cr1,,CC1=C(/N=C(\C)C2=NC(/C(C)=N/C3=C(C(C4=CC=CC=C4)C4=CC=CC=C4)C=C([N+](=O)[O-])C[C@H]3CC3=CC=CC=C3)=CC=C2)[C@@H](C)CC=C1,0.93*106g(PE)*mol-1*(Cr)h-1,,,,,,,,,,,30,10atm,2,CrCl3(THF)3,1,toluene,100,MMAO,2000,30,,10.1039/c9nj02793a
Cr2,,CCC1=C(/N=C(\C)C2=NC(/C(C)=N/C3=C(C(C4=CC=CC=C4)C4=CC=CC=C4)C=C([N+](=O)[O-])C[C@H]3CC3=CC=CC=C3)=CC=C2)[C@@H](CC)CC=C1,1.35*106g(PE)*mol-1*(Cr)h-1,,,,,,,,,,,30,10atm,2,CrCl3(THF)3,1,toluene,100,MMAO,2000,30,,10.1039/c9nj02793a
Cr4,,CC1=C(/N=C(\C)C2=NC(/C(C)=N/C3=C(C(C4=CC=CC=C4)C4=CC=CC=C4)C=C([N+](=O)[O-])C[C@H]3CC3=CC=CC=C3)=CC=C2)[C@@H](C(C)C)CC=C1,1.44*106g(PE)*mol-1*(Cr)h-1,,,,,,,,,,,30,10atm,2,CrCl3(THF)3,1,toluene,100,MMAO,2000,30,,10.1039/c9nj02793a
Cr5,,CCC1=C(/N=C(\C)C2=NC(/C(C)=N/C3=C(C(C4=CC=CC=C4)C4=CC=CC=C4)C=C([N+](=O)[O-])C[C@H]3CC3=CC=CC=C3)=CC=C2)[C@@H](CC)CC(C)=C1,1.66*106g(PE)*mol-1*(Cr)h-1,,,,,,,,,,,30,10atm,2,CrCl3(THF)3,1,toluene,100,MMAO,2000,30,,10.1039/c9nj02793a
Cr6,,C/C(=N\C1=C(C(C2=CC=CC=C2)C2=CC=CC=C2)C=C([N+](=O)[O-])C[C@H]1CC1=CC=CC=C1)C1=CC=CC(/C(C)=N/C2=C(C(C3=CC=CC=C3)C3=CC=CC=C3)C=C([N+](=O)[O-])C[C@@H]2C(C2=CC=CC=C2)C2=CC=CC=C2)=N1,0.0898*106g(PE)*mol-1*(Cr)h-1,,,,,,,,,,,30,10atm,2,CrCl3(THF)3,1,toluene,100,MMAO,2000,30,,10.1039/c9nj02793a
a,,CC(C)(C)/N=C/C1=CC=CC=C1SC1=CC=CC=C1,,,25700mol (ethylene) (mol Cr)-1 h-1,19.3,,16.6,,,,,,80,20bar,10,CrCl3(THF)3,1,toluene,40,MAO,300,15,,10.1039/d0nj04642f
a,,CC(C)(C)/N=C/C1=CC=CC=C1SC1=CC=CC=C1,,,32300mol (ethylene) (mol Cr)-1 h-1,20.9,,19.2,,,,,,80,20bar,10,CrCl3(THF)3,1,toluene,40,MAO,600,15,,10.1039/d0nj04642f
,,CC(C)(C)/N=C/C1=CC=CC=C1SC1=CC=CC=C1,,,207500mol (ethylene) (mol Cr)-1 h-1,19.7,,17.9,,,,,,80,20bar,10,CrCl3(THF)3,1,toluene,40,MAO,1200,15,,10.1039/d0nj04642f
,,CC(C)(C)/N=C/C1=CC=CC=C1SC1=CC=CC=C1,,,971100mol (ethylene) (mol Cr)-1 h-1,18.9,,17.9,,,,,,80,20bar,10,CrCl3(THF)3,1,toluene,40,MAO,2000,15,,10.1039/d0nj04642f
,,CC(C)(C)/N=C/C1=CC=CC=C1SC1=CC=CC=C1,,,14900mol (ethylene) (mol Cr)-1 h-1,20.8,,17.8,,,,,,80,20bar,10,CrCl3(THF)3,1,toluene,40,TMA/MAO,900,15,,10.1039/d0nj04642f
,,CC(C)(C)/N=C/C1=CC=CC=C1SC1=CC=CC=C1,,,26000mol (ethylene) (mol Cr)-1 h-1,11.7,,13.6,,,,,,80,20bar,10,CrCl3(THF)3,1,toluene,40,TIBA/MAO,900,15,,10.1039/d0nj04642f
,,CC(C)(C)/N=C/C1=CC=CC=C1SC1=CC=CC=C1,,,28100mol (ethylene) (mol Cr)-1 h-1,20.7,,18.2,,,,,,80,20bar,10,CrCl3(THF)3,1,toluene,40,MAO,300,15,,10.1039/d0nj04642f
,,CC(C)(C)/N=C/C1=CC=CC=C1SC1=CC=CC=C1,,,10900mol (ethylene) (mol Cr)-1 h-1,19.7,,18.2,,,,,,80,20bar,10,CrCl3(THF)3,1,toluene,40,MAO,300,15,,10.1039/d0nj04642f
,,CC(C)(C)/N=C/C1=CC=CC=C1SC1=CC=CC=C1,,,1100mol (ethylene) (mol Cr)-1 h-1,28,,18,,,,,,60,20bar,10,CrCl3(THF)3,1,toluene,40,MAO,300,15,,10.1039/d0nj04642f
,,CC(C)(C)/N=C/C1=CC=CC=C1SC1=CC=CC=C1,,,11000mol (ethylene) (mol Cr)-1 h-1,18.3,,17.3,,,,,,100,20bar,10,CrCl3(THF)3,1,toluene,40,MAO,300,15,,10.1039/d0nj04642f
b,,COC1=CC=C(/N=C/C2=CC=CC=C2SC2=CC=CC=C2)C=C1,,,26600mol (ethylene) (mol Cr)-1 h-1,19.5,,17.3,,,,,,80,20bar,10,CrCl3(THF)3,1,toluene,40,MAO,300,15,,10.1039/d0nj04642f
c,,COC1=CC=C(/N=C/C2=CC=CC=C2SC2=CC=CC=C2)C=C1,,,3400mol (ethylene) (mol Cr)-1 h-1,21.3,,18.9,,,,,,80,20bar,10,CrCl3(THF)3,1,toluene,40,MAO,300,15,,10.1039/d0nj04642f
d,,CC(C)(C)SC1=CC=CC=C1/C=N/C1=CC=CC=C1,,,9600mol (ethylene) (mol Cr)-1 h-1,20.8,,18.3,,,,,,80,20bar,10,CrCl3(THF)3,1,toluene,40,MAO,300,15,,10.1039/d0nj04642f
C6,,CC(C)C1=CC2=C(C=C1)OC(C1=NC3=C4N=CC=CC4=CC=C3C=C1)=N2,11019,,,18.4,,,,,,,,20,1atm,5,CrCl3(THF)3,1,toluene,100,MMAO,1000,30,,10.1039/b902361e
C6,,CC(C)C1=CC2=C(C=C1)OC(C1=NC3=C4N=CC=CC4=CC=C3C=C1)=N2,15019,,,20.3,,,,,,,,20,1atm,5,CrCl3(THF)3,1,toluene,100,MMAO,1200,30,,10.1039/b902361e
C6,,CC(C)C1=CC2=C(C=C1)OC(C1=NC3=C4N=CC=CC4=CC=C3C=C1)=N2,19615,,,22.1,,,,,,,,20,1atm,5,CrCl3(THF)3,1,toluene,100,MMAO,1500,30,,10.1039/b902361e
C6,,CC(C)C1=CC2=C(C=C1)OC(C1=NC3=C4N=CC=CC4=CC=C3C=C1)=N2,15673,,,18.1,,,,,,,,20,1atm,5,CrCl3(THF)3,1,toluene,100,MMAO,1800,30,,10.1039/b902361e
C6,,CC(C)C1=CC2=C(C=C1)OC(C1=NC3=C4N=CC=CC4=CC=C3C=C1)=N2,26730,,,38.2,,,,,,,,40,1atm,5,CrCl3(THF)3,1,toluene,100,MMAO,1500,30,,10.1039/b902361e
C6,,CC(C)C1=CC2=C(C=C1)OC(C1=NC3=C4N=CC=CC4=CC=C3C=C1)=N2,32884,,,34.4,,,,,,,,60,1atm,5,CrCl3(THF)3,1,toluene,100,MMAO,1500,30,,10.1039/b902361e
C6,,CC(C)C1=CC2=C(C=C1)OC(C1=NC3=C4N=CC=CC4=CC=C3C=C1)=N2,20961,,,37.1,,,,,,,,80,1atm,5,CrCl3(THF)3,1,toluene,100,MMAO,1500,30,,10.1039/b902361e
C6,,CC(C)C1=CC2=C(C=C1)OC(C1=NC3=C4N=CC=CC4=CC=C3C=C1)=N2,44423,,,30.3,,,,,,,,60,1atm,5,CrCl3(THF)3,1,toluene,100,MMAO,1500,15,,10.1039/b902361e
C6,,CC(C)C1=CC2=C(C=C1)OC(C1=NC3=C4N=CC=CC4=CC=C3C=C1)=N2,24615,,,31.9,,,,,,,,60,1atm,5,CrCl3(THF)3,1,toluene,100,MMAO,1500,60,,10.1039/b902361e
C6,,CC(C)C1=CC2=C(C=C1)OC(C1=NC3=C4N=CC=CC4=CC=C3C=C1)=N2,17076,,,26.8,,,,,,,,60,1atm,5,CrCl3(THF)3,1,toluene,100,MMAO,1500,90,,10.1039/b902361e
C6,,CC(C)C1=CC2=C(C=C1)OC(C1=NC3=C4N=CC=CC4=CC=C3C=C1)=N2,52500,,,38.9,,,,,,,,20,10atm,5,CrCl3(THF)3,1,toluene,100,MMAO,1500,30,,10.1039/b902361e
C6,,CC(C)C1=CC2=C(C=C1)OC(C1=NC3=C4N=CC=CC4=CC=C3C=C1)=N2,100962,,,35.1,,,,,,,,40,10atm,5,CrCl3(THF)3,1,toluene,100,MMAO,1500,30,,10.1039/b902361e
C6,,CC(C)C1=CC2=C(C=C1)OC(C1=NC3=C4N=CC=CC4=CC=C3C=C1)=N2,141538,,,32.8,,,,,,,,60,10atm,5,CrCl3(THF)3,1,toluene,100,MMAO,1500,30,,10.1039/b902361e
C6,,CC(C)C1=CC2=C(C=C1)OC(C1=NC3=C4N=CC=CC4=CC=C3C=C1)=N2,36346,,,29.2,,,,,,,,80,10atm,5,CrCl3(THF)3,1,toluene,100,MMAO,1500,30,,10.1039/b902361e
C1,,C1=CC2=CC=C3C=CC(C4=NC5=C(C=CC=C5)N4)=NC3=C2N=C1,19423,,,33.5,,,,,,,,60,1atm,5,CrCl3(THF)3,1,toluene,100,MMAO,1500,30,,10.1039/b902361e
C1,,C1=CC2=CC=C3C=CC(C4=NC5=C(C=CC=C5)N4)=NC3=C2N=C1,29615,,,31.5,,,,,,,,60,10atm,5,CrCl3(THF)3,1,toluene,100,MMAO,1500,30,,10.1039/b902361e
C2,,CN1C(C2=NC3=C4N=CC=CC4=CC=C3C=C2)=NC2=C1C=CC=C2,13654,,,29.9,,,,,,,,60,1atm,5,CrCl3(THF)3,1,toluene,100,MMAO,1500,30,,10.1039/b902361e
C2,,CN1C(C2=NC3=C4N=CC=CC4=CC=C3C=C2)=NC2=C1C=CC=C2,22692,,,29.9,,,,,,,,60,10atm,5,CrCl3(THF)3,1,toluene,100,MMAO,1500,30,,10.1039/b902361e
C3,,C1=CC=C(C2=NC3=C4N=C(C5=NC6=C(C=CC=C6)N5)C=CC4=CC=C3C=C2)C=C1,3135,,,26.9,,,,,,,,60,1atm,5,CrCl3(THF)3,1,toluene,100,MMAO,1500,30,,10.1039/b902361e
C3,,C1=CC=C(C2=NC3=C4N=C(C5=NC6=C(C=CC=C6)N5)C=CC4=CC=C3C=C2)C=C1,4962,,,22.9,,,,,,,,60,10atm,5,CrCl3(THF)3,1,toluene,100,MMAO,1500,30,,10.1039/b902361e
C4,,CN1C(C2=NC3=C4N=C(C5=CC=CC=C5)C=CC4=CC=C3C=C2)=NC2=C1C=CC=C2,2346,,,22.5,,,,,,,,60,1atm,5,CrCl3(THF)3,1,toluene,100,MMAO,1500,30,,10.1039/b902361e
C4,,CN1C(C2=NC3=C4N=C(C5=CC=CC=C5)C=CC4=CC=C3C=C2)=NC2=C1C=CC=C2,4058,,,21.2,,,,,,,,60,10atm,5,CrCl3(THF)3,1,toluene,100,MMAO,1500,30,,10.1039/b902361e
C5,,C1=CC2=CC=C3C=CC(C4=NC5=C(C=CC=C5)O4)=NC3=C2N=C1,36538,,,34.1,,,,,,,,60,10atm,5,CrCl3(THF)3,1,toluene,100,MMAO,1500,30,,10.1039/b902361e
C5,,C1=CC2=CC=C3C=CC(C4=NC5=C(C=CC=C5)O4)=NC3=C2N=C1,27885,,,32.1,,,,,,,,60,1atm,5,CrCl3(THF)3,1,toluene,100,MMAO,1500,30,,10.1039/b902361e
C7,,C1=CC=C(C2=NC3=C4N=C(C5=NC6=C(C=CC=C6)O5)C=CC4=CC=C3C=C2)C=C1,4192,,,24.3,,,,,,,,60,1atm,5,CrCl3(THF)3,1,toluene,100,MMAO,1500,30,,10.1039/b902361e
C7,,C1=CC=C(C2=NC3=C4N=C(C5=NC6=C(C=CC=C6)O5)C=CC4=CC=C3C=C2)C=C1,7269,,,20.1,,,,,,,,60,10atm,5,CrCl3(THF)3,1,toluene,100,MMAO,1500,30,,10.1039/b902361e
C8,,CC1=CC2=C(C=C1)OC(C1=NC3=C4N=C(C5=CC=CC=C5)C=CC4=CC=C3C=C1)=N2,5615,,,25.2,,,,,,,,60,1atm,5,CrCl3(THF)3,1,toluene,100,MMAO,1500,30,,10.1039/b902361e
C8,,CC1=CC2=C(C=C1)OC(C1=NC3=C4N=C(C5=CC=CC=C5)C=CC4=CC=C3C=C1)=N2,10231,,,23.9,,,,,,,,60,10atm,5,CrCl3(THF)3,1,toluene,100,MMAO,1500,30,,10.1039/b902361e
C9,,C1=CC2=CC=C3C=CC(C4=NC5=C(C=CC=C5)S4)=NC3=C2N=C1,8057,,,33,,,,,,,,60,1atm,5,CrCl3(THF)3,1,toluene,100,MMAO,1500,30,,10.1039/b902361e
c9,,C1=CC2=CC=C3C=CC(C4=NC5=C(C=CC=C5)S4)=NC3=C2N=C1,25192,,,31,,,,,,,,60,10atm,5,CrCl3(THF)3,1,toluene,100,MMAO,1500,30,,10.1039/b902361e
C10,,C1=CC=C(C2=NC3=C4N=C(C5=NC6=C(C=CC=C6)S5)C=CC4=CC=C3C=C2)C=C1,3423,,,23.1,,,,,,,,60,1atm,5,CrCl3(THF)3,1,toluene,100,MMAO,1500,30,,10.1039/b902361e
C10,,C1=CC=C(C2=NC3=C4N=C(C5=NC6=C(C=CC=C6)S5)C=CC4=CC=C3C=C2)C=C1,4019,,,19.8,,,,,,,,60,10atm,5,CrCl3(THF)3,1,toluene,100,MMAO,1500,30,,10.1039/b902361e
1,,COC1=CC=CC=C1P(C1=C(OC)C=CC=C1)N(C)P(C1=CC=CC=C1OC)C1=C(OC)C=CC=C1,25000,,,91,,7,,>99,>99,,,65,30bar,33,Cr(AcAc)3,2,toluene,100,MAO,300,30,,10.1039/b412432d
1,,COC1=CC=CC=C1P(C1=C(OC)C=CC=C1)N(C)P(C1=CC=CC=C1OC)C1=C(OC)C=CC=C1,159600,,,82,,13,,>99,>99,,,45,45bar,20,CrCl3(THF)3,2,toluene,100,MAO,300,30,,10.1039/b412432d
2,,CCC1=CC=CC(P(C2=CC=CC(OC)=C2)N(C)P(C2=CC=CC(CC)=C2)C2=CC(OC)=CC=C2)=C1,12800,,,30,20.1,33,30.36,67,92,50.46,,65,30bar,33,Cr(AcAc)3,2,toluene,100,MAO,300,30,,10.1039/b412432d
2,,CCC1=CC=CC(P(C2=CC=CC(OC)=C2)N(C)P(C2=CC=CC(CC)=C2)C2=CC(OC)=CC=C2)=C1,25400,,,16,8.8,22,19.8,55,90,28.6,,45,45bar,33,Cr(AcAc)3,2,toluene,100,MAO,300,30,,10.1039/b412432d
3,,COC1=CC=C(P(C2=CC=C(OC)C=C2)N(C)P(C2=CC=C(OC)C=C2)C2=CC=C(OC)C=C2)C=C1,45200,,,26,12.22,50,47,47,94,59.22,,65,30bar,33,Cr(AcAc)3,2,toluene,100,MAO,300,30,,10.1039/b412432d
3,,COC1=CC=C(P(C2=CC=C(OC)C=C2)N(C)P(C2=CC=C(OC)C=C2)C2=CC=C(OC)C=C2)C=C1,54600,,,17,5.95,38,34.58,35,91,40.53,,45,45bar,33,Cr(AcAc)3,2,toluene,100,MAO,300,30,,10.1039/b412432d
4,,CN(P(C1=CC=CC=C1)C1=CC=CC=C1)P(C1=CC=CC=C1)C1=CC=CC=C1,26500,,,25,9.75,59,55.46,39,94,65.21,,65,30bar,33,CrCl3(THF)3,2,toluene,100,MAO,300,30,,10.1039/b412432d
4,,CN(P(C1=CC=CC=C1)C1=CC=CC=C1)P(C1=CC=CC=C1)C1=CC=CC=C1,44000,,,4,0.92,22,20.24,23,92,21.16,,45,45bar,33,Cr(AcAc)3,2,toluene,100,MAO,300,30,,10.1039/b412432d
5,,COC1=CC=C(P(C2=CC=C(OC)C=C2)N(C(C)C)P(C2=CC=C(OC)C=C2)C2=CC=C(OC)C=C2)C=C1,72300,,,39,34.32,51,50.49,88,99,84.81,,65,30bar,33,Cr(AcAc)3,2,toluene,100,MAO,300,30,,10.1039/b412432d
5,,COC1=CC=C(P(C2=CC=C(OC)C=C2)N(C(C)C)P(C2=CC=C(OC)C=C2)C2=CC=C(OC)C=C2)C=C1,112700,,,24,17.76,68,67.32,74,99,85.08,,45,45bar,15,CrCl3(THF)3,1.2,toluene,100,MAO,300,30,,10.1039/b412432d
6,,CC(C)N(P(C1=CC=CC=C1)C1=CC=CC=C1)P(C1=CC=CC=C1)C1=CC=CC=C1,11700,,,33,28.71,61,,87,>99,,,65,30bar,33,CrCl3(THF)3,2,toluene,100,MAO,300,30,,10.1039/b412432d
6,,CC(C)N(P(C1=CC=CC=C1)C1=CC=CC=C1)P(C1=CC=CC=C1)C1=CC=CC=C1,272400,,,17,11.9,68,67.32,70,99,79.22,,45,45bar,22,Cr(AcAc)3,2,toluene,100,MAO,300,30,,10.1039/b412432d
7,,CCC1=CC=CC=C1P(C1=CC=CC=C1)N(C(C)C)P(C1=CC=CC=C1)C1=C(CC)C=CC=C1,154000,,,70,,2,,>99,>99,,,65,30bar,33,Cr(AcAc)3,2,toluene,100,MAO,300,30,,10.1039/b412432d
7,,CCC1=CC=CC=C1P(C1=CC=CC=C1)N(C(C)C)P(C1=CC=CC=C1)C1=C(CC)C=CC=C1,45600,,,48,,6,,>99,>99,,,45,45bar,33,Cr(AcAc)3,2,toluene,100,MAO,300,30,,10.1039/b412432d
8,,COC1=C(P(C2=CC=CC=C2)N(C(C)C)P(C2=CC=CC=C2)C2=CC=CC=C2)C=CC=C1,76300,,,74,72.52,6,5.94,98,99,78.46,,65,30bar,33,Cr(AcAc)3,2,toluene,100,MAO,300,30,,10.1039/b412432d
8,,COC1=C(P(C2=CC=CC=C2)N(C(C)C)P(C2=CC=CC=C2)C2=CC=CC=C2)C=CC=C1,243900,,,63,61.74,17,16.66,98,98,78.4,,45,45bar,33,Cr(AcAc)3,2,toluene,100,MAO,300,30,,10.1039/b412432d
9,,CCC1=C(P(C2=CC=CC=C2)N(C(C)C)P(C2=CC=CC=C2)C2=CC=CC=C2)C=CC=C1,15800,,,47,41.83,47,44.18,89,94,86.01,,65,30bar,33,Cr(AcAc)3,2,toluene,100,MAO,300,30,,10.1039/b412432d
9,,CCC1=C(P(C2=CC=CC=C2)N(C(C)C)P(C2=CC=CC=C2)C2=CC=CC=C2)C=CC=C1,159300,,,27,19.44,63,61.74,72,98,81.18,,45,45bar,33,Cr(AcAc)3,2,toluene,100,MAO,300,30,,10.1039/b412432d
1,,C1=CC=C(N(P(C2=CC=CC=C2)C2=CC=CC=C2)P(C2=CC=CC=C2)C2=CC=CC=C2)C=C1,,765900,,16.6,8.9972,61.8,60.0078,54.2,97.1,69,,60,50bar,10,Cr(AcAc)3,1,methylcyclohexane,100,MMAO-3A,480,12,3.3,10.1016/j.molcata.2007.01.04
2,,CC1=C(N(P(C2=CC=CC=C2)C2=CC=CC=C2)P(C2=CC=CC=C2)C2=CC=CC=C2)C=CC=C1,,526700,,27.1,15.3386,56.8,55.096,56.6,97,70.3,,60,50bar,10,Cr(AcAc)3,1,methylcyclohexane,100,MMAO-3A,480,18,4.8,10.1016/j.molcata.2007.01.04
3,,CCC1=C(N(P(C2=CC=CC=C2)C2=CC=CC=C2)P(C2=CC=CC=C2)C2=CC=CC=C2)C=CC=C1,,562600,,29.4,19.7568,57,55.746,67.2,97.8,75.6,,60,50bar,10,Cr(AcAc)3,1,methylcyclohexane,100,MMAO-3A,480,18,3,10.1016/j.molcata.2007.01.04
4,,CC(C)C1=C(N(P(C2=CC=CC=C2)C2=CC=CC=C2)P(C2=CC=CC=C2)C2=CC=CC=C2)C=CC=C1,,159600,,33.4,28.7908,52.9,52.4768,86.2,99.2,81.3,,60,50bar,10,Cr(AcAc)3,1,methylcyclohexane,100,MMAO-3A,480,45,7.8,10.1016/j.molcata.2007.01.04
5,,CC1=CC=CC(C)=C1N(P(C1=CC=CC=C1)C1=CC=CC=C1)P(C1=CC=CC=C1)C1=CC=CC=C1,,498500,,31,26.474,56.9,56.331,85.4,99,82.8,,60,50bar,10,Cr(AcAc)3,1,methylcyclohexane,100,MMAO-3A,480,21,3.8,10.1016/j.molcata.2007.01.04
6,,C1=CC=C(CN(P(C2=CC=CC=C2)C2=CC=CC=C2)P(C2=CC=CC=C2)C2=CC=CC=C2)C=C1,,1065300,,18.8,8.742,63.5,61.722,46.5,97.2,70.5,,60,50bar,10,Cr(AcAc)3,1,methylcyclohexane,100,MMAO-3A,480,9,1.3,10.1016/j.molcata.2007.01.04
7,,CC(C1=CC=CC=C1)N(P(C1=CC=CC=C1)C1=CC=CC=C1)P(C1=CC=CC=C1)C1=CC=CC=C1,,1001600,,27,20.79,64.1,63.5231,77,99.1,84.3,,60,50bar,10,Cr(AcAc)3,1,methylcyclohexane,100,MMAO-3A,480,8,0.6,10.1016/j.molcata.2007.01.04
8,,C1=CC=C(C(C2=CC=CC=C2)N(P(C2=CC=CC=C2)C2=CC=CC=C2)P(C2=CC=CC=C2)C2=CC=CC=C2)C=C1,,579700,,27.1,23.2247,40.7,40.3337,85.7,99.1,63.6,,60,50bar,10,Cr(AcAc)3,1,methylcyclohexane,100,MMAO-3A,480,18,25.8,10.1016/j.molcata.2007.01.04
9,,C1=CC=C(CC(C2=CC=CC=C2)N(P(C2=CC=CC=C2)C2=CC=CC=C2)P(C2=CC=CC=C2)C2=CC=CC=C2)C=C1,,556200,,25.5,18.717,63.5,62.8015,73.4,98.9,81.5,,60,50bar,10,Cr(AcAc)3,1,methylcyclohexane,100,MMAO-3A,480,17,1.7,10.1016/j.molcata.2007.01.04
10,,C1=CC=C(P(C2=CC=CC=C2)N(C2=CC=CC3=C2C=CC=C3)P(C2=CC=CC=C2)C2=CC=CC=C2)C=C1,,516900,,25.5,16.2945,57.9,56.3367,63.9,97.3,72.6,,60,50bar,10,Cr(AcAc)3,1,methylcyclohexane,100,MMAO-3A,480,17,3.4,10.1016/j.molcata.2007.01.04
11,,C1=CC=C(P(C2=CC=CC=C2)N(CC2=CC3=C(C=CC=C3)C=C2)P(C2=CC=CC=C2)C2=CC=CC=C2)C=C1,,707900,,22.4,13.7984,65,63.96,61.6,98.4,77.8,,60,50bar,10,Cr(AcAc)3,1,methylcyclohexane,100,MMAO-3A,480,14,1,10.1016/j.molcata.2007.01.04
12,,CC(C1=CC2=C(C=CC=C2)C=C1)N(P(C1=CC=CC=C1)C1=CC=CC=C1)P(C1=CC=CC=C1)C1=CC=CC=C1,,1012900,,27.1,22.2491,62.8,62.2976,82.1,99.2,84.5,,60,50bar,10,Cr(AcAc)3,1,methylcyclohexane,100,MMAO-3A,480,9,0.8,10.1016/j.molcata.2007.01.04
13,,C1=CC=C(P(C2=CC=CC=C2)N(C2CCCC3=C2C=CC=C3)P(C2=CC=CC=C2)C2=CC=CC=C2)C=C1,,145500,,31.4,28.5112,61.8,60.873,90.8,98.5,89.4,,60,50bar,10,Cr(AcAc)3,1,methylcyclohexane,100,MMAO-3A,480,60,0.8,10.1016/j.molcata.2007.01.04
14,,CC(C)(C)C1=CC=C(N(P(C2=CC=CC=C2)C2=CC=CC=C2)P(C2=CC=CC=C2)C2=CC=CC=C2)C=C1,,1147200,,17.7,9.4695,62.3,60.1818,53.5,96.6,69.7,,60,50bar,10,Cr(AcAc)3,1,methylcyclohexane,100,MMAO-3A,480,9,1.9,10.1016/j.molcata.2007.01.04
15,,O=NOC1=CC=C(N(P(C2=CC=CC=C2)C2=CC=CC=C2)P(C2=CC=CC=C2)C2=CC=CC=C2)C=C1,,932800,,14.8,7.918,53.3,51.6477,53.5,96.9,59.6,,60,50bar,10,Cr(AcAc)3,1,methylcyclohexane,100,MMAO-3A,480,13,16.2,10.1016/j.molcata.2007.01.04
16,,COC1=CC=C(N(P(C2=CC=CC=C2)C2=CC=CC=C2)P(C2=CC=CC=C2)C2=CC=CC=C2)C=C1,,385900,,22.1,8.8842,58.2,56.2794,40.2,96.7,65.1,,60,50bar,10,Cr(AcAc)3,1,methylcyclohexane,100,MMAO-3A,480,26,4.6,10.1016/j.molcata.2007.01.04
以下为中文文献,,COC1=CC=C(N(P(C2=CC=CC=C2)C2=CC=CC=C2)P(C2=CC=CC=C2)C2=CC=CC=C2)C=C1,,,,,,,,,,,,,,,,,,,,,,,10.1016/j.molcata.2007.01.04
,,COC1=CC=C(N(P(C2=CC=CC=C2)C2=CC=CC=C2)P(C2=CC=CC=C2)C2=CC=CC=C2)C=C1,,,,,,,,,,,,,,,,,,,,,,,10.1016/j.molcata.2007.01.04
,,CC(C)N(P(C1=CC=CC=C1)C1=CC=CC=C1)P(C1=CC=CC=C1)C1=CC=CC=C1,3077,,,,52.23,,0,,,,,40,4MPa,3,Cr(AcAc)3,1,toluene,,TMA,300,30,,10.19500/j.cnki.0367-6358.2014.03.010
,,CC(C)N(P(C1=CC=CC=C1)C1=CC=CC=C1)P(C1=CC=CC=C1)C1=CC=CC=C1,2500,,,,26.69,,1.52,,,,,40,4MPa,3,Cr(AcAc)3,1,toluene,,TEA,300,30,,10.19500/j.cnki.0367-6358.2014.03.010
,,CC(C)N(P(C1=CC=CC=C1)C1=CC=CC=C1)P(C1=CC=CC=C1)C1=CC=CC=C1,11538,,,,9.31,,1.88,,,,,40,4MPa,3,Cr(AcAc)3,1,toluene,,TIBA,300,30,,10.19500/j.cnki.0367-6358.2014.03.010
,,CC(C)N(P(C1=CC=CC=C1)C1=CC=CC=C1)P(C1=CC=CC=C1)C1=CC=CC=C1,50385,,,,18.53,,70.14,,,,,40,4MPa,3,Cr(AcAc)3,1,toluene,,MMAO,300,30,,10.19500/j.cnki.0367-6358.2014.03.010
,,CC(C)N(P(C1=CC=CC=C1)C1=CC=CC=C1)P(C1=CC=CC=C1)C1=CC=CC=C1,23461,,,,41.88,,46.33,,,,,40,4MPa,3,Cr(AcAc)3,1,toluene,,EAO,300,30,,10.19500/j.cnki.0367-6358.2014.03.010
,,CC(C)(C)N(P(C1=CC=CC=C1)C1=CC=CC=C1)P(C1=CC=CC=C1)C1=CC=CC=C1,394441,,,29.08,26.4,57.67,57.33,,,83.73,,45,3MPa,40,Cr(AcAc)3,1.2,methylcyclohexane,100,MAO,500,30,0.35,SUN:HCSZ.0.2018-05-002
,,CC(C)(C)N(P(C1=CC=CC=C1)C1=CC=CC=C1)P(C1=CC=CC=C1)C1=CC=CC=C1,383459,,,30.94,28.38,57.8,57.52,,,85.9,,45,3MPa,45,Cr(AcAc)3,1.2,methylcyclohexane,100,MAO,500,30,0.83,SUN:HCSZ.0.2018-05-002
,,CC(C)(C)N(P(C1=CC=CC=C1)C1=CC=CC=C1)P(C1=CC=CC=C1)C1=CC=CC=C1,386711,,,31.01,28.58,56.14,55.84,,,84.42,,45,3MPa,50,Cr(AcAc)3,1.2,methylcyclohexane,100,MAO,500,30,0.4,SUN:HCSZ.0.2018-05-002
,,CC(C)(C)N(P(C1=CC=CC=C1)C1=CC=CC=C1)P(C1=CC=CC=C1)C1=CC=CC=C1,379792,,,30.21,27.76,57.99,57.17,,,84.93,,45,3MPa,55,Cr(AcAc)3,1.2,methylcyclohexane,100,MAO,500,30,0.52,SUN:HCSZ.0.2018-05-002
,,CC(C)(C)N(P(C1=CC=CC=C1)C1=CC=CC=C1)P(C1=CC=CC=C1)C1=CC=CC=C1,302614,,,29.86,27.12,57.95,57.65,,,84.77,,45,3MPa,60,Cr(AcAc)3,1.2,methylcyclohexane,100,MAO,500,30,0.38,SUN:HCSZ.0.2018-05-002
,,CC(C)(C)N(P(C1=CC=CC=C1)C1=CC=CC=C1)P(C1=CC=CC=C1)C1=CC=CC=C1,259953,,,30.17,27.54,56.95,56.63,,,84.17,,45,3MPa,70,Cr(AcAc)3,1.2,methylcyclohexane,100,MAO,500,30,0.42,SUN:HCSZ.0.2018-05-002
,,CC(C)(C)N(P(C1=CC=CC=C1)C1=CC=CC=C1)P(C1=CC=CC=C1)C1=CC=CC=C1,176638,,,33.64,31.18,52.52,52.08,,,83.26,,45,2MPa,5,Cr(AcAc)3,1.2,methylcyclohexane,100,MAO,500,30,1.33,SUN:HCSZ.0.2018-05-002
,,CC(C)(C)N(P(C1=CC=CC=C1)C1=CC=CC=C1)P(C1=CC=CC=C1)C1=CC=CC=C1,290748,,,31.98,29.45,55.36,55.04,,,84.49,,45,2.5MPa,5,Cr(AcAc)3,1.2,methylcyclohexane,100,MAO,500,30,0.66,SUN:HCSZ.0.2018-05-002
,,CC(C)(C)N(P(C1=CC=CC=C1)C1=CC=CC=C1)P(C1=CC=CC=C1)C1=CC=CC=C1,386711,,,31.01,28.58,56.14,55.84,,,84.42,,45,3MPa,5,Cr(AcAc)3,1.2,methylcyclohexane,100,MAO,500,30,0.4,SUN:HCSZ.0.2018-05-002
,,CC(C)(C)N(P(C1=CC=CC=C1)C1=CC=CC=C1)P(C1=CC=CC=C1)C1=CC=CC=C1,465848,,,27.89,25.07,60.01,59.72,,,84.79,,45,3.5MPa,5,Cr(AcAc)3,1.2,methylcyclohexane,100,MAO,500,30,0.44,SUN:HCSZ.0.2018-05-002
,,CC(C)(C)N(P(C1=CC=CC=C1)C1=CC=CC=C1)P(C1=CC=CC=C1)C1=CC=CC=C1,200783,,,21.8,18.46,65.44,65.01,,,83.47,,30,3MPa,5,Cr(AcAc)3,1.2,methylcyclohexane,100,MAO,500,30,1.24,SUN:HCSZ.0.2018-05-002
,,CC(C)(C)N(P(C1=CC=CC=C1)C1=CC=CC=C1)P(C1=CC=CC=C1)C1=CC=CC=C1,270911,,,23.3,20.4,63.95,63.61,,,84.01,,35,3MPa,5,Cr(AcAc)3,1.2,methylcyclohexane,100,MAO,500,30,0.5,SUN:HCSZ.0.2018-05-002
,,CC(C)(C)N(P(C1=CC=CC=C1)C1=CC=CC=C1)P(C1=CC=CC=C1)C1=CC=CC=C1,345271,,,27.74,24.91,60.06,59.75,,,84.66,,40,3MPa,5,Cr(AcAc)3,1.2,methylcyclohexane,100,MAO,500,30,0.49,SUN:HCSZ.0.2018-05-002
,,CC(C)(C)N(P(C1=CC=CC=C1)C1=CC=CC=C1)P(C1=CC=CC=C1)C1=CC=CC=C1,386711,,,31.01,28.58,56.14,55.84,,,84.42,,45,3MPa,5,Cr(AcAc)3,1.2,methylcyclohexane,100,MAO,500,30,0.4,SUN:HCSZ.0.2018-05-002
,,CC(C)(C)N(P(C1=CC=CC=C1)C1=CC=CC=C1)P(C1=CC=CC=C1)C1=CC=CC=C1,395058,,,33.34,31.23,53.19,52.93,,,84.16,,50,3MPa,5,Cr(AcAc)3,1.2,methylcyclohexane,100,MAO,500,30,0.45,SUN:HCSZ.0.2018-05-002
,,CC(C)(C)N(P(C1=CC=CC=C1)C1=CC=CC=C1)P(C1=CC=CC=C1)C1=CC=CC=C1,336599,,,35.61,33.62,50.45,50.18,,,83.8,,55,3MPa,5,Cr(AcAc)3,1.2,methylcyclohexane,100,MAO,500,30,1.17,SUN:HCSZ.0.2018-05-002
1,,CN(CP(C1=CC=CC=C1)C1=CC=CC=C1)P(C1=CC=CC=C1)C1=CC=CC=C1,59038,,,26.54,25.7,45.58,43.07,,,68.77,,40,4MPa,1,Cr(THF)3Cl3,1,methylcyclohexane,20,n(DMAO)/n(AlEt3) = 4:1.,500,30,,10.3969/j.issn.1001-8719.2021.05.006
,,CN(CP(C1=CC=CC=C1)C1=CC=CC=C1)P(C1=CC=CC=C1)C1=CC=CC=C1,74808,,,39.17,35.15,32.74,30.59,,,65.74,,60,4MPa,1,CrCl3(THF)3,1,methylcyclohexane,20,n(DMAO)/n(AlEt3) = 4:1.,500,30,,10.3969/j.issn.1001-8719.2021.05.006
,,CN(CP(C1=CC=CC=C1)C1=CC=CC=C1)P(C1=CC=CC=C1)C1=CC=CC=C1,113654,,,41.6,40.98,13.24,13.05,,,54.03,,80,4MPa,1,CrCl3(THF)3,1,methylcyclohexane,20,n(DMAO)/n(AlEt3) = 4:1.,500,30,,10.3969/j.issn.1001-8719.2021.05.006
,,CN(CP(C1=CC=CC=C1)C1=CC=CC=C1)P(C1=CC=CC=C1)C1=CC=CC=C1,68269,,,37.51,34.26,15.11,14.93,,,49.19,,100,4MPa,1,CrCl3(THF)3,1,methylcyclohexane,20,n(DMAO)/n(AlEt3) = 4:1.,500,30,,10.3969/j.issn.1001-8719.2021.05.006
,,CN(CP(C1=CC=CC=C1)C1=CC=CC=C1)P(C1=CC=CC=C1)C1=CC=CC=C1,60192,,,36.6,35.25,16.41,15.2,,,50.45,,120,4MPa,1,CrCl3(THF)3,1,methylcyclohexane,20,n(DMAO)/n(AlEt3) = 4:1.,500,30,,10.3969/j.issn.1001-8719.2021.05.006
1,,CN(CP(C1=CC=CC=C1)C1=CC=CC=C1)P(C1=CC=CC=C1)C1=CC=CC=C1,21346,,,88.55,82.05,7.66,7.37,,,89.42,,100,1MPa,1,CrCl3(THF)3,1,methylcyclohexane,20,n(DMAO)/n(AlEt3) = 4:1.,500,30,,10.3969/j.issn.1001-8719.2021.05.006
,,CN(CP(C1=CC=CC=C1)C1=CC=CC=C1)P(C1=CC=CC=C1)C1=CC=CC=C1,25385,,,76.88,72.81,8.63,8.31,,,81.12,,100,3MPa,1,CrCl3(THF)3,1,methylcyclohexane,20,n(DMAO)/n(AlEt3) = 4:1.,500,30,,10.3969/j.issn.1001-8719.2021.05.006
,,CN(CP(C1=CC=CC=C1)C1=CC=CC=C1)P(C1=CC=CC=C1)C1=CC=CC=C1,68269,,,37.51,34.26,15.11,14.93,,,49.19,,100,4MPa,1,CrCl3(THF)3,1,methylcyclohexane,20,n(DMAO)/n(AlEt3) = 4:1.,500,30,,10.3969/j.issn.1001-8719.2021.05.006
1,,CN(CP(C1=CC=CC=C1)C1=CC=CC=C1)P(C1=CC=CC=C1)C1=CC=CC=C1,15385,,,85.6,84.33,10.4,9.57,,,93.9,,100,1MPa,1,CrCl3(THF)3,1,methylcyclohexane,20,n(DMAO)/n(AlEt3) = 4:1.,300,30,,10.3969/j.issn.1001-8719.2021.05.006
,,CN(CP(C1=CC=CC=C1)C1=CC=CC=C1)P(C1=CC=CC=C1)C1=CC=CC=C1,21346,,,88.55,82.05,7.66,7.37,,,89.42,,100,1MPa,1,CrCl3(THF)3,1,methylcyclohexane,20,n(DMAO)/n(AlEt3) = 4:1.,500,30,,10.3969/j.issn.1001-8719.2021.05.006
,,CN(CP(C1=CC=CC=C1)C1=CC=CC=C1)P(C1=CC=CC=C1)C1=CC=CC=C1,35769,,,78.21,77.05,8.75,8.35,,,85.4,,100,1MPa,1,CrCl3(THF)3,1,methylcyclohexane,20,n(DMAO)/n(AlEt3) = 4:1.,700,30,,10.3969/j.issn.1001-8719.2021.05.006
1,,CN(CP(C1=CC=CC=C1)C1=CC=CC=C1)P(C1=CC=CC=C1)C1=CC=CC=C1,25577,,,82.89,75.26,6.23,4.55,,,79.81,,100,1MPa,1,CrCl3(THF)3,1,methylcyclohexane,20,n(DMAO)/n(AlEt3) = 4:1.,500,5,,10.3969/j.issn.1001-8719.2021.05.006
,,CN(CP(C1=CC=CC=C1)C1=CC=CC=C1)P(C1=CC=CC=C1)C1=CC=CC=C1,27308,,,85.91,80.66,7.28,5.84,,,86.5,,100,1MPa,1,CrCl3(THF)3,1,methylcyclohexane,20,n(DMAO)/n(AlEt3) = 4:1.,500,10,,10.3969/j.issn.1001-8719.2021.05.006
,,CN(CP(C1=CC=CC=C1)C1=CC=CC=C1)P(C1=CC=CC=C1)C1=CC=CC=C1,35962,,,88.81,87.32,7.55,6.73,,,94.05,,100,1MPa,1,CrCl3(THF)3,1,methylcyclohexane,20,n(DMAO)/n(AlEt3) = 4:1.,500,15,,10.3969/j.issn.1001-8719.2021.05.006
,,CN(CP(C1=CC=CC=C1)C1=CC=CC=C1)P(C1=CC=CC=C1)C1=CC=CC=C1,21346,,,88.55,82.05,7.66,7.37,,,89.42,,100,1MPa,1,CrCl3(THF)3,1,methylcyclohexane,20,n(DMAO)/n(AlEt3) = 4:1.,500,30,,10.3969/j.issn.1001-8719.2021.05.006
,,CN(CP(C1=CC=CC=C1)C1=CC=CC=C1)P(C1=CC=CC=C1)C1=CC=CC=C1,16154,,,85.22,83.73,11.61,10.76,,,94.49,,100,1MPa,1,CrCl3(THF)3,1,methylcyclohexane,20,n(DMAO)/n(AlEt3) = 4:1.,500,45,,10.3969/j.issn.1001-8719.2021.05.006
2,,CC(C)N(CCP(C1=CC=CC=C1)C1=CC=CC=C1)P(C1=CC=CC=C1)C1=CC=CC=C1,159615,,,44.26,43.9,25.93,25.58,,,69.48,,40,4MPa,1,CrCl3(THF)3,1,methylcyclohexane,20,n(DMAO)/n(AlEt3) = 4:1.,500,30,,10.3969/j.issn.1001-8719.2021.05.006
,,CC(C)N(CCP(C1=CC=CC=C1)C1=CC=CC=C1)P(C1=CC=CC=C1)C1=CC=CC=C1,238461,,,47.77,45.98,18.81,18.41,,,64.39,,60,4MPa,1,CrCl3(THF)3,1,methylcyclohexane,20,n(DMAO)/n(AlEt3) = 4:1.,500,30,,10.3969/j.issn.1001-8719.2021.05.006
,,CC(C)N(CCP(C1=CC=CC=C1)C1=CC=CC=C1)P(C1=CC=CC=C1)C1=CC=CC=C1,296154,,,52.23,51.92,10.86,10.21,,,62.13,,80,4MPa,1,CrCl3(THF)3,1,methylcyclohexane,20,n(DMAO)/n(AlEt3) = 4:1.,500,30,,10.3969/j.issn.1001-8719.2021.05.006
,,CC(C)N(CCP(C1=CC=CC=C1)C1=CC=CC=C1)P(C1=CC=CC=C1)C1=CC=CC=C1,328846,,,54.7,52.92,6.02,5.29,,,58.21,,100,4MPa,1,CrCl3(THF)3,1,methylcyclohexane,20,n(DMAO)/n(AlEt3) = 4:1.,500,30,,10.3969/j.issn.1001-8719.2021.05.006
,,CC(C)N(CCP(C1=CC=CC=C1)C1=CC=CC=C1)P(C1=CC=CC=C1)C1=CC=CC=C1,223077,,,28.78,26.71,9.07,8.64,,,35.35,,120,4MPa,1,CrCl3(THF)3,1,methylcyclohexane,20,n(DMAO)/n(AlEt3) = 4:1.,500,30,,10.3969/j.issn.1001-8719.2021.05.006
2,,CC(C)N(CCP(C1=CC=CC=C1)C1=CC=CC=C1)P(C1=CC=CC=C1)C1=CC=CC=C1,46346,,,95.62,90.5,3.12,2.93,,,93.43,,100,1MPa,1,CrCl3(THF)3,1,methylcyclohexane,20,n(DMAO)/n(AlEt3) = 4:1.,500,30,,10.3969/j.issn.1001-8719.2021.05.006
,,CC(C)N(CCP(C1=CC=CC=C1)C1=CC=CC=C1)P(C1=CC=CC=C1)C1=CC=CC=C1,109038,,,71.24,70.34,4.15,3.72,,,74.06,,100,3MPa,1,CrCl3(THF)3,1,methylcyclohexane,20,n(DMAO)/n(AlEt3) = 4:1.,500,30,,10.3969/j.issn.1001-8719.2021.05.006
,,CC(C)N(CCP(C1=CC=CC=C1)C1=CC=CC=C1)P(C1=CC=CC=C1)C1=CC=CC=C1,328846,,,54.7,52.92,6.02,5.29,,,58.21,,100,4MPa,1,CrCl3(THF)3,1,methylcyclohexane,20,n(DMAO)/n(AlEt3) = 4:1.,500,30,,10.3969/j.issn.1001-8719.2021.05.006
2,,CC(C)N(CCP(C1=CC=CC=C1)C1=CC=CC=C1)P(C1=CC=CC=C1)C1=CC=CC=C1,962,,,70.67,70.67,26.67,16.97,,,87.64,,100,1MPa,1,CrCl3(THF)3,1,methylcyclohexane,20,n(DMAO)/n(AlEt3) = 4:1.,300,30,,10.3969/j.issn.1001-8719.2021.05.006
,,CC(C)N(CCP(C1=CC=CC=C1)C1=CC=CC=C1)P(C1=CC=CC=C1)C1=CC=CC=C1,46346,,,95.62,90.5,3.12,2.93,,,93.43,,100,1MPa,1,CrCl3(THF)3,1,methylcyclohexane,20,n(DMAO)/n(AlEt3) = 4:1.,500,30,,10.3969/j.issn.1001-8719.2021.05.006
,,CC(C)N(CCP(C1=CC=CC=C1)C1=CC=CC=C1)P(C1=CC=CC=C1)C1=CC=CC=C1,70385,,,73.56,71.5,3.39,3.21,,,74.71,,100,1MPa,1,CrCl3(THF)3,1,methylcyclohexane,20,n(DMAO)/n(AlEt3) = 4:1.,700,30,,10.3969/j.issn.1001-8719.2021.05.006
2,,CC(C)N(CCP(C1=CC=CC=C1)C1=CC=CC=C1)P(C1=CC=CC=C1)C1=CC=CC=C1,9423,,,89.11,87.09,6.95,6.06,,,93.15,,100,1MPa,1,CrCl3(THF)3,1,methylcyclohexane,20,n(DMAO)/n(AlEt3) = 4:1.,500,15,,10.3969/j.issn.1001-8719.2021.05.006
,,CC(C)N(CCP(C1=CC=CC=C1)C1=CC=CC=C1)P(C1=CC=CC=C1)C1=CC=CC=C1,46346,,,95.62,90.5,3.12,2.93,,,93.43,,100,1MPa,1,CrCl3(THF)3,1,methylcyclohexane,20,n(DMAO)/n(AlEt3) = 4:1.,500,30,,10.3969/j.issn.1001-8719.2021.05.006
,,CC(C)N(CCP(C1=CC=CC=C1)C1=CC=CC=C1)P(C1=CC=CC=C1)C1=CC=CC=C1,30769,,,95.68,93.25,3.02,2.86,,,96.11,,100,1MPa,1,CrCl3(THF)3,1,methylcyclohexane,20,n(DMAO)/n(AlEt3) = 4:1.,500,45,,10.3969/j.issn.1001-8719.2021.05.006
3,,CC(C)N(CCCP(C1=CC=CC=C1)C1=CC=CC=C1)P(C1=CC=CC=C1)C1=CC=CC=C1,10962,,,48.74,47.15,26.74,25.04,,,72.19,,40,4MPa,1,CrCl3(THF)3,1,methylcyclohexane,20,n(DMAO)/n(AlEt3) = 4:1.,500,30,,10.3969/j.issn.1001-8719.2021.05.006
,,CC(C)N(CCCP(C1=CC=CC=C1)C1=CC=CC=C1)P(C1=CC=CC=C1)C1=CC=CC=C1,11346,,,60.58,58.26,17.7,16.68,,,74.94,,60,4MPa,1,CrCl3(THF)3,1,methylcyclohexane,20,n(DMAO)/n(AlEt3) = 4:1.,500,30,,10.3969/j.issn.1001-8719.2021.05.006
,,CC(C)N(CCCP(C1=CC=CC=C1)C1=CC=CC=C1)P(C1=CC=CC=C1)C1=CC=CC=C1,37500,,,65.88,63.54,12.36,11.68,,,75.22,,80,4MPa,1,CrCl3(THF)3,1,methylcyclohexane,20,n(DMAO)/n(AlEt3) = 4:1.,500,30,,10.3969/j.issn.1001-8719.2021.05.006
,,CC(C)N(CCCP(C1=CC=CC=C1)C1=CC=CC=C1)P(C1=CC=CC=C1)C1=CC=CC=C1,6731,,,62.07,56.72,12.67,11.71,,,68.43,,100,4MPa,1,CrCl3(THF)3,1,methylcyclohexane,20,n(DMAO)/n(AlEt3) = 4:1.,500,30,,10.3969/j.issn.1001-8719.2021.05.006
,,CC(C)N(CCCP(C1=CC=CC=C1)C1=CC=CC=C1)P(C1=CC=CC=C1)C1=CC=CC=C1,5192,,,41.74,40.38,13.13,12.34,,,52.72,,120,4MPa,1,CrCl3(THF)3,1,methylcyclohexane,20,n(DMAO)/n(AlEt3) = 4:1.,500,30,,10.3969/j.issn.1001-8719.2021.05.006
3,,CC(C)N(CCCP(C1=CC=CC=C1)C1=CC=CC=C1)P(C1=CC=CC=C1)C1=CC=CC=C1,5000,,,85.17,84.27,9.22,8.67,,,92.94,,100,1MPa,1,CrCl3(THF)3,1,methylcyclohexane,20,n(DMAO)/n(AlEt3) = 4:1.,500,30,,10.3969/j.issn.1001-8719.2021.05.006
,,CC(C)N(CCCP(C1=CC=CC=C1)C1=CC=CC=C1)P(C1=CC=CC=C1)C1=CC=CC=C1,6152,,,70.05,69.58,10.52,9.92,,,79.5,,100,3MPa,1,CrCl3(THF)3,1,methylcyclohexane,20,n(DMAO)/n(AlEt3) = 4:1.,500,30,,10.3969/j.issn.1001-8719.2021.05.006
,,CC(C)N(CCCP(C1=CC=CC=C1)C1=CC=CC=C1)P(C1=CC=CC=C1)C1=CC=CC=C1,6731,,,62.07,56.72,12.67,11.71,,,68.43,,100,4MPa,1,CrCl3(THF)3,1,methylcyclohexane,20,n(DMAO)/n(AlEt3) = 4:1.,500,30,,10.3969/j.issn.1001-8719.2021.05.006
3,,CC(C)N(CCCP(C1=CC=CC=C1)C1=CC=CC=C1)P(C1=CC=CC=C1)C1=CC=CC=C1,3462,,,82.45,79.65,11.7,8.71,,,88.36,,100,1MPa,1,CrCl3(THF)3,1,methylcyclohexane,20,n(DMAO)/n(AlEt3) = 4:1.,300,30,,10.3969/j.issn.1001-8719.2021.05.006
,,CC(C)N(CCCP(C1=CC=CC=C1)C1=CC=CC=C1)P(C1=CC=CC=C1)C1=CC=CC=C1,5000,,,85.17,84.27,9.22,8.67,,,92.94,,100,1MPa,1,CrCl3(THF)3,1,methylcyclohexane,20,n(DMAO)/n(AlEt3) = 4:1.,500,30,,10.3969/j.issn.1001-8719.2021.05.006
,,CC(C)N(CCCP(C1=CC=CC=C1)C1=CC=CC=C1)P(C1=CC=CC=C1)C1=CC=CC=C1,13077,,,43.53,42.23,3.07,2.87,,,45.1,,100,1MPa,1,CrCl3(THF)3,1,methylcyclohexane,20,n(DMAO)/n(AlEt3) = 4:1.,700,30,,10.3969/j.issn.1001-8719.2021.05.006
3,,CC(C)N(CCCP(C1=CC=CC=C1)C1=CC=CC=C1)P(C1=CC=CC=C1)C1=CC=CC=C1,385,,,55.13,35.4,23.11,21.98,,,57.38,,100,1MPa,1,CrCl3(THF)3,1,methylcyclohexane,20,n(DMAO)/n(AlEt3) = 4:1.,500,15,,10.3969/j.issn.1001-8719.2021.05.006
,,CC(C)N(CCCP(C1=CC=CC=C1)C1=CC=CC=C1)P(C1=CC=CC=C1)C1=CC=CC=C1,5000,,,85.17,84.27,9.22,8.67,,,92.94,,100,1MPa,1,CrCl3(THF)3,1,methylcyclohexane,20,n(DMAO)/n(AlEt3) = 4:1.,500,30,,10.3969/j.issn.1001-8719.2021.05.006
,,CC(C)N(CCCP(C1=CC=CC=C1)C1=CC=CC=C1)P(C1=CC=CC=C1)C1=CC=CC=C1,3077,,,73.92,72.07,22.32,17.51,,,89.58,,100,1MPa,1,CrCl3(THF)3,1,methylcyclohexane,20,n(DMAO)/n(AlEt3) = 4:1.,500,45,,10.3969/j.issn.1001-8719.2021.05.006
,,CC(C)N(P(C1=CC=CC=C1)C1=CC=CC=C1)[Si](C)(C)P(C1=CC=CC=C1)C1=CC=CC=C1,72692,,,34.43,33.76,55.22,54.36,,,88.12,,40,5MPa,,CrCl3(THF)3,,Cyclohexane,,MMAO,466,60,,10.3969/j.issn.1001-8719.2022.05.011
,,CC(C)N(P(C1=CC=CC=C1)C1=CC=CC=C1)[Si](C)(C)P(C1=CC=CC=C1)C1=CC=CC=C1,356154,,,37.12,36.33,52.11,51.88,,,88.21,,50,5MPa,,CrCl3(THF)3,,Cyclohexane,,MMAO,466,60,,10.3969/j.issn.1001-8719.2022.05.011
,,CC(C)N(P(C1=CC=CC=C1)C1=CC=CC=C1)[Si](C)(C)P(C1=CC=CC=C1)C1=CC=CC=C1,621731,,,37.41,36.78,51.08,50.85,,,87.63,,55,5MPa,,CrCl3(THF)3,,Cyclohexane,,MMAO,466,60,,10.3969/j.issn.1001-8719.2022.05.011
,,CC(C)N(P(C1=CC=CC=C1)C1=CC=CC=C1)[Si](C)(C)P(C1=CC=CC=C1)C1=CC=CC=C1,855962,,,37.34,36.64,52.02,51.64,,,88.28,,60,5MPa,,CrCl3(THF)3,,Cyclohexane,,MMAO,466,60,,10.3969/j.issn.1001-8719.2022.05.011
,,CC(C)N(P(C1=CC=CC=C1)C1=CC=CC=C1)[Si](C)(C)P(C1=CC=CC=C1)C1=CC=CC=C1,810962,,,38.35,37.7,51.07,50.56,,,88.26,,65,5MPa,,CrCl3(THF)3,,Cyclohexane,,MMAO,466,60,,10.3969/j.issn.1001-8719.2022.05.011
,,CC(C)N(P(C1=CC=CC=C1)C1=CC=CC=C1)[Si](C)(C)P(C1=CC=CC=C1)C1=CC=CC=C1,774615,,,40.15,39.87,49.08,48.15,,,88.02,,70,5MPa,,CrCl3(THF)3,,Cyclohexane,,MMAO,466,60,,10.3969/j.issn.1001-8719.2022.05.011
,,CC(C)N(P(C1=CC=CC=C1)C1=CC=CC=C1)[Si](C)(C)P(C1=CC=CC=C1)C1=CC=CC=C1,30385,,,48.1,47.89,43.39,43.19,,,91.08,,60,1MPa,,CrCl3(THF)3,,Cyclohexane,,MMAO,466,60,,10.3969/j.issn.1001-8719.2022.05.011
,,CC(C)N(P(C1=CC=CC=C1)C1=CC=CC=C1)[Si](C)(C)P(C1=CC=CC=C1)C1=CC=CC=C1,289615,,,41.37,41.3,48.83,48.76,,,90.06,,60,4MPa,,CrCl3(THF)3,,Cyclohexane,,MMAO,466,60,,10.3969/j.issn.1001-8719.2022.05.011
,,CC(C)N(P(C1=CC=CC=C1)C1=CC=CC=C1)[Si](C)(C)P(C1=CC=CC=C1)C1=CC=CC=C1,871346,,,34.96,34.85,54.01,53.73,,,88.58,,60,5MPa,,CrCl3(THF)3,,Cyclohexane,,MMAO,466,60,,10.3969/j.issn.1001-8719.2022.05.011
1,,CSCCP(C1=CC=CC=C1)C1=CC=CC=C1,619,,,,3.17,,5.23,,,,,60,0.4MPa,4.16,CrCl3(THF)3,,toluene,20,MAO,300,30,,10.3969/j.issn.1000-8144.2017.06.007
,,CSCCP(C1=CC=CC=C1)C1=CC=CC=C1,860,,,,3.87,,11.15,,,,,60,0.6MPa,4.16,CrCl3(THF)3,,toluene,20,MAO,300,30,,10.3969/j.issn.1000-8144.2017.06.007
,,CSCCP(C1=CC=CC=C1)C1=CC=CC=C1,1250,,,,3.86,,6.72,,,,,60,0.8MPa,4.16,CrCl3(THF)3,,toluene,20,MAO,300,30,,10.3969/j.issn.1000-8144.2017.06.007
,,CSCCP(C1=CC=CC=C1)C1=CC=CC=C1,1725,,,,3.52,,3.81,,,,,60,1MPa,4.16,CrCl3(THF)3,,toluene,20,MAO,300,30,,10.3969/j.issn.1000-8144.2017.06.007
,,CSCCP(C1=CC=CC=C1)C1=CC=CC=C1,3487,,,,1.12,,2.93,,,,,60,3MPa,4.16,CrCl3(THF)3,,toluene,20,MAO,300,30,,10.3969/j.issn.1000-8144.2017.06.007
2,,COCCP(C1=CC=CC=C1)C1=CC=CC=C1,6423,,,,13.1,,12.86,,,,,80,0.8MPa,4.16,CrCl3(THF)3,,toluene,20,MAO,300,30,,10.3969/j.issn.1000-8144.2017.06.007
,,COCCP(C1=CC=CC=C1)C1=CC=CC=C1,49423,,,,9.6,,10.69,,,,,80,3MPa,4.16,CrCl3(THF)3,,toluene,20,MAO,300,30,,10.3969/j.issn.1000-8144.2017.06.007
2,,COCCP(C1=CC=CC=C1)C1=CC=CC=C1,6423,,,,13.1,,12.86,,,,,80,0.8MPa,4.16,CrCl3(THF)3,,toluene,20,MAO,300,30,,10.3969/j.issn.1000-8144.2017.06.007
,,COCCP(C1=CC=CC=C1)C1=CC=CC=C1,212,,,,3.59,,1.8,,,,,80,0.8MPa,4.16,CrCl3(THF)3,,Cyclohexane,20,MAO,300,30,,10.3969/j.issn.1000-8144.2017.06.007
3,,CN(C)CCP(C1=CC=CC=C1)C1=CC=CC=C1,8385,,,,14.82,,15.73,,,,,80,0.8MPa,4.16,CrCl3(THF)3,,toluene,20,MAO,300,30,,10.3969/j.issn.1000-8144.2017.06.007
,,CN(C)CCP(C1=CC=CC=C1)C1=CC=CC=C1,38269,,,,13.06,,15.74,,,,,80,3MPa,4.16,CrCl3(THF)3,,toluene,20,MAO,300,30,,10.3969/j.issn.1000-8144.2017.06.007
3,,CN(C)CCP(C1=CC=CC=C1)C1=CC=CC=C1,8385,,,,14.82,,15.73,,,,,80,0.8MPa,4.16,CrCl3(THF)3,,toluene,20,MAO,300,30,,10.3969/j.issn.1000-8144.2017.06.007
,,CN(C)CCP(C1=CC=CC=C1)C1=CC=CC=C1,906,,,,3.18,,5.27,,,,,80,0.8MPa,4.16,CrCl3(THF)3,,Cyclohexane,20,MAO,300,30,,10.3969/j.issn.1000-8144.2017.06.007
,,[H]/C(=C(\C1=CC=CC(/C(=C(\[H])P(C2=CC=CC=C2)C2=CC=CC=C2)P(C2=CC=CC=C2)C2=CC=CC=C2)=C1)P(C1=CC=CC=C1)C1=CC=CC=C1)P(C1=CC=CC=C1)C1=CC=CC=C1,102000,,,,17.2,,44.2,39.6,96.7,,,40,3.5MPa,3,CrCl3(THF)3,0.5,methylcyclohexane,30,MMAO-3A,600,30,3.6,10.3969/j.issn.1000-8144.2018.09.004
,,[H]/C(=C(\C1=CC=CC(/C(=C(\[H])P(C2=CC=CC=C2)C2=CC=CC=C2)P(C2=CC=CC=C2)C2=CC=CC=C2)=C1)P(C1=CC=CC=C1)C1=CC=CC=C1)P(C1=CC=CC=C1)C1=CC=CC=C1,314000,,,,44.4,,33.2,80.4,99,,,40,3.5MPa,3,Cr(AcAc)3,0.5,methylcyclohexane,30,MMAO-3A,600,30,3.3,10.3969/j.issn.1000-8144.2018.09.004
,,[H]/C(=C(\C1=CC=CC(/C(=C(\[H])P(C2=CC=CC=C2)C2=CC=CC=C2)P(C2=CC=CC=C2)C2=CC=CC=C2)=C1)P(C1=CC=CC=C1)C1=CC=CC=C1)P(C1=CC=CC=C1)C1=CC=CC=C1,64000,,,,29.3,,34.5,73,99.1,,,20,3.5MPa,3,Cr(AcAc)3,0.5,methylcyclohexane,30,MMAO-3A,600,30,24.5,10.3969/j.issn.1000-8144.2018.09.004
,,[H]/C(=C(\C1=CC=CC(/C(=C(\[H])P(C2=CC=CC=C2)C2=CC=CC=C2)P(C2=CC=CC=C2)C2=CC=CC=C2)=C1)P(C1=CC=CC=C1)C1=CC=CC=C1)P(C1=CC=CC=C1)C1=CC=CC=C1,278000,,,,42.6,,33.7,80,98.2,,,60,3.5MPa,3,Cr(AcAc)3,0.5,methylcyclohexane,30,MMAO-3A,600,30,4.5,10.3969/j.issn.1000-8144.2018.09.004
,,[H]/C(=C(\C1=CC=CC(/C(=C(\[H])P(C2=CC=CC=C2)C2=CC=CC=C2)P(C2=CC=CC=C2)C2=CC=CC=C2)=C1)P(C1=CC=CC=C1)C1=CC=CC=C1)P(C1=CC=CC=C1)C1=CC=CC=C1,328000,,,,48.3,,28.3,85.8,98.8,,,80,3.5MPa,3,Cr(AcAc)3,0.5,methylcyclohexane,30,MMAO-3A,600,30,6.8,10.3969/j.issn.1000-8144.2018.09.004
,,[H]/C(=C(\C1=CC=CC(/C(=C(\[H])P(C2=CC=CC=C2)C2=CC=CC=C2)P(C2=CC=CC=C2)C2=CC=CC=C2)=C1)P(C1=CC=CC=C1)C1=CC=CC=C1)P(C1=CC=CC=C1)C1=CC=CC=C1,281000,,,,19.1,,48.5,46.7,95.8,,,40,2.5MPa,3,Cr(AcAc)3,0.5,methylcyclohexane,30,MMAO-3A,600,30,2.6,10.3969/j.issn.1000-8144.2018.09.004
,,[H]/C(=C(\C1=CC=CC(/C(=C(\[H])P(C2=CC=CC=C2)C2=CC=CC=C2)P(C2=CC=CC=C2)C2=CC=CC=C2)=C1)P(C1=CC=CC=C1)C1=CC=CC=C1)P(C1=CC=CC=C1)C1=CC=CC=C1,573000,,,,29.3,,44,64.8,97,,,40,3.5MPa,3,Cr(AcAc)3,0.5,methylcyclohexane,30,MMAO-3A,800,30,2.3,10.3969/j.issn.1000-8144.2018.09.004
,,[H]/C(=C(\C1=CC=CC(/C(=C(\[H])P(C2=CC=CC=C2)C2=CC=CC=C2)P(C2=CC=CC=C2)C2=CC=CC=C2)=C1)P(C1=CC=CC=C1)C1=CC=CC=C1)P(C1=CC=CC=C1)C1=CC=CC=C1,597000,,,,28.7,,44,65.1,97.1,,,40,3.5MPa,3,Cr(AcAc)3,0.5,methylcyclohexane,30,MMAO-3A,1000,30,2,10.3969/j.issn.1000-8144.2018.09.004
,,[H]/C(=C(\C1=CC=CC(/C(=C(\[H])P(C2=CC=CC=C2)C2=CC=CC=C2)P(C2=CC=CC=C2)C2=CC=CC=C2)=C1)P(C1=CC=CC=C1)C1=CC=CC=C1)P(C1=CC=CC=C1)C1=CC=CC=C1,38000,,,,7.3,,43.7,23.7,92.4,,,40,3.5MPa,1,Cr(AcAc)3,0.5,methylcyclohexane,30,MMAO-3A,1200,30,31.1,10.3969/j.issn.1000-8144.2018.09.004
1,,CCN(P(C1=CC=CC=C1)C1=CC=CC=C1)P(C1=CC=CC=C1)C1=CC=CC=C1,55192,,,,7.48,,65.8,,,,3.6,50,4MPa,19.2,Cr(AcAc)3,0.5,Cyclohexane,200,MAO,292,30,,10.3969/j.issn.1001-8719.2007.04.009
,,CCN(P(C1=CC=CC=C1)C1=CC=CC=C1)P(C1=CC=CC=C1)C1=CC=CC=C1,94615,,,,8.37,,67.6,,,,1.1,50,4MPa,19.2,Cr(AcAc)3,1,Cyclohexane,200,MAO,292,30,,10.3969/j.issn.1001-8719.2007.04.009
,,CCN(P(C1=CC=CC=C1)C1=CC=CC=C1)P(C1=CC=CC=C1)C1=CC=CC=C1,107692,,,,7.77,,64.6,,,,0.5,50,4MPa,19.2,Cr(AcAc)3,1.5,Cyclohexane,200,MAO,292,30,,10.3969/j.issn.1001-8719.2007.04.009
,,CCN(P(C1=CC=CC=C1)C1=CC=CC=C1)P(C1=CC=CC=C1)C1=CC=CC=C1,52692,,,,7.28,,63.9,,,,1.7,50,4MPa,19.2,Cr(AcAc)3,2,Cyclohexane,200,MAO,292,30,,10.3969/j.issn.1001-8719.2007.04.009
,,CCN(P(C1=CC=CC=C1)C1=CC=CC=C1)P(C1=CC=CC=C1)C1=CC=CC=C1,17712,,,,7.66,,64.7,,,,4.5,50,4MPa,19.2,Cr(AcAc)3,2.5,Cyclohexane,200,MAO,292,30,,10.3969/j.issn.1001-8719.2007.04.009
2,,CC1=C(Cl)C=C(N(P(C2=CC=CC=C2)C2=CC=CC=C2)P(C2=CC=CC=C2)C2=CC=CC=C2)C=C1,8827,,,,16.4,,40.7,,,,7.8,50,4MPa,19.2,Cr(AcAc)3,0.333333333,Cyclohexane,200,MAO,292,30,,10.3969/j.issn.1001-8719.2007.04.009
,,CC1=C(Cl)C=C(N(P(C2=CC=CC=C2)C2=CC=CC=C2)P(C2=CC=CC=C2)C2=CC=CC=C2)C=C1,33077,,,,11.6,,59.8,,,,6.1,50,4MPa,19.2,Cr(AcAc)3,0.5,Cyclohexane,200,MAO,292,30,,10.3969/j.issn.1001-8719.2007.04.009
,,CC1=C(Cl)C=C(N(P(C2=CC=CC=C2)C2=CC=CC=C2)P(C2=CC=CC=C2)C2=CC=CC=C2)C=C1,35192,,,,12,,63.4,,,,4.9,50,4MPa,19.2,Cr(AcAc)3,1,Cyclohexane,200,MAO,292,30,,10.3969/j.issn.1001-8719.2007.04.009
,,CC1=C(Cl)C=C(N(P(C2=CC=CC=C2)C2=CC=CC=C2)P(C2=CC=CC=C2)C2=CC=CC=C2)C=C1,56538,,,,10.1,,68.6,,,,5.6,50,4MPa,19.2,Cr(AcAc)3,1.5,Cyclohexane,200,MAO,292,30,,10.3969/j.issn.1001-8719.2007.04.009
,,CC1=C(Cl)C=C(N(P(C2=CC=CC=C2)C2=CC=CC=C2)P(C2=CC=CC=C2)C2=CC=CC=C2)C=C1,45192,,,,9.21,,64.7,,,,7.5,50,4MPa,19.2,Cr(AcAc)3,2,Cyclohexane,200,MAO,292,30,,10.3969/j.issn.1001-8719.2007.04.009
3,,C1=CC=C(P(C2=CC=CC=C2)N(C2=CC=CC3=C2C=CC=C3)P(C2=CC=CC=C2)C2=CC=CC=C2)C=C1,25000,,,,17.2,,62.8,,,,8,50,4MPa,19.2,Cr(AcAc)3,0.5,Cyclohexane,200,MAO,292,30,,10.3969/j.issn.1001-8719.2007.04.009
,,C1=CC=C(P(C2=CC=CC=C2)N(C2=CC=CC3=C2C=CC=C3)P(C2=CC=CC=C2)C2=CC=CC=C2)C=C1,49808,,,,17.8,,63.2,,,,3.6,50,4MPa,19.2,Cr(AcAc)3,1,Cyclohexane,200,MAO,292,30,,10.3969/j.issn.1001-8719.2007.04.009
,,C1=CC=C(P(C2=CC=CC=C2)N(C2=CC=CC3=C2C=CC=C3)P(C2=CC=CC=C2)C2=CC=CC=C2)C=C1,52500,,,,18.4,,63.5,,,,2.9,50,4MPa,19.2,Cr(AcAc)3,1.5,Cyclohexane,200,MAO,292,30,,10.3969/j.issn.1001-8719.2007.04.009
,,C1=CC=C(P(C2=CC=CC=C2)N(C2=CC=CC3=C2C=CC=C3)P(C2=CC=CC=C2)C2=CC=CC=C2)C=C1,29231,,,,17.9,,64.1,,,,5.7,50,4MPa,19.2,Cr(AcAc)3,2,Cyclohexane,200,MAO,292,30,,10.3969/j.issn.1001-8719.2007.04.009
,,C1=CC=C(P(C2=CC=CC=C2)N(C2=CC=CC3=C2C=CC=C3)P(C2=CC=CC=C2)C2=CC=CC=C2)C=C1,11942,,,,17,,64.3,,,,16.8,50,4MPa,19.2,Cr(AcAc)3,2.5,Cyclohexane,200,MAO,292,30,,10.3969/j.issn.1001-8719.2007.04.009
,,C1=CC=C(P(C2=CC=CC=C2)[N@]2CC[N@@](P(C3=CC=CC=C3)C3=CC=CC=C3)CC2)C=C1,17692,,,,22.67,,19.24,,,,,40,2MPa,180,CrCl3(THF)3,1,toluene,,MAO,600,30,,CNKI:SUN:SYHG.0.2015-02-015
,,C1=CC=C(P(C2=CC=CC=C2)[N@]2CC[N@@](P(C3=CC=CC=C3)C3=CC=CC=C3)CC2)C=C1,24038,,,,22.57,,20.33,,,,,50,2MPa,180,CrCl3(THF)3,1,toluene,,MAO,600,30,,CNKI:SUN:SYHG.0.2015-02-015
,,C1=CC=C(P(C2=CC=CC=C2)[N@]2CC[N@@](P(C3=CC=CC=C3)C3=CC=CC=C3)CC2)C=C1,30385,,,,18.64,,18.83,,,,,60,2MPa,180,CrCl3(THF)3,1,toluene,,MAO,600,30,,CNKI:SUN:SYHG.0.2015-02-015
,,C1=CC=C(P(C2=CC=CC=C2)[N@]2CC[N@@](P(C3=CC=CC=C3)C3=CC=CC=C3)CC2)C=C1,35769,,,,18.91,,17.9,,,,,70,2MPa,180,CrCl3(THF)3,1,toluene,,MAO,600,30,,CNKI:SUN:SYHG.0.2015-02-015
,,C1=CC=C(P(C2=CC=CC=C2)[N@]2CC[N@@](P(C3=CC=CC=C3)C3=CC=CC=C3)CC2)C=C1,40192,,,,18.44,,18.36,,,,,80,2MPa,180,CrCl3(THF)3,1,toluene,,MAO,600,30,,CNKI:SUN:SYHG.0.2015-02-015
,,C1=CC=C(P(C2=CC=CC=C2)[N@]2CC[N@@](P(C3=CC=CC=C3)C3=CC=CC=C3)CC2)C=C1,36345,,,,20.12,,19.21,,,,,90,2MPa,180,CrCl3(THF)3,1,toluene,,MAO,600,30,,CNKI:SUN:SYHG.0.2015-02-015
,,C1=CC=C(P(C2=CC=CC=C2)[N@]2CC[N@@](P(C3=CC=CC=C3)C3=CC=CC=C3)CC2)C=C1,21154,,,,16.05,,15.95,,,,,80,1MPa,180,CrCl3(THF)3,1,toluene,,MAO,600,30,,CNKI:SUN:SYHG.0.2015-02-015
,,C1=CC=C(P(C2=CC=CC=C2)[N@]2CC[N@@](P(C3=CC=CC=C3)C3=CC=CC=C3)CC2)C=C1,40192,,,,18.44,,18.36,,,,,80,2MPa,180,CrCl3(THF)3,1,toluene,,MAO,600,30,,CNKI:SUN:SYHG.0.2015-02-015
,,C1=CC=C(P(C2=CC=CC=C2)[N@]2CC[N@@](P(C3=CC=CC=C3)C3=CC=CC=C3)CC2)C=C1,44808,,,,18.69,,18.34,,,,,80,3MPa,180,CrCl3(THF)3,1,toluene,,MAO,600,30,,CNKI:SUN:SYHG.0.2015-02-015
,,C1=CC=C(P(C2=CC=CC=C2)[N@]2CC[N@@](P(C3=CC=CC=C3)C3=CC=CC=C3)CC2)C=C1,71538,,,,19.41,,18.62,,,,,80,4MPa,180,CrCl3(THF)3,1,toluene,,MAO,600,30,,CNKI:SUN:SYHG.0.2015-02-015
,,C1=CC=C(P(C2=CC=CC=C2)[N@]2CC[N@@](P(C3=CC=CC=C3)C3=CC=CC=C3)CC2)C=C1,19038,,,,13.32,,13.39,,,,,80,4MPa,180,CrCl3(THF)3,1,toluene,,MAO,300,30,,CNKI:SUN:SYHG.0.2015-02-015
,,C1=CC=C(P(C2=CC=CC=C2)[N@]2CC[N@@](P(C3=CC=CC=C3)C3=CC=CC=C3)CC2)C=C1,22308,,,,14.71,,14.82,,,,,80,4MPa,180,CrCl3(THF)3,1,toluene,,MAO,400,30,,CNKI:SUN:SYHG.0.2015-02-015
,,C1=CC=C(P(C2=CC=CC=C2)[N@]2CC[N@@](P(C3=CC=CC=C3)C3=CC=CC=C3)CC2)C=C1,43077,,,,14.07,,15.39,,,,,80,4MPa,180,CrCl3(THF)3,1,toluene,,MAO,500,30,,CNKI:SUN:SYHG.0.2015-02-015
,,C1=CC=C(P(C2=CC=CC=C2)[N@]2CC[N@@](P(C3=CC=CC=C3)C3=CC=CC=C3)CC2)C=C1,71538,,,,19.41,,18.62,,,,,80,4MPa,180,CrCl3(THF)3,1,toluene,,MAO,600,30,,CNKI:SUN:SYHG.0.2015-02-015
,,C1=CC=C(P(C2=CC=CC=C2)[N@]2CC[N@@](P(C3=CC=CC=C3)C3=CC=CC=C3)CC2)C=C1,47115,,,,17.79,,16.63,,,,,80,4MPa,180,CrCl3(THF)3,1,toluene,,MAO,800,30,,CNKI:SUN:SYHG.0.2015-02-015
,,C1=CC=C(P(C2=CC=CC=C2)[N@]2CC[N@@](P(C3=CC=CC=C3)C3=CC=CC=C3)CC2)C=C1,30962,,,,17.33,,16,,,,,80,4MPa,180,CrCl3(THF)3,1,toluene,,MAO,1000,30,,CNKI:SUN:SYHG.0.2015-02-015
,,C1=CC=C(P(NC2=NC=CC=C2)C2=CC=CC=C2)C=C1,53.85,,,,29.41,,52.94,,,,,40,0.8MPa,416,CrCl3(THF)3,1,toluene,,MAO,300,30,,10.13364/j.issn.1672-6510.20150155
,,C1=CC=C(P(NC2=NC=CC=C2)C2=CC=CC=C2)C=C1,175,,,,37.35,,39.66,,,,,60,0.8MPa,416,CrCl3(THF)3,1,toluene,,MAO,300,30,,10.13364/j.issn.1672-6510.20150155
,,C1=CC=C(P(NC2=NC=CC=C2)C2=CC=CC=C2)C=C1,7519.23,,,,17.7,,18.65,,,,,80,0.8MPa,416,CrCl3(THF)3,1,toluene,,MAO,300,30,,10.13364/j.issn.1672-6510.20150155
,,C1=CC=C(P(NC2=NC=CC=C2)C2=CC=CC=C2)C=C1,8019.23,,,,16.47,,18.7,,,,,100,0.8MPa,416,CrCl3(THF)3,1,toluene,,MAO,300,30,,10.13364/j.issn.1672-6510.20150155
,,C1=CC=C(P(NC2=NC=CC=C2)C2=CC=CC=C2)C=C1,1461.54,,,,22.75,,20.73,,,,,80,0.4MPa,416,CrCl3(THF)3,1,toluene,,MAO,300,30,,10.13364/j.issn.1672-6510.20150155
,,C1=CC=C(P(NC2=NC=CC=C2)C2=CC=CC=C2)C=C1,3384.62,,,,20.42,,19.49,,,,,80,0.6MPa,416,CrCl3(THF)3,1,toluene,,MAO,300,30,,10.13364/j.issn.1672-6510.20150155
,,C1=CC=C(P(NC2=NC=CC=C2)C2=CC=CC=C2)C=C1,7153.85,,,,17.7,,18.65,,,,,80,0.8MPa,416,CrCl3(THF)3,1,toluene,,MAO,300,30,,10.13364/j.issn.1672-6510.20150155
,,C1=CC=C(P(NC2=NC=CC=C2)C2=CC=CC=C2)C=C1,8557.69,,,,15.24,,16.71,,,,,80,1MPa,416,CrCl3(THF)3,1,toluene,,MAO,300,30,,10.13364/j.issn.1672-6510.20150155
,,C1=CC=C(P(NC2=NC=CC=C2)C2=CC=CC=C2)C=C1,1.93,,,,14.82,,81.48,,,,,80,0.8MPa,416,CrCl3(THF)3,1,toluene,,MAO,100,30,,10.13364/j.issn.1672-6510.20150155
,,C1=CC=C(P(NC2=NC=CC=C2)C2=CC=CC=C2)C=C1,3846.15,,,,15.21,,18.13,,,,,80,0.8MPa,416,CrCl3(THF)3,1,toluene,,MAO,200,30,,10.13364/j.issn.1672-6510.20150155
,,C1=CC=C(P(NC2=NC=CC=C2)C2=CC=CC=C2)C=C1,7153.85,,,,17.7,,18.65,,,,,80,0.8MPa,416,CrCl3(THF)3,1,toluene,,MAO,300,30,,10.13364/j.issn.1672-6510.20150155
,,C1=CC=C(P(NC2=NC=CC=C2)C2=CC=CC=C2)C=C1,7711.54,,,,18.68,,17.94,,,,,80,0.8MPa,416,CrCl3(THF)3,1,toluene,,MAO,400,30,,10.13364/j.issn.1672-6510.20150155
,,C1=CC=C(P(NC2=NC=CC=C2)C2=CC=CC=C2)C=C1,9211.54,,,,17.48,,17.47,,,,,80,0.8MPa,416,CrCl3(THF)3,1,toluene,,MAO,500,30,,10.13364/j.issn.1672-6510.20150155
,,C1=CC=C(P(NC2=NC=CC=C2)C2=CC=CC=C2)C=C1,48.08,,,,66.67,,21.57,,,,,60,0.8MPa,416,CrCl3(THF)3,1,Cyclohexane,,MAO,300,30,,10.13364/j.issn.1672-6510.20150155
,,C1=CC=C(P(NC2=NC=CC=C2)C2=CC=CC=C2)C=C1,53.85,,,,49.15,,35.6,,,,,80,0.8MPa,416,CrCl3(THF)3,1,Cyclohexane,,MAO,300,30,,10.13364/j.issn.1672-6510.20150155
1,,C1=CNC=C1,46923,,,,18.76,,17.76,,,,,70,2MPa,175,CrCl3(THF)3,,toluene,,MAO,400,30,1.49,10.3969/j.issn.1001-8719.2015.01.008
1,,C1=CNC=C1,31346,,,,19.45,,18.27,,,,,70,2MPa,175,CrCl3(THF)3,,toluene,,MAO,400,30,3.7,10.3969/j.issn.1001-8719.2015.01.008
,,C1=CNC=C1,64231,,,,18.61,,17.69,,,,,70,2MPa,175,CrCl3(THF)3,,toluene,,MAO,300,30,1.19,10.3969/j.issn.1001-8719.2015.01.008
,,C1=CNC=C1,80577,,,,22.53,,19.56,,,,,70,2MPa,175,CrCl3(THF)3,,toluene,,MAO,400,30,0.92,10.3969/j.issn.1001-8719.2015.01.008
,,C1=CNC=C1,90769,,,,18.14,,18.11,,,,,70,2MPa,175,CrCl3(THF)3,,toluene,,MAO,500,30,0.46,10.3969/j.issn.1001-8719.2015.01.008
,,C1=CNC=C1,61731,,,,19.99,,18.1,,,,,70,2MPa,175,CrCl3(THF)3,,toluene,,MAO,600,30,0.44,10.3969/j.issn.1001-8719.2015.01.008
,,C1=CNC=C1,1154,,,,3.83,,3.26,,,,,70,2MPa,175,CrCl3(THF)3,,Cyclohexane,,MAO,400,30,72.41,10.3969/j.issn.1001-8719.2015.01.008
,,C1=CNC=C1,7115,,,,6.58,,5.93,,,,,70,2MPa,175,CrCl3(THF)3,,methylcyclohexane,,MAO,400,30,57.32,10.3969/j.issn.1001-8719.2015.01.008
,,C1=CNC=C1,47500,,,,15.31,,14.19,,,,,30,2MPa,175,CrCl3(THF)3,,toluene,,MAO,400,30,22.53,10.3969/j.issn.1001-8719.2015.01.008
,,C1=CNC=C1,72115,,,,13.63,,12.99,,,,,50,2MPa,175,CrCl3(THF)3,,toluene,,MAO,400,30,18.16,10.3969/j.issn.1001-8719.2015.01.008
,,C1=CNC=C1,80577,,,,22.53,,19.56,,,,,70,2MPa,175,CrCl3(THF)3,,toluene,,MAO,400,30,0.92,10.3969/j.issn.1001-8719.2015.01.008
,,C1=CNC=C1,35192,,,,13.99,,14.08,,,,,90,2MPa,175,CrCl3(THF)3,,toluene,,MAO,400,30,6.58,10.3969/j.issn.1001-8719.2015.01.008
,,C1=CNC=C1,42885,,,,17.98,,17.57,,,,,70,1MPa,175,CrCl3(THF)3,,toluene,,MAO,400,30,0.38,10.3969/j.issn.1001-8719.2015.01.008
,,C1=CNC=C1,80577,,,,22.53,,19.56,,,,,70,2MPa,175,CrCl3(THF)3,,toluene,,MAO,400,30,0.92,10.3969/j.issn.1001-8719.2015.01.008
,,C1=CNC=C1,85000,,,,16.85,,15.72,,,,,70,3MPa,175,CrCl3(THF)3,,toluene,,MAO,400,30,2.23,10.3969/j.issn.1001-8719.2015.01.008
2,,CC1=CC(C)=NN1,80577,,,,22.53,,19.56,,,,,70,2MPa,175,CrCl3(THF)3,,toluene,,MAO,400,30,0.92,10.3969/j.issn.1001-8719.2015.01.008
,,C1=CC=C(P(C2=CC=CC=C2)N(C2CC(N(P(C3=CC=CC=C3)C3=CC=CC=C3)P(C3=CC=CC=C3)C3=CC=CC=C3)CC(N(P(C3=CC=CC=C3)C3=CC=CC=C3)P(C3=CC=CC=C3)C3=CC=CC=C3)C2)P(C2=CC=CC=C2)C2=CC=CC=C2)C=C1,22885,,,,24.21,,61.8,,,86.01,,30,2MPa,,Cr(AcAc)3,,Cyclohexane,,MAO,900,30,0.91,10.3969/j.issn.1001-8719.2015.01.008
,,C1=CC=C(P(C2=CC=CC=C2)N(C2CC(N(P(C3=CC=CC=C3)C3=CC=CC=C3)P(C3=CC=CC=C3)C3=CC=CC=C3)CC(N(P(C3=CC=CC=C3)C3=CC=CC=C3)P(C3=CC=CC=C3)C3=CC=CC=C3)C2)P(C2=CC=CC=C2)C2=CC=CC=C2)C=C1,47308,,,,32.47,,52.7,,,85.17,,40,2MPa,,Cr(AcAc)3,,Cyclohexane,,MAO,900,30,4.83,10.3969/j.issn.1001-8719.2015.01.008
,,C1=CC=C(P(C2=CC=CC=C2)N(C2CC(N(P(C3=CC=CC=C3)C3=CC=CC=C3)P(C3=CC=CC=C3)C3=CC=CC=C3)CC(N(P(C3=CC=CC=C3)C3=CC=CC=C3)P(C3=CC=CC=C3)C3=CC=CC=C3)C2)P(C2=CC=CC=C2)C2=CC=CC=C2)C=C1,32692,,,,33.24,,50.7,,,83.94,,50,2MPa,,Cr(AcAc)3,,Cyclohexane,,MAO,900,30,6.79,10.3969/j.issn.1001-8719.2015.01.008
,,C1=CC=C(P(C2=CC=CC=C2)N(C2CC(N(P(C3=CC=CC=C3)C3=CC=CC=C3)P(C3=CC=CC=C3)C3=CC=CC=C3)CC(N(P(C3=CC=CC=C3)C3=CC=CC=C3)P(C3=CC=CC=C3)C3=CC=CC=C3)C2)P(C2=CC=CC=C2)C2=CC=CC=C2)C=C1,31731,,,,35.38,,46.4,,,81.78,,60,2MPa,,Cr(AcAc)3,,Cyclohexane,,MAO,900,30,6.54,10.3969/j.issn.1001-8719.2015.01.008
,,C1=CC=C(P(C2=CC=CC=C2)N(C2CC(N(P(C3=CC=CC=C3)C3=CC=CC=C3)P(C3=CC=CC=C3)C3=CC=CC=C3)CC(N(P(C3=CC=CC=C3)C3=CC=CC=C3)P(C3=CC=CC=C3)C3=CC=CC=C3)C2)P(C2=CC=CC=C2)C2=CC=CC=C2)C=C1,21154,,,,37.9,,40.7,,,78.6,,70,2MPa,,Cr(AcAc)3,,Cyclohexane,,MAO,900,30,6.19,10.3969/j.issn.1001-8719.2015.01.008
,,C1=CC=C(P(C2=CC=CC=C2)N(C2CC(N(P(C3=CC=CC=C3)C3=CC=CC=C3)P(C3=CC=CC=C3)C3=CC=CC=C3)CC(N(P(C3=CC=CC=C3)C3=CC=CC=C3)P(C3=CC=CC=C3)C3=CC=CC=C3)C2)P(C2=CC=CC=C2)C2=CC=CC=C2)C=C1,38077,,,,31.22,,53.81,,,85.03,,40,2MPa,,Cr(AcAc)3,,Cyclohexane,,MAO,100,30,3.28,10.3969/j.issn.1001-8719.2015.01.008
,,C1=CC=C(P(C2=CC=CC=C2)N(C2CC(N(P(C3=CC=CC=C3)C3=CC=CC=C3)P(C3=CC=CC=C3)C3=CC=CC=C3)CC(N(P(C3=CC=CC=C3)C3=CC=CC=C3)P(C3=CC=CC=C3)C3=CC=CC=C3)C2)P(C2=CC=CC=C2)C2=CC=CC=C2)C=C1,44231,,,,30.53,,54.02,,,84.55,,40,2MPa,,Cr(AcAc)3,,Cyclohexane,,MAO,200,30,3.5,10.3969/j.issn.1001-8719.2015.01.008
,,C1=CC=C(P(C2=CC=CC=C2)N(C2CC(N(P(C3=CC=CC=C3)C3=CC=CC=C3)P(C3=CC=CC=C3)C3=CC=CC=C3)CC(N(P(C3=CC=CC=C3)C3=CC=CC=C3)P(C3=CC=CC=C3)C3=CC=CC=C3)C2)P(C2=CC=CC=C2)C2=CC=CC=C2)C=C1,47308,,,,32.47,,52.7,,,85.17,,40,2MPa,,Cr(AcAc)3,,Cyclohexane,,MAO,300,30,4.83,10.3969/j.issn.1001-8719.2015.01.008
,,C1=CC=C(P(C2=CC=CC=C2)N(C2CC(N(P(C3=CC=CC=C3)C3=CC=CC=C3)P(C3=CC=CC=C3)C3=CC=CC=C3)CC(N(P(C3=CC=CC=C3)C3=CC=CC=C3)P(C3=CC=CC=C3)C3=CC=CC=C3)C2)P(C2=CC=CC=C2)C2=CC=CC=C2)C=C1,34423,,,,29.87,,55.9,,,85.77,,40,2MPa,,Cr(AcAc)3,,Cyclohexane,,MAO,400,30,4.36,10.3969/j.issn.1001-8719.2015.01.008
,,C1=CC=C(P(C2=CC=CC=C2)N(C2CC(N(P(C3=CC=CC=C3)C3=CC=CC=C3)P(C3=CC=CC=C3)C3=CC=CC=C3)CC(N(P(C3=CC=CC=C3)C3=CC=CC=C3)P(C3=CC=CC=C3)C3=CC=CC=C3)C2)P(C2=CC=CC=C2)C2=CC=CC=C2)C=C1,36154,,,,26.8,,57.2,,,84,,40,2MPa,,Cr(AcAc)3,,Cyclohexane,,MAO,500,30,4.8,10.3969/j.issn.1001-8719.2015.01.008
,,C1=CC=C(P(C2=CC=CC=C2)N(C2CC(N(P(C3=CC=CC=C3)C3=CC=CC=C3)P(C3=CC=CC=C3)C3=CC=CC=C3)CC(N(P(C3=CC=CC=C3)C3=CC=CC=C3)P(C3=CC=CC=C3)C3=CC=CC=C3)C2)P(C2=CC=CC=C2)C2=CC=CC=C2)C=C1,92115,,,,26.94,,57.7,,,84.64,,40,3MPa,,Cr(AcAc)3,,Cyclohexane,,MAO,900,30,5,10.3969/j.issn.1001-8719.2015.01.008
,,C1=CC=C(P(C2=CC=CC=C2)N(C2CC(N(P(C3=CC=CC=C3)C3=CC=CC=C3)P(C3=CC=CC=C3)C3=CC=CC=C3)CC(N(P(C3=CC=CC=C3)C3=CC=CC=C3)P(C3=CC=CC=C3)C3=CC=CC=C3)C2)P(C2=CC=CC=C2)C2=CC=CC=C2)C=C1,181731,,,,24.99,,58.8,,,83.79,,40,4MPa,,Cr(AcAc)3,,Cyclohexane,,MAO,900,30,5.29,10.3969/j.issn.1001-8719.2015.01.008
1,,CCP(C1=CC=CC=C1)N(C1CCCC1)P(C1=CC=CC=C1)C1=CC=CC=C1,5557.59,,,83.16,82.49,0,0,,,82.49,,15,1MPa,2.4,CrCl3(THF)3,1,methylcyclohexane,,MMAO,500,30,,10.13364/j.issn.1672-6510.20230002
,,CCP(C1=CC=CC=C1)N(C1CCCC1)P(C1=CC=CC=C1)C1=CC=CC=C1,6365.39,,,63.85,63.49,23.18,21.44,,,84.93,,30,1MPa,2.4,CrCl3(THF)3,1,methylcyclohexane,,MMAO,500,30,,10.13364/j.issn.1672-6510.20230002
,,CCP(C1=CC=CC=C1)N(C1CCCC1)P(C1=CC=CC=C1)C1=CC=CC=C1,5307.69,,,66.17,65.46,17.44,16.16,,,81.62,,50,1MPa,2.4,CrCl3(THF)3,1,methylcyclohexane,,MMAO,500,30,,10.13364/j.issn.1672-6510.20230002
,,CCP(C1=CC=CC=C1)N(C1CCCC1)P(C1=CC=CC=C1)C1=CC=CC=C1,3692.31,,,81.92,80.92,0,0,,,80.92,,70,1MPa,2.4,CrCl3(THF)3,1,methylcyclohexane,,MMAO,500,30,,10.13364/j.issn.1672-6510.20230002
,,CCP(C1=CC=CC=C1)N(C1CCCC1)P(C1=CC=CC=C1)C1=CC=CC=C1,3538.46,,,80.85,79.86,0,0,,,79.86,,90,1MPa,2.4,CrCl3(THF)3,1,methylcyclohexane,,MMAO,500,30,,10.13364/j.issn.1672-6510.20230002
1,,CCP(C1=CC=CC=C1)N(C1CCCC1)P(C1=CC=CC=C1)C1=CC=CC=C1,1615.38,,,67.57,66.34,17.57,16.46,,,82.8,,50,1MPa,2.4,CrCl3(THF)3,1,methylcyclohexane,,MMAO,100,30,,10.13364/j.issn.1672-6510.20230002
,,CCP(C1=CC=CC=C1)N(C1CCCC1)P(C1=CC=CC=C1)C1=CC=CC=C1,2730.77,,,66.84,65.26,17.48,16.21,,,81.47,,50,1MPa,2.4,CrCl3(THF)3,1,methylcyclohexane,,MMAO,300,30,,10.13364/j.issn.1672-6510.20230002
,,CCP(C1=CC=CC=C1)N(C1CCCC1)P(C1=CC=CC=C1)C1=CC=CC=C1,5307.69,,,66.17,65.46,17.44,16.16,,,81.62,,50,1MPa,2.4,CrCl3(THF)3,1,methylcyclohexane,,MMAO,500,30,,10.13364/j.issn.1672-6510.20230002
,,CCP(C1=CC=CC=C1)N(C1CCCC1)P(C1=CC=CC=C1)C1=CC=CC=C1,3384.62,,,64.49,63.23,18.73,18.17,,,81.4,,50,1MPa,2.4,CrCl3(THF)3,1,methylcyclohexane,,MMAO,700,30,,10.13364/j.issn.1672-6510.20230002
1,,CCP(C1=CC=CC=C1)N(C1CCCC1)P(C1=CC=CC=C1)C1=CC=CC=C1,5307.69,,,66.17,65.46,17.44,16.16,,,81.62,,50,1MPa,2.4,CrCl3(THF)3,1,methylcyclohexane,,MMAO,500,30,,10.13364/j.issn.1672-6510.20230002
,,CCP(C1=CC=CC=C1)N(C1CCCC1)P(C1=CC=CC=C1)C1=CC=CC=C1,5615.38,,,60.72,59.78,22.51,21.18,,,80.96,,50,3MPa,2.4,CrCl3(THF)3,1,methylcyclohexane,,MMAO,500,30,,10.13364/j.issn.1672-6510.20230002
,,CCP(C1=CC=CC=C1)N(C1CCCC1)P(C1=CC=CC=C1)C1=CC=CC=C1,7903.85,,,49.81,48.52,33.04,32.28,,,80.8,,50,4MPa,2.4,CrCl3(THF)3,1,methylcyclohexane,,MMAO,500,30,,10.13364/j.issn.1672-6510.20230002
2,,CCP(C1=CC=CC=C1)N(C1CCCC1)P(C1=CC=CC=C1)C1=CC=CC=C1,1173.08,,,71.02,69.64,0,0,,,69.64,,15,1MPa,2.4,CrCl3(THF)3,1,methylcyclohexane,,MMAO,500,30,,10.13364/j.issn.1672-6510.20230002
,,CCP(C1=CC=CC=C1)N(C1CCCC1)P(C1=CC=CC=C1)C1=CC=CC=C1,2480.77,,,82.54,81.97,0,0,,,81.97,,30,1MPa,2.4,CrCl3(THF)3,1,methylcyclohexane,,MMAO,500,30,,10.13364/j.issn.1672-6510.20230002
,,CCP(C1=CC=CC=C1)N(C1CCCC1)P(C1=CC=CC=C1)C1=CC=CC=C1,3000,,,87.52,86.8,0,0,,,86.8,,50,1MPa,2.4,CrCl3(THF)3,1,methylcyclohexane,,MMAO,500,30,,10.13364/j.issn.1672-6510.20230002
,,CCP(C1=CC=CC=C1)N(C1CCCC1)P(C1=CC=CC=C1)C1=CC=CC=C1,2096.15,,,80.43,78.81,0,0,,,78.81,,70,1MPa,2.4,CrCl3(THF)3,1,methylcyclohexane,,MMAO,500,30,,10.13364/j.issn.1672-6510.20230002
,,CCP(C1=CC=CC=C1)N(C1CCCC1)P(C1=CC=CC=C1)C1=CC=CC=C1,1807.69,,,77.56,75.83,0,0,,,75.83,,90,1MPa,2.4,CrCl3(THF)3,1,methylcyclohexane,,MMAO,500,30,,10.13364/j.issn.1672-6510.20230002
2,,CCP(C1=CC=CC=C1)N(C1CCCC1)P(C1=CC=CC=C1)C1=CC=CC=C1,903.85,,,88.25,87.24,0,0,,,87.24,,50,1MPa,2.4,CrCl3(THF)3,1,methylcyclohexane,,MMAO,100,30,,10.13364/j.issn.1672-6510.20230002
,,CCP(C1=CC=CC=C1)N(C1CCCC1)P(C1=CC=CC=C1)C1=CC=CC=C1,1711.54,,,87.83,86.74,0,0,,,86.74,,50,1MPa,2.4,CrCl3(THF)3,1,methylcyclohexane,,MMAO,300,30,,10.13364/j.issn.1672-6510.20230002
,,CCP(C1=CC=CC=C1)N(C1CCCC1)P(C1=CC=CC=C1)C1=CC=CC=C1,3000,,,87.52,86.8,0,0,,,86.8,,50,1MPa,2.4,CrCl3(THF)3,1,methylcyclohexane,,MMAO,500,30,,10.13364/j.issn.1672-6510.20230002
,,CCP(C1=CC=CC=C1)N(C1CCCC1)P(C1=CC=CC=C1)C1=CC=CC=C1,2615.38,,,85.93,85.05,0,0,,,85.05,,50,1MPa,2.4,CrCl3(THF)3,1,methylcyclohexane,,MMAO,700,30,,10.13364/j.issn.1672-6510.20230002
2,,CCP(C1=CC=CC=C1)N(C1CCCC1)P(C1=CC=CC=C1)C1=CC=CC=C1,3000,,,87.52,86.8,0,0,,,86.8,,50,1MPa,2.4,CrCl3(THF)3,1,methylcyclohexane,,MMAO,500,30,,10.13364/j.issn.1672-6510.20230002
,,CCP(C1=CC=CC=C1)N(C1CCCC1)P(C1=CC=CC=C1)C1=CC=CC=C1,7861.54,,,79.88,78.04,7.11,6.82,,,84.86,,50,3MPa,2.4,CrCl3(THF)3,1,methylcyclohexane,,MMAO,500,30,,10.13364/j.issn.1672-6510.20230002
,,CCP(C1=CC=CC=C1)N(C1CCCC1)P(C1=CC=CC=C1)C1=CC=CC=C1,2615.28,,,69.21,68.21,17.53,16.41,,,84.62,,50,4MPa,2.4,CrCl3(THF)3,1,methylcyclohexane,,MMAO,500,30,,10.13364/j.issn.1672-6510.20230002
3,,CC(C)P(C1=CC=CC=C1)N(C1CCCC1)P(C1=CC=CC=C1)C1=CC=CC=C1,788.46,,,45.7,45.04,0,0,,,45.04,,15,1MPa,2.4,CrCl3(THF)3,1,methylcyclohexane,,MMAO,500,30,,10.13364/j.issn.1672-6510.20230002
,,CC(C)P(C1=CC=CC=C1)N(C1CCCC1)P(C1=CC=CC=C1)C1=CC=CC=C1,865.38,,,56.43,55.74,0,0,,,55.74,,30,1MPa,2.4,CrCl3(THF)3,1,methylcyclohexane,,MMAO,500,30,,10.13364/j.issn.1672-6510.20230002
,,CC(C)P(C1=CC=CC=C1)N(C1CCCC1)P(C1=CC=CC=C1)C1=CC=CC=C1,3250,,,86.73,86.13,0,0,,,86.13,,50,1MPa,2.4,CrCl3(THF)3,1,methylcyclohexane,,MMAO,500,30,,10.13364/j.issn.1672-6510.20230002
,,CC(C)P(C1=CC=CC=C1)N(C1CCCC1)P(C1=CC=CC=C1)C1=CC=CC=C1,1115.38,,,59.65,59.02,0,0,,,59.02,,70,1MPa,2.4,CrCl3(THF)3,1,methylcyclohexane,,MMAO,500,30,,10.13364/j.issn.1672-6510.20230002
,,CC(C)P(C1=CC=CC=C1)N(C1CCCC1)P(C1=CC=CC=C1)C1=CC=CC=C1,903.85,,,54.67,53.55,0,0,,,53.55,,90,1MPa,2.4,CrCl3(THF)3,1,methylcyclohexane,,MMAO,500,30,,10.13364/j.issn.1672-6510.20230002
3,,CC(C)P(C1=CC=CC=C1)N(C1CCCC1)P(C1=CC=CC=C1)C1=CC=CC=C1,1865.38,,,88.69,88.25,0,0,,,88.25,,50,1MPa,2.4,CrCl3(THF)3,1,methylcyclohexane,,MMAO,100,30,,10.13364/j.issn.1672-6510.20230002
,,CC(C)P(C1=CC=CC=C1)N(C1CCCC1)P(C1=CC=CC=C1)C1=CC=CC=C1,2576.92,,,87.96,86.81,0,0,,,86.81,,50,1MPa,2.4,CrCl3(THF)3,1,methylcyclohexane,,MMAO,300,30,,10.13364/j.issn.1672-6510.20230002
,,CC(C)P(C1=CC=CC=C1)N(C1CCCC1)P(C1=CC=CC=C1)C1=CC=CC=C1,3250,,,86.73,86.13,0,0,,,86.13,,50,1MPa,2.4,CrCl3(THF)3,1,methylcyclohexane,,MMAO,500,30,,10.13364/j.issn.1672-6510.20230002
,,CC(C)P(C1=CC=CC=C1)N(C1CCCC1)P(C1=CC=CC=C1)C1=CC=CC=C1,2403.85,,,85.56,84.23,0,0,,,84.23,,50,1MPa,2.4,CrCl3(THF)3,1,methylcyclohexane,,MMAO,700,30,,10.13364/j.issn.1672-6510.20230002
3,,CC(C)P(C1=CC=CC=C1)N(C1CCCC1)P(C1=CC=CC=C1)C1=CC=CC=C1,3250,,,86.73,86.13,0,0,,,86.13,,50,1MPa,2.4,CrCl3(THF)3,1,methylcyclohexane,,MMAO,500,30,,10.13364/j.issn.1672-6510.20230002
,,CC(C)P(C1=CC=CC=C1)N(C1CCCC1)P(C1=CC=CC=C1)C1=CC=CC=C1,3653.85,,,76.05,75.58,10.39,9.87,,,85.45,,50,3MPa,2.4,CrCl3(THF)3,1,methylcyclohexane,,MMAO,500,30,,10.13364/j.issn.1672-6510.20230002
,,CC(C)P(C1=CC=CC=C1)N(C1CCCC1)P(C1=CC=CC=C1)C1=CC=CC=C1,7730.77,,,67.07,66.75,19.05,18.51,,,85.26,,50,4MPa,2.4,CrCl3(THF)3,1,methylcyclohexane,,MMAO,500,30,,10.13364/j.issn.1672-6510.20230002
